applicant_id,age,monthly_income,credit_limit,existing_debt,employment_years,num_existing_loans,pay_1,pay_2,pay_3,pay_4,pay_5,pay_6,pay_7,pay_8,pay_9,pay_10,pay_11,pay_12
B00001,36,48312.0,244732.0,57765.0,2.5,1,4,2,2,1,-1,2,4,4,3,1,4,2
B00002,53,53965.0,121042.0,27337.0,1.7,1,0,0,0,-1,0,0,0,-1,0,1,0,0
B00003,39,32656.0,167987.0,94629.0,4.8,1,0,0,-1,0,-1,-1,0,0,0,0,2,0
B00004,33,83688.0,280514.0,166605.0,12.5,0,-1,-1,-1,0,-1,-1,0,-1,3,4,0,-1
B00005,55,34055.0,162705.0,36418.0,6.5,3,0,-1,-1,0,0,-1,-1,-1,0,0,-1,3
B00006,52,50395.0,165038.0,21171.0,7.9,3,0,-1,-1,-1,0,0,-1,0,-1,-1,0,-1
B00007,21,29382.0,63756.0,31575.0,3.2,2,-1,0,-1,-1,0,0,1,-1,-1,-1,-1,-1
B00008,26,42750.0,192435.0,90349.0,4.2,2,-1,3,2,0,-1,0,0,-1,0,0,0,2
B00009,69,22205.0,85651.0,52291.0,7.2,0,0,-1,0,0,-1,0,-1,0,-1,-1,-1,-1
B00010,54,90059.0,494919.0,293120.0,1.2,0,0,-1,0,0,-1,0,-1,-1,-1,0,0,-1
B00011,49,59963.0,275784.0,27676.0,2.7,3,-1,-1,0,-1,-1,-1,0,-1,0,-1,-1,0
B00012,67,59957.0,208816.0,86177.0,6.6,1,0,-1,0,-1,-1,-1,0,0,0,2,-1,2
B00013,46,45841.0,155628.0,116959.0,16.7,1,0,0,4,-1,0,0,-1,2,-1,3,3,0
B00014,25,104228.0,468884.0,67822.0,2.0,1,-1,-1,-1,-1,-1,-1,-1,0,0,-1,-1,-1
B00015,68,33975.0,107552.0,12980.0,5.6,1,3,4,1,0,1,0,4,1,0,1,-1,1
B00016,52,43132.0,165603.0,108048.0,1.9,1,-1,-1,0,-1,0,-1,2,-1,-1,0,1,0
B00017,51,16169.0,28681.0,16123.0,2.5,3,0,0,0,4,1,0,0,0,-1,3,0,-1
B00018,59,129834.0,493829.0,57612.0,6.5,4,4,0,3,2,0,-1,0,0,0,0,0,-1
B00019,52,39705.0,230691.0,86143.0,8.0,2,0,2,1,1,-1,0,2,-1,4,0,3,3
B00020,65,99918.0,249105.0,79535.0,6.2,1,-1,0,4,-1,-1,0,-1,0,-1,-1,-1,0
B00021,60,125862.0,288878.0,108148.0,0.9,2,1,0,0,4,2,2,-1,4,-1,3,-1,4
B00022,59,24516.0,80027.0,37094.0,3.4,2,0,0,-1,0,4,0,-1,2,0,-1,-1,-1
B00023,38,77834.0,220627.0,54931.0,5.9,1,-1,0,0,-1,0,1,0,0,0,0,0,-1
B00024,22,21628.0,89625.0,46456.0,5.9,3,-1,1,1,0,4,-1,4,3,1,3,-1,0
B00025,42,68213.0,146539.0,53856.0,11.3,3,0,1,-1,-1,0,0,-1,0,-1,-1,-1,-1
B00026,46,103145.0,443051.0,70860.0,0.3,1,0,0,-1,0,-1,-1,-1,-1,-1,0,0,-1
B00027,40,25110.0,145395.0,72520.0,0.2,0,-1,-1,-1,0,0,-1,-1,-1,-1,0,0,0
B00028,41,58021.0,228564.0,37295.0,3.8,3,0,2,3,3,4,2,4,-1,1,0,-1,3
B00029,28,21718.0,35767.0,19033.0,3.0,2,1,-1,2,0,1,1,-1,-1,-1,3,4,-1
B00030,69,21948.0,115112.0,10597.0,1.5,1,0,-1,3,4,4,0,0,-1,3,0,-1,2
B00031,64,40030.0,216434.0,47114.0,11.3,1,-1,0,0,-1,0,0,-1,-1,0,0,0,-1
B00032,55,22963.0,96651.0,68717.0,3.9,0,3,1,0,0,1,1,1,0,3,0,1,0
B00033,66,36998.0,110347.0,39334.0,7.9,6,-1,0,-1,-1,-1,0,-1,0,-1,0,3,-1
B00034,35,37094.0,202922.0,150776.0,6.3,0,0,-1,-1,-1,0,-1,0,4,-1,0,0,0
B00035,23,16862.0,86634.0,25756.0,12.9,2,0,0,0,1,1,-1,4,1,3,1,1,1
B00036,56,65126.0,277878.0,111174.0,4.7,2,0,-1,-1,0,-1,-1,-1,-1,4,4,0,-1
B00037,28,64460.0,137414.0,23729.0,5.5,2,4,0,0,-1,4,4,3,3,4,3,2,4
B00038,41,150751.0,704857.0,252250.0,17.2,2,1,4,1,2,4,4,3,2,0,2,-1,0
B00039,57,42376.0,101818.0,15561.0,1.3,3,0,-1,-1,-1,-1,0,-1,-1,0,0,-1,-1
B00040,42,26234.0,50184.0,10885.0,2.2,2,0,0,3,-1,0,0,0,0,0,-1,-1,-1
B00041,30,71995.0,199841.0,99454.0,13.6,2,-1,2,0,0,0,0,-1,-1,-1,2,0,0
B00042,65,51691.0,244473.0,104587.0,6.8,2,-1,0,0,-1,0,-1,0,0,0,-1,-1,-1
B00043,68,26601.0,142386.0,41704.0,8.8,4,-1,-1,0,0,-1,-1,0,-1,-1,-1,-1,-1
B00044,31,87967.0,315167.0,178099.0,5.6,4,-1,3,4,0,0,0,-1,2,4,3,4,4
B00045,42,65782.0,389880.0,75573.0,4.9,4,0,3,2,0,-1,1,1,2,1,2,3,2
B00046,46,56311.0,333796.0,167515.0,3.6,3,1,-1,-1,2,4,4,4,0,2,-1,0,2
B00047,29,27943.0,91531.0,83909.0,12.0,2,0,-1,0,-1,0,-1,0,-1,0,0,-1,-1
B00048,67,62045.0,213118.0,95947.0,2.6,0,0,0,-1,0,0,-1,0,-1,-1,0,-1,0
B00049,66,47703.0,105119.0,76746.0,10.7,0,0,0,0,-1,-1,-1,-1,0,0,-1,-1,-1
B00050,29,76189.0,256519.0,88948.0,11.2,1,-1,0,-1,2,0,4,2,2,2,0,2,-1
B00051,24,25820.0,146689.0,95670.0,11.5,2,0,1,0,2,3,3,1,1,1,-1,1,2
B00052,63,45858.0,234327.0,41507.0,12.8,1,0,-1,0,1,-1,-1,0,0,0,0,0,-1
B00053,55,51605.0,127701.0,28819.0,2.3,3,-1,4,2,3,4,2,1,-1,3,1,2,4
B00054,29,31404.0,183014.0,57600.0,4.8,5,-1,3,1,1,1,2,1,2,4,2,4,2
B00055,40,125445.0,296628.0,108538.0,1.3,0,0,0,-1,-1,-1,3,0,0,-1,0,-1,0
B00056,65,39528.0,226005.0,76561.0,2.0,1,-1,-1,-1,-1,0,-1,0,-1,-1,0,0,0
B00057,28,18851.0,90272.0,53649.0,2.0,2,2,-1,0,3,0,-1,-1,-1,0,0,-1,3
B00058,25,27321.0,154531.0,89369.0,0.8,0,4,3,-1,-1,-1,0,0,0,0,1,-1,0
B00059,31,219605.0,574328.0,49146.0,1.2,0,-1,-1,-1,2,4,-1,4,3,-1,4,2,-1
B00060,68,170610.0,477461.0,275568.0,4.2,1,0,0,0,-1,0,0,-1,0,-1,0,0,2
B00061,24,26129.0,91492.0,51280.0,1.7,3,0,0,1,-1,0,-1,-1,4,3,2,-1,4
B00062,50,12497.0,63924.0,29171.0,4.0,1,3,-1,0,0,0,-1,0,-1,0,0,0,-1
B00063,23,32549.0,79933.0,22375.0,4.2,1,2,3,4,4,3,2,-1,-1,3,4,2,1
B00064,66,27528.0,135941.0,65133.0,0.7,1,2,4,3,2,0,2,3,1,4,3,1,0
B00065,53,65697.0,111575.0,96533.0,17.3,4,-1,0,-1,-1,-1,-1,0,0,0,-1,0,0
B00066,41,82139.0,241855.0,24092.0,15.5,1,-1,0,-1,0,-1,3,-1,0,4,-1,0,0
B00067,22,23386.0,59636.0,36955.0,2.4,0,-1,4,4,1,3,-1,1,2,3,1,3,0
B00068,21,19850.0,109016.0,56325.0,2.8,4,0,-1,-1,0,0,-1,0,-1,-1,0,0,0
B00069,69,26756.0,57980.0,42526.0,3.4,1,-1,-1,0,0,0,-1,-1,0,0,-1,0,-1
B00070,37,107135.0,241919.0,102170.0,4.6,4,0,2,1,0,0,-1,0,0,2,4,-1,0
B00071,34,29808.0,76224.0,31895.0,1.8,1,-1,0,0,0,-1,-1,0,-1,0,-1,0,0
B00072,59,29587.0,65559.0,6402.0,2.1,1,-1,-1,1,2,1,-1,-1,-1,-1,-1,2,0
B00073,24,90553.0,140176.0,63275.0,6.1,2,0,0,0,-1,-1,-1,0,-1,-1,-1,-1,-1
B00074,63,30345.0,94406.0,75130.0,4.6,0,0,1,2,1,0,0,4,2,4,3,3,-1
B00075,22,38910.0,202506.0,17602.0,10.5,3,0,3,-1,3,0,-1,0,-1,0,0,-1,-1
B00076,65,43487.0,89021.0,50447.0,7.8,0,-1,0,0,0,3,0,0,0,0,0,0,-1
B00077,37,16609.0,50974.0,4226.0,11.1,1,0,-1,0,-1,1,3,2,0,0,-1,-1,-1
B00078,25,55895.0,200391.0,50464.0,2.9,0,0,-1,0,0,-1,-1,-1,-1,0,-1,0,-1
B00079,67,94061.0,355786.0,308348.0,5.2,2,3,4,4,3,2,2,2,2,3,1,3,1
B00080,36,82897.0,227222.0,85567.0,1.8,3,-1,0,3,4,4,4,3,2,2,2,0,0
B00081,63,32559.0,51277.0,25166.0,2.8,1,1,4,1,1,1,1,1,1,1,-1,-1,2
B00082,62,53768.0,318125.0,88692.0,5.4,4,0,-1,0,0,1,-1,-1,-1,-1,0,0,-1
B00083,30,101541.0,166543.0,77276.0,10.8,4,-1,-1,-1,-1,-1,2,0,0,0,1,0,0
B00084,28,45418.0,116762.0,25918.0,2.0,6,-1,0,-1,-1,-1,0,-1,0,-1,0,0,0
B00085,38,17136.0,49819.0,7507.0,10.8,3,3,4,1,4,4,2,3,3,-1,1,1,4
B00086,36,66569.0,284669.0,43082.0,20.2,3,-1,-1,0,-1,0,0,0,0,-1,-1,-1,0
B00087,65,81736.0,388586.0,316315.0,9.1,3,0,0,0,-1,-1,0,-1,0,3,-1,-1,-1
B00088,30,72365.0,376743.0,47272.0,7.8,0,0,-1,-1,-1,0,-1,0,-1,0,-1,-1,-1
B00089,62,25072.0,138776.0,73782.0,3.8,2,0,0,-1,-1,-1,0,0,-1,0,-1,-1,0
B00090,54,75291.0,445934.0,116418.0,4.3,1,4,0,0,1,-1,-1,-1,-1,0,-1,0,-1
B00091,22,36707.0,172066.0,71602.0,6.4,3,-1,-1,0,0,0,-1,0,0,0,0,0,0
B00092,61,31871.0,145237.0,27113.0,1.8,3,-1,0,0,-1,-1,-1,0,0,-1,-1,0,4
B00093,27,99908.0,385705.0,272524.0,9.5,4,0,-1,2,4,4,3,1,3,-1,3,4,2
B00094,34,32892.0,188195.0,61888.0,2.6,2,0,-1,0,0,0,0,2,4,1,0,-1,-1
B00095,42,25288.0,105379.0,56180.0,17.7,1,0,-1,-1,-1,-1,0,-1,0,0,0,-1,-1
B00096,53,61650.0,328832.0,84111.0,4.1,3,-1,1,1,-1,0,-1,0,2,-1,-1,0,-1
B00097,40,14604.0,62550.0,40224.0,6.1,1,-1,0,0,4,0,-1,4,0,3,3,2,0
B00098,35,69453.0,129446.0,8634.0,7.5,2,-1,0,-1,3,4,4,1,-1,0,3,4,2
B00099,47,29187.0,169754.0,31056.0,8.1,2,1,2,-1,4,1,4,2,-1,-1,-1,3,3
B00100,28,26133.0,51005.0,4611.0,12.7,3,1,1,2,3,4,1,1,-1,4,2,2,4
B00101,48,44834.0,121871.0,4086.0,7.9,3,0,0,0,-1,-1,-1,-1,0,0,0,-1,-1
B00102,57,41313.0,70358.0,11984.0,11.2,2,0,-1,-1,0,0,-1,0,0,0,0,-1,0
B00103,52,51109.0,172990.0,36530.0,1.4,6,-1,-1,3,3,4,3,0,2,2,4,1,4
B00104,35,96032.0,342810.0,173300.0,4.2,5,-1,0,0,-1,-1,0,-1,-1,0,0,1,-1
B00105,25,33081.0,66329.0,11505.0,4.7,2,-1,-1,-1,3,4,2,3,0,2,1,4,0
B00106,44,78998.0,342356.0,137559.0,5.3,0,0,0,4,-1,1,-1,0,-1,-1,0,4,1
B00107,29,65865.0,201921.0,74125.0,7.7,1,0,-1,0,0,-1,-1,0,0,-1,3,-1,-1
B00108,60,91042.0,178517.0,90659.0,10.8,2,-1,-1,2,1,-1,0,0,0,0,-1,0,3
B00109,47,32859.0,106097.0,48722.0,12.0,1,0,3,4,0,0,0,-1,-1,-1,-1,0,4
B00110,47,38405.0,196964.0,126263.0,4.7,1,0,2,0,3,4,1,4,4,3,2,4,-1
B00111,38,38688.0,61888.0,28632.0,4.2,2,0,0,0,0,-1,0,0,-1,0,4,-1,0
B00112,58,37175.0,101760.0,44202.0,5.8,2,0,0,0,0,0,3,-1,0,0,1,0,-1
B00113,58,27794.0,126737.0,37344.0,12.4,3,-1,-1,0,-1,0,4,0,-1,-1,3,-1,-1
B00114,23,56126.0,121211.0,14893.0,3.5,2,-1,0,0,0,0,-1,1,0,-1,-1,-1,-1
B00115,44,60431.0,127736.0,64277.0,5.9,4,0,0,2,-1,3,-1,1,-1,0,0,0,0
B00116,24,56006.0,109067.0,53334.0,15.1,2,-1,-1,-1,-1,-1,0,-1,-1,-1,-1,0,0
B00117,47,80117.0,240969.0,74504.0,11.4,1,-1,-1,-1,-1,-1,0,0,-1,0,0,0,0
B00118,68,62529.0,225872.0,188151.0,6.2,1,0,0,0,0,-1,-1,0,-1,-1,0,-1,0
B00119,55,28334.0,123696.0,35712.0,16.2,1,0,0,-1,0,4,-1,3,0,4,-1,0,-1
B00120,32,42333.0,106892.0,22086.0,5.7,2,-1,0,0,0,-1,-1,-1,0,0,0,-1,0
B00121,38,69334.0,163559.0,95045.0,2.0,1,0,0,-1,-1,0,-1,0,0,0,0,0,0
B00122,28,44023.0,185760.0,95759.0,4.2,4,1,4,2,0,3,3,2,-1,1,0,-1,2
B00123,47,22032.0,125881.0,76055.0,5.0,3,-1,-1,0,-1,-1,0,-1,-1,0,0,0,-1
B00124,30,43580.0,110074.0,38372.0,7.6,7,-1,0,-1,-1,0,0,2,0,0,0,-1,0
B00125,69,54785.0,109954.0,46172.0,2.7,2,-1,0,-1,0,-1,0,-1,0,-1,0,-1,0
B00126,61,82361.0,351652.0,296707.0,3.5,3,-1,-1,-1,0,-1,0,-1,-1,-1,-1,3,3
B00127,66,83755.0,411042.0,267194.0,9.2,3,0,4,-1,0,3,3,3,1,-1,2,0,-1
B00128,26,46724.0,82005.0,13125.0,6.9,2,4,-1,-1,0,-1,4,3,4,-1,-1,0,-1
B00129,22,153748.0,616535.0,369622.0,7.5,2,-1,3,3,-1,1,0,4,1,3,2,0,4
B00130,28,17590.0,57205.0,18811.0,4.5,4,0,4,3,2,4,2,1,1,0,4,2,3
B00131,22,23158.0,76460.0,10521.0,7.7,0,-1,0,4,-1,0,2,0,0,-1,-1,-1,2
B00132,43,71865.0,162343.0,52553.0,3.9,0,0,0,0,0,0,-1,0,0,0,-1,0,0
B00133,22,40561.0,221420.0,100924.0,0.8,2,0,3,1,-1,-1,0,4,0,2,-1,4,1
B00134,42,44966.0,208039.0,65917.0,2.1,2,-1,1,2,4,3,1,4,4,-1,-1,0,-1
B00135,31,79538.0,188524.0,117940.0,5.6,2,0,0,-1,0,-1,2,2,0,0,-1,-1,-1
B00136,42,67133.0,330187.0,81975.0,4.6,0,0,0,3,3,0,1,3,1,0,3,3,1
B00137,65,63376.0,155835.0,50283.0,2.1,5,1,4,-1,-1,4,3,0,-1,0,-1,0,0
B00138,36,38431.0,105646.0,54837.0,8.6,1,0,-1,0,0,-1,-1,0,-1,-1,-1,0,0
B00139,51,83766.0,302566.0,41362.0,9.4,1,-1,-1,-1,0,0,-1,-1,0,0,-1,-1,0
B00140,22,38102.0,111736.0,59588.0,4.5,3,3,4,1,-1,3,2,2,1,1,1,-1,3
B00141,37,40347.0,209783.0,61806.0,3.6,3,-1,-1,2,1,-1,-1,1,2,-1,3,-1,0
B00142,26,52679.0,191234.0,96083.0,5.0,2,2,2,2,0,0,-1,-1,-1,1,-1,2,4
B00143,31,61326.0,182408.0,43202.0,5.1,1,-1,1,0,0,0,0,4,4,3,4,3,4
B00144,45,38422.0,128793.0,75134.0,13.1,2,0,-1,-1,0,3,-1,-1,0,0,0,-1,-1
B00145,37,63395.0,120736.0,13164.0,6.0,2,0,0,1,-1,2,3,4,4,4,-1,0,0
B00146,37,46490.0,171852.0,44330.0,1.2,3,1,3,2,3,3,2,1,1,4,1,2,4
B00147,62,87041.0,234324.0,154626.0,5.1,3,2,-1,0,4,4,0,-1,0,4,3,4,4
B00148,64,22852.0,92802.0,42310.0,4.4,2,0,-1,0,-1,-1,0,-1,-1,-1,0,-1,-1
B00149,32,37123.0,61215.0,23063.0,4.2,0,0,-1,0,0,1,-1,3,3,4,3,0,-1
B00150,43,56350.0,326939.0,13315.0,2.6,2,0,0,-1,-1,2,0,0,3,-1,0,0,-1
B00151,64,74419.0,116673.0,40454.0,3.7,1,-1,4,4,2,1,4,0,-1,-1,3,0,2
B00152,39,41420.0,231152.0,82825.0,2.7,1,2,3,1,3,4,1,0,3,3,1,2,4
B00153,62,47981.0,216570.0,135182.0,1.7,2,0,0,0,0,0,0,2,0,3,0,-1,0
B00154,55,57339.0,129339.0,50414.0,3.0,3,0,0,0,0,0,-1,-1,0,0,0,-1,0
B00155,25,82590.0,261158.0,128121.0,6.7,2,3,2,0,-1,-1,-1,-1,-1,0,-1,-1,-1
B00156,42,83596.0,181688.0,24052.0,3.8,3,0,-1,0,0,0,-1,-1,0,3,-1,-1,-1
B00157,52,22413.0,119396.0,19504.0,3.4,2,0,-1,0,0,0,-1,0,-1,0,-1,0,-1
B00158,46,27618.0,67073.0,40036.0,5.6,3,-1,0,0,-1,0,0,2,-1,0,0,-1,-1
B00159,25,55491.0,271502.0,107988.0,5.4,1,-1,0,0,0,0,0,-1,0,-1,0,4,0
B00160,21,79349.0,274173.0,206993.0,7.1,2,0,-1,-1,0,-1,-1,0,1,-1,3,4,-1
B00161,34,27430.0,96649.0,5487.0,6.8,0,0,-1,-1,-1,3,0,-1,0,3,4,-1,-1
B00162,31,70908.0,306251.0,51497.0,10.1,1,-1,0,-1,-1,-1,-1,4,2,2,-1,2,0
B00163,33,68217.0,295106.0,16461.0,7.7,2,-1,0,2,-1,4,3,4,0,-1,-1,0,0
B00164,60,41691.0,241648.0,145687.0,1.1,0,1,2,3,0,-1,0,-1,-1,-1,0,0,0
B00165,50,65987.0,373814.0,171695.0,4.5,2,1,-1,-1,0,0,0,-1,3,0,2,2,1
B00166,48,64958.0,147762.0,22275.0,2.3,5,0,1,-1,0,-1,3,3,-1,0,-1,-1,-1
B00167,24,57840.0,323220.0,218387.0,4.8,1,4,3,3,0,3,4,1,-1,4,1,0,2
B00168,63,37062.0,188055.0,75355.0,9.8,4,-1,0,0,2,0,0,0,-1,0,-1,2,-1
B00169,25,49247.0,234807.0,116617.0,3.9,3,0,2,4,0,0,3,4,1,1,3,-1,1
B00170,28,41196.0,151650.0,46228.0,5.0,2,-1,0,-1,0,0,0,-1,-1,-1,-1,-1,2
B00171,45,25779.0,51095.0,23172.0,4.5,2,2,3,3,-1,0,0,-1,0,1,-1,-1,-1
B00172,42,40993.0,67354.0,18051.0,1.3,6,-1,0,-1,-1,0,0,-1,3,1,3,-1,0
B00173,29,45770.0,235134.0,129982.0,4.1,2,0,0,1,-1,1,0,1,4,2,0,3,-1
B00174,32,65640.0,363633.0,189560.0,5.7,3,-1,-1,-1,0,0,-1,-1,-1,1,0,-1,-1
B00175,60,29156.0,171126.0,37700.0,6.4,3,0,0,0,-1,-1,-1,-1,0,0,-1,0,-1
B00176,25,41061.0,133262.0,67242.0,3.3,3,0,-1,-1,0,0,0,-1,0,0,0,0,-1
B00177,40,30411.0,73088.0,31510.0,8.8,2,0,3,4,3,4,2,4,3,1,2,4,2
B00178,46,37696.0,57954.0,5929.0,7.6,3,0,0,-1,-1,2,-1,-1,0,1,0,0,0
B00179,23,27025.0,70744.0,22702.0,2.5,0,-1,-1,2,-1,1,-1,-1,-1,0,-1,1,1
B00180,48,28241.0,152859.0,22361.0,2.9,3,-1,0,1,-1,-1,-1,1,2,3,2,1,-1
B00181,54,25011.0,51465.0,26695.0,0.2,1,4,4,4,2,2,-1,0,0,3,1,3,-1
B00182,67,47613.0,118963.0,43321.0,9.9,2,0,-1,0,0,-1,0,-1,-1,-1,-1,-1,0
B00183,41,53380.0,115014.0,28459.0,10.9,4,-1,0,0,0,0,0,0,0,-1,-1,0,-1
B00184,26,47893.0,125812.0,33491.0,4.1,2,0,0,-1,-1,0,-1,0,2,-1,0,-1,0
B00185,22,34777.0,162944.0,114153.0,9.0,2,4,1,0,-1,0,0,0,-1,3,0,4,4
B00186,23,40675.0,242243.0,93894.0,5.0,1,1,-1,0,0,-1,-1,0,0,2,1,0,0
B00187,46,68990.0,166378.0,86077.0,5.2,4,4,-1,4,-1,1,-1,-1,-1,0,-1,-1,0
B00188,57,53257.0,194204.0,124935.0,6.9,3,-1,0,-1,-1,-1,1,0,-1,0,1,-1,-1
B00189,52,26220.0,141340.0,46552.0,8.8,2,-1,0,0,1,0,-1,4,-1,0,0,0,-1
B00190,22,23791.0,110181.0,56624.0,0.4,2,-1,0,1,4,0,-1,3,2,0,-1,-1,-1
B00191,35,20674.0,80147.0,29267.0,16.2,1,4,1,2,4,4,2,1,2,-1,-1,3,4
B00192,56,43068.0,245242.0,9456.0,11.9,4,-1,-1,-1,0,2,4,1,-1,3,-1,1,3
B00193,65,62877.0,193899.0,36686.0,2.6,2,1,0,0,-1,-1,3,0,0,0,-1,-1,0
B00194,37,44204.0,127646.0,66732.0,0.5,0,2,4,-1,4,3,1,0,3,2,0,3,2
B00195,37,60031.0,248776.0,35229.0,5.2,4,4,2,1,-1,2,1,3,3,-1,3,1,1
B00196,34,43470.0,146741.0,49963.0,6.1,1,2,3,0,2,-1,1,2,2,4,-1,0,0
B00197,60,54533.0,227524.0,141390.0,3.2,1,0,3,0,2,3,3,1,-1,4,3,0,1
B00198,60,40731.0,113922.0,39933.0,2.9,0,-1,0,-1,-1,0,0,-1,-1,-1,0,0,0
B00199,59,44618.0,123146.0,28025.0,2.9,6,1,0,-1,0,0,0,0,-1,-1,3,0,0
B00200,69,39241.0,62775.0,40431.0,7.6,4,-1,2,0,-1,0,0,1,0,0,0,1,2
B00201,69,90354.0,456633.0,80248.0,9.9,2,0,-1,4,0,-1,-1,2,0,-1,4,4,0
B00202,53,63008.0,216040.0,69820.0,3.0,2,0,2,0,0,-1,0,-1,0,0,-1,0,-1
B00203,49,38463.0,155230.0,47306.0,4.1,4,0,4,4,2,4,-1,4,-1,3,4,-1,0
B00204,39,51948.0,208660.0,89263.0,9.5,2,2,2,2,-1,3,2,0,0,4,3,-1,-1
B00205,49,28859.0,70399.0,31660.0,6.9,2,0,4,1,4,2,-1,0,-1,3,1,0,0
B00206,59,25033.0,83053.0,24940.0,8.6,0,0,-1,-1,4,-1,-1,0,0,0,0,-1,4
B00207,38,49411.0,91949.0,27960.0,6.3,2,-1,2,4,2,0,4,0,0,-1,3,1,3
B00208,24,77440.0,308359.0,88021.0,4.0,2,4,-1,-1,-1,2,-1,0,0,4,3,4,0
B00209,56,47914.0,247766.0,97490.0,5.4,1,-1,-1,0,0,-1,-1,-1,-1,0,0,-1,3
B00210,39,37573.0,202161.0,56720.0,2.0,0,-1,-1,-1,0,0,-1,0,0,0,2,2,0
B00211,50,65818.0,371210.0,198549.0,2.0,3,2,3,0,2,4,3,1,2,-1,0,2,0
B00212,54,88184.0,294065.0,44281.0,12.5,1,-1,4,0,0,-1,0,-1,0,0,0,-1,0
B00213,37,47725.0,261326.0,11948.0,12.9,1,-1,-1,0,-1,-1,0,-1,0,0,0,0,-1
B00214,43,28238.0,46062.0,16778.0,2.8,3,-1,-1,-1,-1,0,-1,0,0,0,3,3,1
B00215,50,92608.0,145597.0,69357.0,17.1,3,0,-1,-1,1,4,-1,-1,-1,-1,3,2,2
B00216,51,42098.0,232910.0,113544.0,4.4,1,3,0,-1,2,0,3,0,-1,3,1,0,-1
B00217,33,39715.0,138060.0,76149.0,1.7,3,3,1,4,3,3,2,1,2,1,4,1,1
B00218,64,43656.0,73227.0,15562.0,1.1,2,1,0,-1,0,-1,-1,4,-1,0,0,0,0
B00219,44,84749.0,260732.0,13625.0,0.7,4,3,3,4,-1,0,0,2,-1,-1,-1,0,-1
B00220,56,68691.0,191495.0,33136.0,8.8,0,0,-1,0,0,-1,0,-1,-1,0,0,0,-1
B00221,56,35416.0,128988.0,50566.0,4.7,0,-1,0,-1,-1,0,0,-1,-1,0,-1,-1,0
B00222,34,20161.0,112454.0,28442.0,2.4,1,-1,-1,2,1,-1,0,-1,4,-1,-1,-1,3
B00223,29,23604.0,79877.0,9825.0,7.3,1,-1,-1,-1,-1,0,-1,-1,-1,0,0,-1,3
B00224,25,35754.0,174042.0,59192.0,4.8,1,-1,-1,0,3,2,0,2,1,3,3,1,3
B00225,57,51258.0,83383.0,46649.0,2.5,1,-1,-1,0,-1,0,-1,0,4,3,0,3,0
B00226,31,120056.0,620511.0,165818.0,5.4,1,0,-1,-1,-1,-1,0,1,-1,0,0,0,0
B00227,35,23136.0,97219.0,25567.0,1.4,4,0,1,2,4,2,-1,3,2,4,4,3,4
B00228,28,42328.0,76922.0,29915.0,1.1,2,0,-1,-1,2,3,0,2,0,-1,-1,3,1
B00229,66,48363.0,278107.0,67988.0,7.1,3,0,0,-1,0,-1,-1,0,0,0,1,-1,-1
B00230,45,48119.0,121843.0,26654.0,3.6,3,0,1,0,-1,0,0,0,-1,0,-1,0,0
B00231,46,49257.0,120118.0,65118.0,1.9,2,-1,-1,0,-1,-1,-1,0,0,0,0,0,0
B00232,27,44229.0,258434.0,109613.0,5.9,0,3,3,-1,3,2,-1,4,1,2,0,-1,0
B00233,50,30254.0,112540.0,55740.0,1.1,0,-1,-1,-1,0,0,-1,0,-1,-1,2,0,-1
B00234,22,56723.0,307765.0,20796.0,2.5,0,4,1,2,2,3,1,4,3,4,4,4,1
B00235,48,38920.0,126223.0,44231.0,10.8,3,0,4,3,1,-1,1,-1,-1,0,-1,4,0
B00236,26,32856.0,66361.0,48521.0,2.1,0,4,3,4,2,0,2,0,-1,0,2,0,0
B00237,27,66206.0,351453.0,74532.0,4.9,4,0,1,1,2,4,1,0,0,1,0,0,0
B00238,43,60000.0,342066.0,147287.0,4.9,2,0,0,1,0,1,3,0,-1,4,1,1,-1
B00239,25,37277.0,219177.0,163167.0,3.0,2,1,4,1,0,1,2,1,2,2,2,2,3
B00240,25,42145.0,120400.0,18939.0,9.2,3,-1,0,0,-1,0,0,-1,0,-1,0,0,0
B00241,62,52250.0,212364.0,34028.0,11.6,2,1,0,0,0,-1,-1,0,0,-1,-1,-1,-1
B00242,66,16057.0,24338.0,10888.0,3.5,1,-1,0,0,1,0,0,0,-1,2,0,0,0
B00243,49,39772.0,125498.0,78681.0,4.3,6,-1,0,0,0,2,0,-1,-1,4,3,4,-1
B00244,29,31344.0,57640.0,12848.0,4.6,5,-1,0,-1,3,-1,2,0,-1,-1,-1,1,3
B00245,33,46660.0,251247.0,36813.0,7.3,0,0,-1,-1,-1,0,-1,0,-1,-1,0,0,0
B00246,59,47078.0,216454.0,105527.0,6.5,0,2,1,0,2,4,2,1,3,2,4,4,2
B00247,40,45863.0,242330.0,75251.0,3.1,2,-1,-1,-1,-1,-1,-1,0,0,0,-1,0,0
B00248,23,16239.0,79840.0,35758.0,5.5,3,0,0,-1,-1,-1,-1,-1,1,1,2,0,0
B00249,59,58101.0,141497.0,59041.0,7.0,5,2,1,1,1,4,0,-1,0,1,4,3,1
B00250,47,57590.0,256139.0,86846.0,10.8,0,2,-1,-1,-1,-1,0,0,2,0,3,2,0
B00251,36,73062.0,197675.0,49330.0,4.7,2,-1,0,0,-1,0,-1,0,0,-1,0,-1,0
B00252,36,49647.0,148416.0,91688.0,14.4,1,0,0,4,2,-1,0,0,0,-1,-1,0,0
B00253,22,22965.0,43648.0,23654.0,2.0,1,4,-1,4,4,1,3,1,-1,-1,4,2,4
B00254,56,109011.0,564439.0,315387.0,15.4,5,3,4,1,-1,-1,0,3,2,4,3,-1,4
B00255,43,56162.0,296919.0,57665.0,4.0,1,0,3,4,3,0,0,4,2,1,-1,1,0
B00256,47,65342.0,351835.0,51629.0,4.9,4,0,0,0,-1,0,0,-1,-1,-1,-1,-1,-1
B00257,23,53649.0,314439.0,113786.0,3.9,0,-1,1,3,4,1,4,4,1,3,4,2,1
B00258,44,61004.0,231919.0,66776.0,2.9,2,0,0,-1,0,-1,1,-1,0,-1,-1,-1,-1
B00259,39,25396.0,75237.0,32112.0,7.5,2,0,0,-1,1,-1,-1,0,0,0,0,0,-1
B00260,36,42637.0,190232.0,59025.0,1.7,3,0,0,-1,0,0,0,0,0,0,0,-1,0
B00261,68,74209.0,182034.0,141109.0,8.6,3,-1,3,1,1,0,-1,-1,0,-1,0,-1,0
B00262,63,44735.0,215086.0,111047.0,0.9,1,1,3,-1,-1,0,-1,0,2,0,0,-1,0
B00263,33,49678.0,262927.0,134561.0,1.1,2,0,0,0,-1,0,-1,-1,-1,-1,0,0,-1
B00264,47,64319.0,376205.0,348364.0,1.8,0,3,3,1,-1,2,3,3,4,1,4,4,3
B00265,46,47471.0,99400.0,58062.0,3.3,2,0,2,1,1,2,-1,-1,3,1,1,3,4
B00266,32,29733.0,73800.0,62827.0,4.7,0,4,2,2,3,-1,3,2,3,4,3,1,2
B00267,41,34631.0,114635.0,31625.0,6.9,3,0,4,-1,0,0,-1,0,-1,-1,-1,-1,-1
B00268,30,55898.0,161299.0,32584.0,2.4,1,0,-1,-1,-1,0,-1,-1,-1,0,0,-1,0
B00269,46,43493.0,200892.0,63941.0,13.4,4,-1,3,3,4,2,3,1,-1,0,1,1,2
B00270,46,22840.0,81772.0,32458.0,5.2,0,2,1,3,4,4,3,4,1,1,3,1,4
B00271,46,57623.0,185187.0,37027.0,4.5,4,0,0,0,-1,-1,-1,0,0,0,-1,-1,0
B00272,43,51237.0,184588.0,74780.0,12.3,1,0,0,0,0,-1,0,-1,0,0,0,-1,-1
B00273,61,39373.0,176815.0,115033.0,4.0,1,3,1,2,0,2,4,-1,1,-1,-1,0,0
B00274,56,59361.0,236773.0,132209.0,9.8,1,-1,-1,0,4,4,4,0,3,4,0,0,3
B00275,56,22113.0,125765.0,83243.0,24.1,1,3,1,4,2,1,-1,0,4,2,2,2,4
B00276,55,47656.0,241146.0,102926.0,1.0,3,-1,0,0,2,4,-1,-1,0,0,0,0,0
B00277,55,17391.0,47027.0,18284.0,9.0,4,3,1,0,-1,4,1,-1,-1,-1,-1,2,-1
B00278,43,19257.0,44103.0,36042.0,7.1,1,-1,2,-1,-1,-1,3,4,0,-1,4,-1,0
B00279,53,38066.0,102253.0,39073.0,8.3,0,-1,0,-1,0,0,2,-1,-1,-1,-1,0,-1
B00280,63,58218.0,188553.0,53237.0,9.9,0,3,2,1,4,0,-1,0,0,-1,3,0,-1
B00281,39,34220.0,62766.0,36492.0,2.8,1,0,0,-1,0,-1,0,0,0,0,-1,0,0
B00282,40,43814.0,185476.0,80167.0,3.0,2,-1,-1,-1,1,0,0,-1,0,0,0,-1,-1
B00283,28,33012.0,116758.0,30378.0,2.8,2,4,0,3,1,2,2,1,3,-1,-1,0,0
B00284,22,24022.0,52035.0,7370.0,9.8,3,3,0,3,4,4,0,3,-1,0,0,4,4
B00285,56,49467.0,176719.0,57582.0,6.7,3,-1,-1,-1,0,0,-1,-1,-1,0,2,-1,-1
B00286,45,54437.0,171333.0,67403.0,12.4,1,3,1,3,3,2,3,0,-1,0,1,4,4
B00287,66,28112.0,147192.0,92859.0,17.4,2,-1,0,-1,0,-1,0,0,0,0,-1,0,0
B00288,64,27226.0,138578.0,83651.0,3.4,2,2,-1,0,-1,2,-1,0,-1,-1,1,-1,0
B00289,36,70156.0,121740.0,62826.0,1.8,1,0,-1,-1,-1,-1,0,0,0,-1,0,-1,0
B00290,52,74567.0,183785.0,49465.0,10.6,1,-1,-1,-1,0,-1,0,0,-1,0,0,0,-1
B00291,24,33338.0,143203.0,68914.0,14.4,2,2,2,1,1,2,3,4,2,0,0,4,3
B00292,62,35653.0,192073.0,15121.0,0.6,4,-1,-1,0,0,-1,-1,4,-1,-1,-1,-1,0
B00293,57,26746.0,53856.0,21583.0,8.3,2,-1,-1,0,-1,-1,0,-1,0,-1,3,0,-1
B00294,22,96703.0,545546.0,295238.0,13.6,0,0,0,0,-1,0,1,-1,-1,1,-1,0,-1
B00295,30,83264.0,154911.0,130752.0,7.7,0,-1,0,-1,0,0,0,0,-1,0,-1,-1,0
B00296,38,108168.0,220544.0,121250.0,3.2,5,4,3,3,3,2,3,4,3,1,4,1,1
B00297,44,24657.0,133632.0,74548.0,5.4,1,0,0,-1,-1,-1,0,-1,2,0,0,-1,0
B00298,33,17316.0,45385.0,25421.0,7.4,4,0,-1,-1,-1,-1,0,0,-1,-1,0,1,-1
B00299,47,43023.0,177028.0,96317.0,1.7,0,3,1,-1,-1,0,-1,0,0,0,0,1,-1
B00300,46,70149.0,213967.0,103472.0,10.0,1,0,-1,0,-1,-1,-1,0,-1,0,0,-1,0
B00301,64,29324.0,48806.0,1896.0,2.2,0,0,0,0,-1,-1,-1,0,-1,0,0,-1,0
B00302,61,53400.0,294924.0,60024.0,10.5,1,0,-1,-1,0,0,-1,0,4,0,0,0,-1
B00303,49,37449.0,172087.0,103541.0,3.1,3,-1,0,-1,0,-1,-1,-1,-1,0,-1,0,-1
B00304,63,37045.0,158578.0,60210.0,6.3,1,4,2,-1,-1,-1,-1,0,0,-1,4,0,-1
B00305,27,100266.0,312217.0,82334.0,2.2,1,1,0,-1,1,0,0,2,-1,-1,0,0,-1
B00306,33,64764.0,175820.0,82907.0,1.5,2,0,-1,0,-1,0,0,0,-1,0,0,-1,-1
B00307,57,47731.0,129313.0,107737.0,8.7,4,-1,0,-1,0,-1,-1,0,0,0,0,0,0
B00308,50,41694.0,81992.0,32333.0,3.3,1,0,0,0,2,0,0,0,-1,-1,-1,-1,0
B00309,56,64790.0,97448.0,47299.0,16.6,3,-1,-1,4,-1,4,2,1,-1,0,1,3,4
B00310,38,30783.0,71347.0,42083.0,12.7,1,-1,-1,-1,-1,-1,-1,0,-1,0,-1,0,-1
B00311,66,39279.0,155049.0,26476.0,5.2,3,1,-1,4,0,-1,-1,-1,-1,-1,0,0,-1
B00312,32,59601.0,286850.0,83434.0,15.4,4,0,-1,0,-1,0,0,-1,1,0,0,0,0
B00313,36,71993.0,361495.0,79237.0,19.5,4,-1,0,-1,-1,0,-1,0,-1,-1,0,0,-1
B00314,31,29272.0,159665.0,76668.0,8.1,4,3,4,1,-1,3,2,2,0,2,2,-1,0
B00315,69,99716.0,516935.0,260075.0,11.6,3,0,0,4,0,-1,0,0,3,-1,-1,-1,0
B00316,43,30037.0,76249.0,46887.0,7.2,4,1,0,2,1,0,3,4,1,0,-1,-1,0
B00317,30,63832.0,293585.0,81564.0,2.7,3,4,2,1,1,2,1,4,1,-1,-1,0,0
B00318,31,31678.0,98965.0,19814.0,8.7,3,2,1,2,3,2,3,2,2,0,1,0,3
B00319,61,70094.0,329400.0,16920.0,4.5,2,-1,-1,0,-1,-1,0,0,-1,3,1,-1,0
B00320,36,33733.0,145606.0,78193.0,6.0,3,3,3,4,2,-1,-1,3,1,1,1,4,0
B00321,55,57382.0,208131.0,137676.0,4.7,2,0,2,1,2,4,4,4,4,-1,4,2,3
B00322,49,52190.0,158070.0,53568.0,3.2,0,2,3,1,-1,-1,0,0,3,-1,0,1,1
B00323,62,62470.0,232648.0,72956.0,7.7,3,-1,0,-1,-1,0,0,-1,-1,0,-1,-1,0
B00324,34,45356.0,104695.0,35066.0,4.6,2,-1,0,3,1,3,0,2,3,-1,-1,0,1
B00325,53,41001.0,139655.0,18192.0,8.8,0,-1,0,-1,-1,0,-1,0,0,0,0,0,0
B00326,41,15441.0,27986.0,8132.0,4.2,0,-1,-1,2,0,-1,3,-1,0,1,0,0,0
B00327,64,30782.0,91736.0,29189.0,9.2,2,-1,3,0,0,0,-1,0,-1,0,0,-1,0
B00328,27,16251.0,55144.0,21021.0,4.8,4,-1,-1,4,2,-1,0,2,-1,4,0,2,2
B00329,65,28228.0,143330.0,106321.0,1.4,1,-1,-1,2,4,2,4,3,2,4,2,1,4
B00330,67,29190.0,152789.0,66196.0,1.5,1,4,3,2,4,2,2,3,1,2,4,1,-1
B00331,49,43638.0,236143.0,120750.0,1.9,3,0,0,-1,0,-1,3,-1,-1,-1,0,-1,-1
B00332,69,20168.0,73954.0,5200.0,6.8,1,0,0,-1,0,1,-1,1,-1,-1,3,2,-1
B00333,25,58969.0,223529.0,152395.0,4.5,5,1,1,-1,0,3,1,1,4,2,-1,2,2
B00334,50,28937.0,87356.0,28848.0,8.6,4,-1,0,3,4,2,2,0,4,3,-1,0,2
B00335,23,63320.0,322494.0,108089.0,1.4,2,0,1,3,1,1,1,2,1,1,2,3,1
B00336,52,49754.0,156393.0,60598.0,2.0,2,1,2,0,0,0,0,0,0,0,-1,0,-1
B00337,25,77468.0,300188.0,148648.0,5.1,5,-1,1,4,4,4,1,-1,-1,0,0,0,3
B00338,21,64850.0,294571.0,131769.0,4.2,3,0,0,4,4,-1,-1,-1,0,3,-1,1,-1
B00339,64,96181.0,510646.0,85661.0,5.5,1,-1,-1,-1,0,-1,-1,0,-1,0,0,-1,-1
B00340,50,127557.0,289480.0,88723.0,8.0,1,-1,0,-1,0,0,-1,-1,0,0,-1,0,0
B00341,62,28573.0,130467.0,51363.0,2.7,3,2,2,2,3,2,-1,3,1,0,0,4,2
B00342,24,32944.0,184227.0,70138.0,9.2,2,2,2,-1,2,2,2,-1,-1,-1,-1,1,-1
B00343,66,33339.0,77245.0,22245.0,4.2,4,0,0,0,0,0,-1,-1,-1,-1,0,-1,0
B00344,45,37596.0,155109.0,73336.0,7.5,1,1,1,1,4,3,3,3,2,2,1,3,3
B00345,61,44322.0,118896.0,47987.0,6.6,0,-1,2,0,-1,0,0,2,0,0,-1,0,-1
B00346,51,43190.0,114864.0,21627.0,4.7,3,3,0,0,-1,0,0,0,0,0,0,0,-1
B00347,57,46686.0,100473.0,39895.0,5.6,2,1,-1,0,0,-1,-1,-1,-1,-1,0,-1,1
B00348,49,52246.0,152951.0,64038.0,6.3,1,-1,0,-1,0,2,3,0,0,0,-1,-1,2
B00349,55,44732.0,190650.0,35712.0,9.3,4,-1,0,-1,-1,-1,0,0,0,0,0,0,0
B00350,53,21652.0,53419.0,40585.0,18.6,1,0,0,0,0,1,4,1,4,1,2,4,4
B00351,52,38493.0,110452.0,85233.0,4.0,1,-1,3,0,4,-1,-1,-1,-1,-1,0,-1,0
B00352,60,25272.0,98655.0,76602.0,1.7,5,-1,0,3,1,-1,0,-1,0,-1,-1,-1,-1
B00353,35,57121.0,169989.0,97011.0,10.7,1,-1,0,0,0,-1,-1,1,0,0,-1,-1,-1
B00354,61,10841.0,58724.0,48179.0,11.5,3,0,0,2,1,-1,-1,3,3,2,-1,0,2
B00355,23,87781.0,422791.0,180474.0,4.9,1,0,-1,0,-1,-1,2,0,0,-1,-1,0,0
B00356,28,31053.0,133366.0,35067.0,9.9,2,0,0,-1,0,-1,0,0,0,3,-1,0,0
B00357,42,29699.0,117671.0,55090.0,0.3,1,1,4,4,4,3,3,2,-1,2,3,2,0
B00358,22,47597.0,168387.0,45310.0,0.7,2,-1,-1,2,-1,-1,0,1,3,2,0,-1,0
B00359,67,35873.0,104702.0,67311.0,8.6,5,-1,-1,-1,-1,-1,0,0,-1,-1,-1,-1,-1
B00360,47,40712.0,238360.0,87777.0,5.6,2,2,2,1,0,3,4,-1,0,4,1,-1,0
B00361,43,31439.0,137740.0,43165.0,20.7,3,-1,-1,0,-1,-1,-1,0,-1,-1,-1,0,0
B00362,37,21367.0,70593.0,27328.0,9.1,3,0,0,0,0,-1,0,0,0,4,2,4,2
B00363,51,137856.0,495171.0,162432.0,7.1,1,-1,0,0,-1,0,-1,0,-1,0,0,-1,-1
B00364,23,31719.0,55023.0,20925.0,1.9,0,3,1,3,-1,-1,-1,0,2,3,2,2,2
B00365,62,51596.0,144516.0,79045.0,3.8,1,4,0,0,-1,0,-1,-1,0,0,0,-1,-1
B00366,43,69703.0,251229.0,36801.0,8.5,1,0,0,-1,-1,0,-1,0,2,0,-1,0,-1
B00367,58,29803.0,125646.0,40642.0,3.8,4,-1,0,0,0,4,-1,-1,-1,0,4,0,0
B00368,64,42262.0,137802.0,122767.0,6.1,3,1,4,1,1,4,2,1,2,1,1,3,3
B00369,38,68680.0,172354.0,61681.0,1.1,0,-1,0,0,0,-1,-1,-1,0,-1,-1,0,-1
B00370,58,75551.0,188449.0,133969.0,1.8,0,4,2,3,1,0,0,4,-1,2,-1,3,0
B00371,42,38415.0,148696.0,8095.0,8.3,3,0,0,0,2,2,-1,-1,3,0,0,-1,-1
B00372,22,40626.0,202530.0,35121.0,2.8,4,1,2,2,0,-1,-1,0,4,3,2,1,3
B00373,58,33938.0,68166.0,39592.0,9.8,1,2,2,0,-1,0,-1,0,0,-1,0,0,1
B00374,32,55560.0,104714.0,9509.0,4.3,5,-1,0,0,-1,-1,0,-1,-1,-1,-1,0,-1
B00375,69,21588.0,50141.0,3008.0,6.4,0,-1,-1,0,2,0,0,4,0,0,0,0,0
B00376,21,44542.0,192845.0,111874.0,7.8,3,1,0,-1,0,-1,0,3,1,2,4,0,-1
B00377,48,85659.0,160449.0,60518.0,7.1,3,-1,0,0,0,-1,-1,0,0,0,-1,-1,4
B00378,55,44280.0,250138.0,120579.0,11.7,2,0,-1,0,0,0,0,0,-1,0,0,-1,0
B00379,29,42725.0,241987.0,90122.0,1.2,1,-1,0,0,4,0,-1,-1,1,-1,0,-1,-1
B00380,52,60005.0,142871.0,28591.0,15.8,4,1,4,4,-1,0,0,0,-1,0,0,-1,2
B00381,45,68774.0,265744.0,159251.0,4.0,0,1,0,2,-1,-1,4,2,3,4,1,0,1
B00382,65,33751.0,118293.0,66676.0,9.3,0,0,-1,0,0,-1,-1,0,0,0,-1,4,0
B00383,50,57143.0,263906.0,95952.0,2.7,1,-1,-1,0,-1,-1,0,0,-1,-1,-1,0,-1
B00384,50,72028.0,399286.0,263627.0,4.1,4,4,0,4,4,3,4,3,4,4,3,1,3
B00385,63,60614.0,311287.0,49330.0,9.3,3,-1,-1,1,-1,-1,0,-1,0,2,-1,-1,0
B00386,30,84676.0,267028.0,108146.0,6.9,4,1,4,4,4,4,2,1,4,4,3,3,3
B00387,35,82088.0,149718.0,7855.0,6.8,3,3,3,3,3,1,3,3,2,4,2,2,3
B00388,69,66621.0,192095.0,93076.0,5.1,1,-1,0,0,0,-1,0,0,-1,-1,-1,-1,-1
B00389,68,58465.0,229993.0,37055.0,1.1,2,3,0,0,0,0,0,0,-1,0,-1,0,-1
B00390,29,34054.0,87914.0,55015.0,6.4,2,0,-1,-1,0,0,0,-1,-1,-1,0,0,0
B00391,69,96904.0,567611.0,101106.0,1.0,3,-1,-1,-1,-1,0,0,0,-1,3,0,-1,-1
B00392,55,34110.0,180260.0,67882.0,7.0,2,-1,-1,0,0,0,0,-1,0,-1,-1,-1,-1
B00393,31,23456.0,60178.0,14374.0,5.8,3,-1,-1,-1,0,0,0,-1,0,-1,-1,-1,0
B00394,50,58959.0,134876.0,97826.0,4.0,2,1,0,2,3,4,1,1,0,-1,0,-1,3
B00395,68,39382.0,194238.0,62761.0,5.7,0,1,0,-1,0,0,4,1,1,0,-1,0,3
B00396,32,19077.0,89313.0,74090.0,6.2,2,0,2,0,0,0,0,-1,-1,-1,-1,-1,-1
B00397,56,30933.0,117791.0,80170.0,6.0,1,-1,3,0,-1,-1,4,-1,2,2,0,0,2
B00398,42,106066.0,270669.0,96828.0,4.0,1,0,-1,0,-1,0,0,0,0,-1,0,-1,-1
B00399,21,25192.0,76724.0,28117.0,3.7,2,-1,0,-1,0,-1,-1,0,-1,-1,-1,0,0
B00400,63,69325.0,255551.0,16890.0,7.0,2,-1,0,0,-1,0,-1,0,-1,-1,-1,0,-1
B00401,66,24963.0,94806.0,38127.0,1.2,1,4,-1,-1,0,2,-1,0,0,-1,0,0,0
B00402,31,28213.0,148733.0,86142.0,0.5,3,0,-1,-1,-1,0,-1,0,2,-1,0,0,-1
B00403,27,22492.0,116248.0,18194.0,6.6,2,0,2,-1,0,0,-1,4,0,-1,0,0,0
B00404,62,36797.0,116186.0,93490.0,6.4,3,-1,-1,-1,1,3,2,0,0,0,0,-1,0
B00405,65,38935.0,156022.0,36055.0,1.8,3,0,3,3,0,3,3,2,-1,0,-1,0,0
B00406,48,25652.0,54453.0,39166.0,2.4,3,3,4,2,1,1,4,-1,2,2,2,2,3
B00407,38,27623.0,139326.0,39562.0,6.1,1,3,2,2,1,3,3,1,-1,-1,4,3,1
B00408,66,46201.0,129888.0,53528.0,2.6,1,4,2,2,0,-1,4,0,0,-1,0,-1,-1
B00409,67,33328.0,122327.0,55521.0,7.7,1,0,0,0,-1,-1,0,-1,0,0,0,0,-1
B00410,34,38946.0,188054.0,35823.0,2.5,2,0,0,0,3,0,-1,-1,3,4,0,4,3
B00411,52,55480.0,117273.0,34571.0,2.8,1,0,0,0,-1,0,0,0,0,-1,0,-1,0
B00412,44,65640.0,194814.0,56464.0,13.9,1,2,0,0,0,-1,0,0,-1,0,0,-1,-1
B00413,55,43668.0,183123.0,45891.0,4.1,4,0,0,2,3,2,2,2,2,-1,-1,3,4
B00414,45,53477.0,230095.0,127420.0,4.2,3,0,0,0,-1,-1,3,0,-1,0,0,-1,0
B00415,46,51647.0,105609.0,25591.0,11.1,1,-1,0,-1,-1,0,0,-1,-1,-1,0,-1,-1
B00416,36,34282.0,173005.0,84626.0,20.2,3,-1,-1,4,1,4,1,3,3,0,2,2,2
B00417,53,91159.0,211709.0,126674.0,3.3,1,-1,-1,-1,-1,0,0,0,-1,0,2,-1,3
B00418,47,90447.0,289931.0,87347.0,1.1,3,2,-1,-1,2,2,-1,4,2,2,4,0,4
B00419,37,33480.0,101307.0,39078.0,4.4,4,0,0,0,1,2,0,0,2,-1,4,-1,4
B00420,36,43477.0,71410.0,18710.0,1.7,2,2,0,-1,-1,0,-1,-1,1,0,0,0,2
B00421,58,99740.0,193937.0,87505.0,11.8,0,-1,0,0,0,0,0,-1,-1,0,0,0,0
B00422,35,93497.0,264342.0,203826.0,7.6,2,-1,-1,-1,2,3,4,1,0,0,0,0,0
B00423,46,17277.0,47090.0,6722.0,10.7,3,-1,-1,0,0,-1,-1,0,-1,0,0,-1,-1
B00424,38,50718.0,278447.0,60637.0,6.7,3,0,0,-1,0,-1,0,0,-1,0,0,0,-1
B00425,42,72202.0,116661.0,90195.0,2.0,0,4,1,2,2,2,3,4,3,1,4,2,3
B00426,58,65365.0,319109.0,120321.0,7.8,1,0,-1,-1,0,0,0,0,-1,-1,0,0,0
B00427,57,53071.0,123264.0,70294.0,2.7,0,4,2,0,-1,-1,-1,0,-1,0,0,0,-1
B00428,56,14174.0,70186.0,48020.0,6.3,0,-1,1,1,4,2,-1,0,-1,-1,0,4,1
B00429,57,62190.0,249517.0,57011.0,5.6,1,0,0,0,0,-1,0,0,-1,3,-1,0,-1
B00430,32,73019.0,383260.0,276128.0,0.7,6,3,3,-1,0,2,4,0,1,0,1,2,4
B00431,21,11134.0,29392.0,8931.0,7.0,3,2,1,0,1,2,1,4,3,0,1,0,2
B00432,51,90648.0,251933.0,81644.0,2.6,2,4,4,3,3,3,0,-1,4,1,-1,-1,-1
B00433,60,27352.0,105234.0,39138.0,3.0,2,-1,0,-1,-1,-1,0,0,-1,-1,-1,-1,-1
B00434,24,42787.0,111923.0,91143.0,11.2,0,-1,-1,-1,0,-1,-1,-1,0,-1,0,-1,-1
B00435,66,93889.0,167203.0,48242.0,8.9,3,0,0,-1,0,-1,0,0,0,0,-1,-1,-1
B00436,65,57326.0,132858.0,32062.0,0.7,0,2,2,1,1,1,3,3,3,1,3,4,4
B00437,61,67549.0,108718.0,36692.0,5.5,0,0,3,-1,4,0,-1,0,-1,0,0,-1,0
B00438,39,30547.0,145766.0,93844.0,6.9,6,-1,0,3,1,-1,0,0,-1,-1,0,0,0
B00439,34,31599.0,119298.0,21079.0,5.4,3,2,4,3,3,4,-1,0,1,0,0,1,-1
B00440,63,46152.0,229904.0,172329.0,5.6,3,-1,-1,-1,-1,0,-1,-1,0,0,0,-1,0
B00441,65,74620.0,327752.0,43454.0,1.3,0,0,1,0,0,-1,0,0,-1,-1,0,-1,3
B00442,55,65945.0,362224.0,202840.0,1.4,2,0,-1,4,1,-1,0,1,-1,1,4,4,2
B00443,62,47603.0,88238.0,52207.0,8.2,5,4,4,2,2,0,-1,4,3,-1,0,0,-1
B00444,67,63672.0,225453.0,76556.0,1.6,3,0,0,0,-1,-1,-1,2,0,2,-1,-1,0
B00445,28,20867.0,70389.0,11461.0,4.1,0,0,-1,1,0,-1,0,2,0,0,-1,1,-1
B00446,24,26378.0,71395.0,27259.0,3.0,1,0,0,4,-1,0,0,0,0,0,0,0,0
B00447,57,99978.0,210114.0,113120.0,3.2,2,-1,0,-1,0,0,0,3,-1,4,4,4,1
B00448,43,28515.0,139318.0,35216.0,7.3,2,0,-1,0,-1,-1,1,0,0,-1,-1,-1,4
B00449,49,67031.0,337763.0,119982.0,9.3,2,3,3,-1,0,-1,0,2,-1,-1,-1,-1,0
B00450,38,36543.0,137860.0,106921.0,8.7,3,4,1,4,3,3,1,2,4,1,3,3,1
B00451,65,92096.0,534749.0,215853.0,1.0,2,0,-1,2,2,4,2,4,3,2,-1,0,0
B00452,29,37727.0,128403.0,41237.0,10.2,5,3,1,3,0,2,1,3,4,2,1,-1,1
B00453,46,85535.0,346905.0,91832.0,1.1,6,-1,0,-1,-1,0,0,0,0,0,2,0,1
B00454,67,45141.0,110746.0,70316.0,2.9,1,0,-1,0,2,0,-1,2,-1,3,1,-1,-1
B00455,33,81992.0,203312.0,54120.0,0.7,1,-1,0,-1,-1,-1,1,4,3,0,0,0,-1
B00456,23,32978.0,140919.0,18783.0,3.8,0,0,-1,1,-1,-1,0,0,-1,-1,0,4,0
B00457,27,48275.0,98470.0,28330.0,9.6,2,0,2,-1,4,4,-1,-1,0,3,2,4,1
B00458,53,40970.0,182854.0,34021.0,1.5,3,-1,-1,0,-1,0,0,0,0,0,-1,0,-1
B00459,69,60156.0,357712.0,143989.0,6.1,4,0,-1,-1,0,1,0,0,0,-1,-1,-1,1
B00460,22,55579.0,236059.0,130781.0,5.7,1,0,-1,0,0,-1,-1,0,3,1,1,-1,0
B00461,25,70813.0,257908.0,107399.0,3.4,1,1,0,0,3,2,1,3,1,2,2,4,3
B00462,25,50259.0,256168.0,177746.0,3.8,2,0,-1,-1,0,0,-1,0,-1,-1,-1,-1,0
B00463,29,83439.0,333181.0,85655.0,3.1,1,-1,0,0,-1,0,-1,0,0,-1,0,0,-1
B00464,21,55794.0,218213.0,66905.0,1.7,2,-1,0,-1,-1,4,0,0,1,3,0,0,-1
B00465,62,75844.0,206251.0,142717.0,6.2,3,4,0,-1,0,4,0,0,0,1,0,0,-1
B00466,69,29691.0,70032.0,7991.0,3.1,3,0,-1,0,-1,4,-1,-1,0,0,0,-1,-1
B00467,54,64257.0,287373.0,137984.0,2.9,1,2,2,3,1,0,-1,4,-1,2,1,4,4
B00468,47,26912.0,106556.0,82509.0,5.9,0,0,0,0,2,3,2,1,0,-1,-1,4,4
B00469,55,122736.0,721141.0,219901.0,8.6,0,0,4,3,2,2,-1,2,1,-1,4,0,-1
B00470,50,72236.0,110885.0,17935.0,19.0,3,0,0,-1,0,-1,0,-1,-1,0,-1,0,0
B00471,40,18295.0,108649.0,53605.0,8.6,1,4,4,4,2,1,3,1,3,3,3,1,2
B00472,57,36637.0,108703.0,72003.0,8.9,2,-1,0,0,-1,0,-1,0,-1,0,-1,1,1
B00473,58,33855.0,130082.0,38715.0,13.2,2,0,-1,0,-1,-1,0,0,-1,0,0,-1,-1
B00474,60,52996.0,174132.0,131140.0,6.1,1,0,0,0,-1,-1,0,-1,0,-1,-1,0,0
B00475,53,50459.0,263205.0,78527.0,5.2,2,-1,-1,-1,-1,0,4,-1,0,-1,-1,0,-1
B00476,38,46611.0,117650.0,48125.0,5.0,2,-1,-1,-1,-1,-1,0,0,0,0,0,-1,-1
B00477,51,44959.0,207025.0,97234.0,11.4,4,-1,0,0,3,0,0,0,4,4,3,2,0
B00478,43,47490.0,279131.0,61303.0,10.6,8,1,1,-1,4,4,2,1,-1,1,0,1,1
B00479,40,29831.0,48411.0,26992.0,2.1,0,0,0,0,0,-1,0,-1,0,4,0,-1,-1
B00480,63,52853.0,183807.0,20299.0,3.9,4,1,1,0,1,-1,0,0,3,2,-1,-1,4
B00481,47,45803.0,98389.0,73459.0,13.6,3,0,-1,-1,0,3,-1,0,-1,-1,-1,4,1
B00482,55,43901.0,178560.0,87732.0,11.6,2,1,0,0,4,4,1,-1,0,-1,-1,0,0
B00483,21,43718.0,152250.0,72216.0,7.8,3,0,2,2,2,2,2,2,0,4,2,2,2
B00484,33,32558.0,162504.0,14480.0,14.3,3,1,-1,-1,-1,3,2,2,-1,4,1,0,0
B00485,54,35249.0,60639.0,18443.0,1.7,5,1,0,3,-1,0,0,0,0,2,1,-1,-1
B00486,40,47771.0,163977.0,15206.0,2.9,0,-1,-1,0,1,-1,1,-1,-1,3,0,0,0
B00487,39,69208.0,233150.0,86483.0,6.5,1,4,1,0,-1,2,0,-1,-1,3,4,2,-1
B00488,53,37967.0,93209.0,3719.0,5.7,1,0,-1,-1,0,-1,0,0,-1,-1,0,-1,0
B00489,55,48686.0,171586.0,67536.0,1.8,3,0,-1,-1,-1,0,0,-1,-1,-1,0,-1,-1
B00490,69,20777.0,78312.0,14727.0,6.1,3,-1,0,-1,-1,-1,-1,-1,0,0,-1,4,-1
B00491,23,52621.0,102988.0,19345.0,6.5,2,0,0,4,3,3,3,3,4,3,1,1,3
B00492,30,48378.0,94360.0,29860.0,4.0,2,0,-1,-1,1,-1,0,1,-1,-1,0,0,2
B00493,30,34850.0,56536.0,13966.0,1.2,2,2,4,-1,0,-1,0,-1,-1,-1,0,-1,-1
B00494,26,37075.0,167909.0,94634.0,11.7,1,-1,4,0,0,3,0,3,3,4,4,2,4
B00495,60,84124.0,175313.0,29402.0,7.5,3,0,-1,0,0,1,-1,0,0,-1,-1,0,-1
B00496,27,39549.0,144089.0,51258.0,3.3,0,1,-1,1,1,-1,-1,0,0,0,0,3,1
B00497,33,51825.0,197081.0,87774.0,6.7,2,1,1,3,1,-1,2,-1,-1,0,0,0,-1
B00498,64,13314.0,61493.0,15317.0,0.8,2,1,-1,0,3,2,-1,0,0,-1,0,0,0
B00499,62,38335.0,101203.0,61182.0,3.6,1,1,2,3,3,2,3,4,3,2,3,2,4
B00500,65,50139.0,266307.0,185181.0,4.3,1,4,2,2,1,-1,2,2,3,2,4,4,3
B00501,40,257539.0,954044.0,110456.0,5.7,3,2,2,3,2,4,2,4,4,1,1,4,4
B00502,26,69114.0,303407.0,117888.0,3.8,0,-1,0,2,2,0,4,-1,-1,-1,0,0,-1
B00503,54,20073.0,119194.0,19486.0,3.7,3,0,4,3,3,4,1,4,2,1,3,4,3
B00504,50,60006.0,356686.0,129900.0,1.8,0,1,3,2,0,4,1,2,-1,1,3,2,0
B00505,25,45337.0,253606.0,164997.0,7.0,4,2,4,4,2,4,3,1,4,4,2,4,3
B00506,50,72570.0,306905.0,62803.0,2.7,3,0,0,0,-1,-1,0,0,-1,-1,0,-1,-1
B00507,65,37109.0,62559.0,41476.0,17.0,3,-1,0,-1,-1,-1,-1,-1,0,3,-1,0,-1
B00508,42,31260.0,149261.0,23095.0,7.4,2,4,3,2,2,2,-1,-1,1,1,2,1,3
B00509,30,37780.0,184763.0,38938.0,5.9,1,0,-1,0,0,0,3,0,-1,0,-1,-1,-1
B00510,45,95395.0,224902.0,190395.0,7.7,2,0,-1,0,-1,3,0,-1,0,-1,-1,0,0
B00511,43,37533.0,151166.0,72910.0,6.1,0,4,-1,-1,-1,-1,2,2,3,2,4,3,1
B00512,26,66302.0,146701.0,63862.0,6.2,2,1,-1,-1,-1,-1,0,0,-1,-1,-1,-1,-1
B00513,65,39062.0,164980.0,8705.0,4.3,1,-1,1,-1,2,4,4,0,-1,-1,-1,-1,2
B00514,44,25886.0,74137.0,6859.0,3.4,3,4,2,4,2,1,1,3,-1,-1,1,0,2
B00515,35,42636.0,160296.0,41397.0,1.4,3,0,0,0,0,0,-1,0,-1,0,0,-1,0
B00516,22,58429.0,231723.0,69762.0,5.4,2,-1,0,0,-1,3,1,-1,4,-1,-1,0,-1
B00517,58,52039.0,280586.0,63744.0,0.5,4,-1,0,0,0,0,0,0,-1,-1,-1,-1,0
B00518,42,61070.0,223212.0,46465.0,6.6,1,-1,0,0,-1,4,1,0,-1,-1,0,0,-1
B00519,55,20966.0,117120.0,35820.0,0.4,1,2,1,3,0,4,2,1,-1,-1,0,2,2
B00520,30,25961.0,103051.0,14775.0,3.0,2,-1,4,1,-1,-1,0,1,-1,-1,0,-1,1
B00521,52,46010.0,272109.0,34619.0,1.3,1,2,1,1,4,1,3,2,1,2,3,4,0
B00522,28,87342.0,223642.0,185613.0,4.7,3,0,-1,3,1,0,-1,-1,3,-1,-1,0,0
B00523,35,50297.0,290389.0,132118.0,0.6,1,0,-1,0,4,0,-1,-1,0,0,1,0,-1
B00524,34,48124.0,210480.0,50821.0,8.9,5,2,3,4,4,1,4,0,2,2,-1,-1,0
B00525,61,60664.0,184221.0,53190.0,2.4,3,3,1,2,0,4,2,2,3,3,2,2,1
B00526,43,38309.0,105245.0,40746.0,20.5,3,0,0,3,4,-1,0,-1,-1,4,4,3,-1
B00527,30,139859.0,608302.0,375138.0,1.1,0,1,1,-1,3,4,3,2,4,4,0,3,1
B00528,29,22113.0,92308.0,42626.0,8.8,4,-1,-1,0,0,0,0,4,-1,-1,0,0,0
B00529,53,29894.0,168937.0,77842.0,16.6,2,0,0,-1,0,-1,-1,-1,-1,0,-1,3,-1
B00530,52,33659.0,126209.0,50948.0,4.2,3,3,-1,0,-1,0,-1,0,-1,-1,0,0,-1
B00531,56,64177.0,188830.0,74851.0,7.1,2,0,-1,0,-1,0,-1,0,3,0,-1,0,0
B00532,53,42226.0,96029.0,18401.0,3.2,2,4,2,1,2,0,-1,-1,4,2,1,4,0
B00533,68,69149.0,188632.0,39007.0,4.9,4,0,-1,-1,0,0,2,1,2,0,0,0,-1
B00534,31,34875.0,193724.0,78439.0,3.2,2,0,-1,-1,-1,0,0,0,0,0,-1,-1,-1
B00535,52,48563.0,262296.0,115930.0,11.8,4,-1,0,-1,4,0,-1,0,-1,0,-1,-1,3
B00536,61,84805.0,236867.0,26184.0,9.0,2,0,0,-1,-1,0,0,-1,0,-1,-1,0,0
B00537,44,35164.0,116111.0,84823.0,8.0,4,2,0,2,-1,2,-1,-1,0,0,-1,0,-1
B00538,53,57899.0,143592.0,100182.0,4.6,1,4,2,3,4,4,2,0,-1,4,-1,-1,-1
B00539,29,49940.0,122769.0,42839.0,6.0,3,3,3,-1,-1,-1,-1,1,0,-1,0,-1,0
B00540,48,44534.0,78866.0,13644.0,1.1,2,0,3,3,-1,1,4,0,3,0,1,-1,3
B00541,60,26672.0,92464.0,19479.0,6.7,3,0,0,0,0,-1,0,0,0,0,-1,0,0
B00542,39,54395.0,166347.0,67587.0,7.8,4,3,2,4,-1,3,1,-1,2,-1,-1,2,2
B00543,30,44201.0,240331.0,35524.0,9.3,3,1,2,4,1,3,1,4,3,4,2,3,4
B00544,50,33706.0,74702.0,20692.0,1.5,4,-1,4,0,1,-1,3,3,1,0,-1,3,4
B00545,68,42783.0,148647.0,59542.0,1.6,2,-1,2,4,2,3,4,0,2,-1,4,4,2
B00546,68,53584.0,239689.0,42525.0,4.3,0,0,0,-1,0,-1,-1,0,0,-1,-1,0,-1
B00547,57,78448.0,380573.0,143316.0,7.4,2,0,0,-1,0,2,2,0,-1,0,-1,0,0
B00548,41,62491.0,272509.0,36951.0,9.5,2,0,0,0,3,3,4,2,4,1,1,2,1
B00549,40,44894.0,206431.0,89986.0,2.1,3,-1,0,-1,1,3,3,0,0,0,0,4,1
B00550,53,94807.0,244236.0,60970.0,0.6,3,4,0,2,2,-1,0,0,4,0,4,4,3
B00551,44,26326.0,135501.0,13372.0,4.8,1,1,4,1,3,2,2,2,4,1,4,4,3
B00552,38,33628.0,163913.0,102000.0,7.8,1,0,0,0,0,2,1,0,-1,-1,3,0,0
B00553,66,77224.0,434190.0,53841.0,4.9,2,0,2,-1,-1,3,0,-1,0,0,-1,0,-1
B00554,22,40871.0,176470.0,77113.0,3.7,4,-1,-1,0,0,0,-1,-1,0,-1,0,0,0
B00555,39,32583.0,135799.0,110812.0,6.6,3,0,0,0,0,0,-1,-1,0,3,0,-1,-1
B00556,68,30510.0,158392.0,11812.0,0.3,0,-1,2,3,0,-1,0,0,0,1,1,-1,-1
B00557,25,91419.0,500755.0,176762.0,6.1,4,0,-1,0,0,1,0,-1,-1,-1,3,0,0
B00558,23,43132.0,234025.0,117655.0,5.1,1,1,3,4,-1,-1,0,0,2,-1,2,0,2
B00559,63,108164.0,600605.0,478252.0,7.5,0,-1,0,-1,0,0,-1,0,0,-1,0,0,0
B00560,30,47445.0,147528.0,45387.0,1.3,3,0,-1,0,-1,0,0,-1,-1,-1,-1,0,0
B00561,45,24117.0,78994.0,48001.0,3.8,2,0,-1,0,0,-1,0,-1,0,-1,-1,0,-1
B00562,60,67954.0,189002.0,39721.0,7.0,1,0,0,0,0,-1,-1,1,-1,-1,-1,0,-1
B00563,67,47915.0,272240.0,40252.0,2.0,1,-1,2,0,2,-1,2,0,-1,0,-1,0,-1
B00564,52,54529.0,306109.0,182416.0,10.3,2,0,4,3,-1,-1,4,1,0,0,0,0,3
B00565,26,53923.0,314005.0,125798.0,7.4,2,4,2,3,3,-1,-1,3,-1,3,-1,-1,0
B00566,31,30625.0,161296.0,35915.0,2.2,2,4,4,2,-1,1,1,0,1,4,4,4,4
B00567,21,45399.0,98282.0,55341.0,3.0,3,-1,0,-1,-1,0,-1,0,-1,-1,0,0,-1
B00568,34,26146.0,80814.0,18083.0,3.9,3,0,-1,0,-1,0,0,0,0,1,-1,0,-1
B00569,64,35903.0,205179.0,144634.0,3.6,0,-1,0,0,0,0,1,0,0,4,0,1,4
B00570,38,52360.0,188553.0,33159.0,9.3,5,0,0,0,0,0,0,0,0,-1,0,-1,0
B00571,30,34827.0,101693.0,49027.0,4.1,0,-1,0,-1,-1,-1,0,-1,0,-1,-1,4,0
B00572,57,61072.0,176268.0,58647.0,5.0,3,-1,0,-1,0,-1,0,-1,1,-1,-1,0,0
B00573,37,25674.0,70506.0,26857.0,12.0,4,-1,-1,4,4,-1,-1,-1,-1,0,-1,0,0
B00574,37,19630.0,93673.0,68249.0,11.3,2,0,3,-1,-1,0,0,-1,0,3,4,-1,0
B00575,64,76533.0,164772.0,75610.0,5.2,2,0,-1,0,-1,0,0,-1,3,0,0,-1,4
B00576,62,63786.0,332516.0,46359.0,3.0,1,-1,0,-1,-1,-1,-1,3,0,1,-1,1,0
B00577,47,41705.0,115995.0,54320.0,15.9,2,0,-1,0,-1,-1,0,4,-1,0,0,-1,-1
B00578,68,32685.0,109282.0,48486.0,3.6,1,-1,3,3,0,0,-1,-1,-1,0,2,-1,0
B00579,23,68709.0,337986.0,63550.0,4.0,0,0,0,3,-1,-1,0,0,4,-1,2,-1,-1
B00580,49,41649.0,243989.0,33970.0,6.5,3,2,1,2,1,3,3,3,3,2,1,2,1
B00581,39,90643.0,451752.0,175945.0,4.3,3,0,-1,0,0,0,0,0,-1,0,-1,0,-1
B00582,36,58923.0,280380.0,127378.0,1.5,3,0,-1,-1,0,0,-1,0,-1,0,0,0,0
B00583,25,43253.0,243665.0,68660.0,3.4,2,-1,0,-1,-1,-1,-1,0,-1,-1,-1,-1,0
B00584,62,57847.0,260804.0,71231.0,0.9,1,0,-1,0,0,0,4,4,2,0,-1,-1,-1
B00585,38,43189.0,146549.0,54232.0,4.4,2,0,2,-1,-1,0,-1,-1,0,0,-1,0,-1
B00586,69,21750.0,109423.0,15960.0,8.1,3,0,0,-1,0,-1,-1,-1,0,-1,0,-1,-1
B00587,59,59024.0,294231.0,100251.0,5.1,2,0,4,0,0,-1,0,-1,0,1,-1,-1,-1
B00588,27,44297.0,80353.0,7679.0,3.9,3,-1,3,0,4,1,-1,0,0,3,2,3,-1
B00589,65,28427.0,88934.0,51051.0,6.4,1,3,4,0,3,0,4,-1,0,-1,0,0,0
B00590,46,44197.0,136417.0,42375.0,6.0,3,2,-1,0,-1,3,0,-1,2,4,4,1,3
B00591,26,56012.0,237327.0,82777.0,7.3,4,-1,-1,0,0,0,-1,-1,-1,0,4,0,-1
B00592,58,68003.0,355053.0,24922.0,6.7,1,3,2,1,2,2,4,3,1,1,2,1,2
B00593,22,22473.0,41122.0,18002.0,7.7,2,0,0,0,0,-1,-1,0,0,-1,-1,0,-1
B00594,69,40507.0,116839.0,68782.0,1.5,1,-1,0,0,0,0,-1,0,-1,0,-1,1,-1
B00595,48,41959.0,186295.0,45414.0,9.9,3,-1,0,0,0,0,4,-1,0,-1,-1,-1,0
B00596,57,58970.0,219913.0,136733.0,1.5,0,1,0,0,0,0,0,0,2,1,0,3,-1
B00597,48,42972.0,157930.0,24965.0,6.2,1,1,0,3,-1,0,4,2,0,3,0,0,-1
B00598,31,25148.0,79409.0,3878.0,0.4,1,0,0,3,1,-1,-1,-1,-1,1,0,-1,0
B00599,32,41628.0,156253.0,72813.0,4.9,2,-1,0,1,-1,0,0,0,0,0,-1,0,3
B00600,35,32480.0,142278.0,115134.0,2.5,6,0,0,1,4,1,0,0,-1,4,3,2,2
B00601,24,52586.0,144346.0,53405.0,8.8,3,-1,0,-1,0,0,-1,-1,-1,0,-1,0,0
B00602,26,43224.0,86507.0,46853.0,3.9,2,0,2,-1,-1,-1,0,1,0,0,-1,0,0
B00603,45,28789.0,102358.0,9031.0,11.6,1,0,0,2,-1,2,0,0,-1,-1,0,-1,4
B00604,68,54796.0,122678.0,54626.0,8.0,4,1,-1,0,0,1,1,2,3,3,1,4,-1
B00605,32,49836.0,293851.0,58937.0,14.6,1,0,-1,0,3,0,-1,-1,-1,-1,3,-1,4
B00606,42,44909.0,84091.0,25307.0,20.2,0,-1,0,0,0,-1,-1,-1,0,-1,0,-1,0
B00607,45,77833.0,220798.0,155702.0,8.0,0,-1,-1,-1,-1,0,0,0,-1,1,4,1,0
B00608,24,24058.0,63781.0,32931.0,2.3,2,-1,-1,-1,-1,-1,-1,-1,0,-1,-1,-1,-1
B00609,35,96935.0,355732.0,154735.0,4.1,0,3,3,3,4,2,3,4,2,2,3,1,1
B00610,37,58003.0,228639.0,173439.0,8.3,1,3,0,-1,0,0,-1,0,0,0,0,4,1
B00611,23,50936.0,152355.0,70094.0,10.4,5,0,0,-1,1,0,-1,-1,0,-1,1,-1,0
B00612,68,39574.0,152692.0,35991.0,11.5,2,0,2,-1,-1,4,0,3,0,-1,-1,3,2
B00613,47,21298.0,124659.0,47638.0,5.3,4,0,0,0,-1,0,1,-1,0,-1,-1,0,0
B00614,23,82901.0,180996.0,101472.0,0.7,2,0,0,-1,-1,0,0,-1,1,-1,2,0,-1
B00615,35,35701.0,79796.0,36231.0,4.8,0,0,0,0,0,-1,-1,-1,-1,-1,-1,-1,0
B00616,31,53130.0,183674.0,98302.0,8.5,2,-1,0,-1,-1,-1,-1,0,-1,-1,0,-1,0
B00617,33,28255.0,64406.0,32898.0,5.0,2,-1,-1,-1,0,-1,0,-1,4,0,0,0,-1
B00618,32,74006.0,279879.0,84383.0,1.3,2,0,0,0,0,0,0,-1,-1,0,0,0,-1
B00619,65,14652.0,72878.0,13880.0,5.8,1,1,-1,4,3,3,3,0,0,4,1,0,0
B00620,45,55299.0,289908.0,20465.0,16.8,4,-1,-1,-1,0,3,2,-1,-1,-1,-1,-1,0
B00621,23,29365.0,124377.0,45335.0,3.4,5,2,2,2,1,1,3,4,3,4,3,2,1
B00622,39,55584.0,193297.0,163988.0,8.0,4,-1,-1,0,-1,0,0,0,0,0,-1,0,0
B00623,46,52519.0,162186.0,138378.0,4.9,2,0,-1,0,0,0,-1,-1,-1,4,0,0,0
B00624,40,71299.0,276327.0,136825.0,2.3,1,3,-1,3,0,3,3,3,1,4,2,2,4
B00625,26,53985.0,210482.0,140642.0,3.0,4,-1,0,0,-1,0,0,0,0,-1,0,0,0
B00626,60,34373.0,100660.0,21113.0,2.2,3,-1,0,-1,0,1,-1,0,0,4,1,4,1
B00627,40,21115.0,96070.0,80421.0,5.9,3,0,-1,-1,-1,0,0,-1,0,-1,-1,-1,-1
B00628,60,56036.0,280450.0,70315.0,10.3,3,-1,4,3,3,4,3,1,0,-1,0,0,-1
B00629,25,26101.0,125171.0,87954.0,3.8,4,4,2,1,4,2,2,3,2,2,-1,4,1
B00630,23,48865.0,151190.0,20660.0,10.0,3,0,1,-1,0,-1,3,1,-1,1,3,4,4
B00631,51,56753.0,116124.0,69115.0,4.3,1,0,0,0,0,-1,0,-1,2,0,4,3,2
B00632,48,72772.0,217345.0,62796.0,2.2,1,0,-1,-1,0,0,0,0,0,-1,-1,0,0
B00633,33,18621.0,91115.0,49527.0,3.0,2,0,0,0,-1,-1,0,-1,-1,-1,0,-1,-1
B00634,51,27078.0,41016.0,5488.0,10.5,3,-1,-1,0,0,-1,0,0,0,-1,0,-1,0
B00635,46,61403.0,262173.0,76046.0,7.9,0,0,-1,0,0,3,4,2,0,0,-1,0,1
B00636,67,58681.0,344881.0,114208.0,4.4,3,-1,-1,0,0,0,-1,-1,0,-1,-1,-1,-1
B00637,34,41697.0,74483.0,43222.0,6.2,1,2,-1,-1,-1,0,0,-1,0,-1,0,0,0
B00638,37,22424.0,52768.0,19858.0,1.7,1,0,0,-1,0,-1,0,-1,-1,0,-1,0,-1
B00639,66,59935.0,212088.0,133658.0,4.2,5,4,3,2,1,-1,-1,-1,-1,-1,-1,0,4
B00640,31,44091.0,101777.0,22647.0,1.5,2,3,4,0,0,-1,0,4,1,3,3,4,1
B00641,56,38132.0,74490.0,40245.0,2.5,2,-1,-1,-1,0,0,0,0,0,-1,4,0,0
B00642,49,60637.0,227803.0,26538.0,5.4,4,-1,1,4,1,3,4,2,1,1,4,2,1
B00643,29,189109.0,1092334.0,855680.0,5.1,0,0,0,-1,-1,0,-1,4,2,0,3,3,0
B00644,53,28800.0,109319.0,60429.0,1.1,1,-1,0,0,1,-1,-1,0,0,-1,4,-1,4
B00645,37,124056.0,496954.0,201146.0,4.7,4,0,0,3,0,0,1,1,2,4,2,-1,0
B00646,37,56075.0,207889.0,24801.0,16.9,1,3,0,0,2,1,3,-1,-1,0,-1,0,0
B00647,60,80754.0,462570.0,161316.0,7.0,1,-1,3,4,-1,3,-1,-1,0,3,2,1,1
B00648,64,66338.0,109418.0,47146.0,2.5,4,-1,-1,-1,-1,1,-1,-1,0,-1,0,0,0
B00649,44,72342.0,183690.0,129965.0,1.7,2,0,-1,2,4,-1,-1,-1,-1,4,0,-1,0
B00650,31,48245.0,91760.0,47597.0,13.9,2,-1,0,-1,-1,0,0,-1,0,-1,-1,4,0
B00651,53,25413.0,58723.0,37161.0,12.9,2,0,0,-1,0,-1,0,-1,-1,1,0,-1,-1
B00652,35,39764.0,103298.0,3759.0,5.6,1,2,2,0,0,1,3,1,2,2,1,1,1
B00653,63,97632.0,292546.0,133546.0,4.0,2,-1,0,0,-1,0,-1,-1,0,3,0,-1,0
B00654,41,90467.0,308034.0,142961.0,2.4,3,3,2,4,2,0,-1,-1,2,1,2,-1,0
B00655,26,77273.0,221019.0,110369.0,1.1,1,-1,-1,-1,0,0,-1,-1,-1,-1,-1,0,0
B00656,61,74139.0,155656.0,61475.0,2.0,1,4,2,-1,1,2,-1,4,0,-1,0,0,-1
B00657,49,44736.0,176178.0,77368.0,10.7,1,0,-1,0,-1,0,0,0,2,-1,-1,4,2
B00658,51,24651.0,40624.0,6645.0,7.7,1,0,4,0,0,0,4,0,4,3,2,2,1
B00659,60,51686.0,142020.0,23320.0,7.5,1,-1,-1,0,-1,-1,-1,0,0,0,3,-1,-1
B00660,38,29839.0,81357.0,1356.0,10.6,4,0,0,0,-1,0,0,0,0,-1,0,0,0
B00661,57,51858.0,298625.0,165832.0,1.1,3,0,0,0,0,0,2,-1,0,-1,-1,-1,0
B00662,51,19224.0,52502.0,38305.0,7.8,1,0,2,1,1,-1,3,3,1,2,1,2,1
B00663,28,33028.0,189287.0,141052.0,17.5,3,0,-1,0,-1,-1,-1,-1,-1,0,0,0,-1
B00664,36,53254.0,180975.0,121539.0,12.1,0,4,2,2,2,3,2,3,1,3,-1,2,3
B00665,53,32982.0,64340.0,20634.0,2.5,2,0,-1,0,-1,1,1,-1,-1,0,0,-1,-1
B00666,26,26019.0,119132.0,13607.0,5.5,1,0,4,2,-1,-1,-1,3,0,-1,-1,1,3
B00667,39,37633.0,193832.0,23161.0,1.9,3,0,0,-1,-1,0,-1,-1,1,0,0,0,-1
B00668,36,60329.0,206822.0,6771.0,2.5,3,3,1,1,0,2,1,-1,0,0,2,2,0
B00669,38,30917.0,81425.0,16221.0,2.2,3,0,1,1,4,2,1,4,1,3,1,0,4
B00670,67,27678.0,43115.0,14748.0,2.7,2,-1,-1,0,3,3,1,-1,-1,-1,-1,1,-1
B00671,24,46883.0,98771.0,30627.0,7.6,2,0,0,0,1,-1,-1,2,2,1,-1,3,0
B00672,51,122666.0,443758.0,315786.0,6.7,2,-1,0,-1,0,-1,0,0,-1,0,-1,0,0
B00673,38,62092.0,295563.0,74961.0,5.1,5,0,0,4,-1,-1,-1,2,-1,2,-1,0,-1
B00674,28,56432.0,332791.0,139722.0,8.9,0,0,0,-1,-1,0,0,-1,0,0,0,-1,-1
B00675,46,56304.0,207231.0,67863.0,12.6,1,0,-1,0,0,-1,-1,0,0,4,0,-1,-1
B00676,69,42671.0,205566.0,68446.0,0.9,1,-1,1,-1,-1,-1,-1,-1,0,-1,1,0,0
B00677,30,18281.0,53010.0,6481.0,5.3,0,0,0,0,0,4,4,0,0,-1,0,-1,0
B00678,58,33845.0,201451.0,55290.0,3.9,2,4,4,-1,3,-1,0,-1,3,0,-1,0,0
B00679,40,37640.0,195885.0,125398.0,7.8,2,-1,4,2,1,-1,2,0,4,0,4,4,2
B00680,69,41663.0,182319.0,60968.0,11.9,2,-1,0,0,0,2,0,-1,0,1,2,-1,-1
B00681,23,31051.0,146194.0,51980.0,5.6,2,-1,0,0,2,0,-1,-1,0,0,4,3,1
B00682,31,28377.0,144782.0,98513.0,6.1,1,1,2,1,4,3,4,1,3,4,1,3,2
B00683,66,29755.0,66428.0,27917.0,12.9,1,-1,-1,3,4,4,0,-1,-1,0,0,0,0
B00684,46,43973.0,106964.0,66475.0,19.3,3,-1,-1,0,-1,0,0,0,-1,0,0,0,0
B00685,23,165333.0,872010.0,569084.0,4.6,1,-1,0,-1,4,3,1,-1,-1,0,-1,-1,0
B00686,52,78891.0,237260.0,226179.0,5.9,0,0,0,-1,0,-1,-1,0,-1,-1,-1,-1,-1
B00687,50,77493.0,206359.0,118515.0,2.6,0,0,-1,0,-1,-1,-1,-1,0,0,0,0,0
B00688,47,75121.0,298884.0,173508.0,4.8,2,3,4,2,4,3,0,-1,0,0,-1,2,3
B00689,35,27504.0,121788.0,47811.0,14.7,3,0,1,0,0,-1,-1,-1,4,1,0,-1,0
B00690,26,33659.0,72056.0,30260.0,9.8,3,0,-1,1,-1,3,3,-1,0,4,0,4,3
B00691,42,19557.0,51782.0,23528.0,4.5,4,0,-1,0,0,0,0,4,0,-1,0,0,-1
B00692,31,87103.0,158512.0,36619.0,2.7,0,0,0,0,0,0,1,0,0,0,-1,0,-1
B00693,61,73729.0,138076.0,63226.0,8.9,1,-1,2,-1,-1,0,-1,-1,-1,0,3,0,3
B00694,47,42860.0,110284.0,64162.0,2.2,4,-1,0,4,0,0,-1,-1,0,4,3,2,2
B00695,21,25625.0,112185.0,43176.0,9.8,3,0,0,-1,-1,3,-1,0,4,0,-1,-1,0
B00696,64,46260.0,138189.0,119247.0,4.2,4,4,0,3,3,1,1,0,0,-1,4,4,-1
B00697,63,33132.0,92717.0,17837.0,3.8,1,1,4,3,3,-1,-1,4,-1,0,0,3,-1
B00698,54,49306.0,280999.0,144784.0,2.9,2,4,0,0,-1,-1,-1,1,0,0,-1,0,3
B00699,36,20921.0,70097.0,33229.0,1.6,1,0,4,4,3,4,-1,4,2,3,-1,4,-1
B00700,28,43463.0,130302.0,5150.0,3.6,1,-1,0,0,0,-1,-1,0,0,3,-1,-1,0
B00701,45,31948.0,111313.0,87622.0,4.1,0,-1,0,-1,0,-1,-1,-1,0,-1,-1,-1,-1
B00702,63,51666.0,167125.0,96923.0,11.5,2,3,1,0,2,-1,1,1,1,2,4,2,4
B00703,68,26144.0,129431.0,57131.0,11.8,1,-1,-1,0,1,3,2,0,0,3,2,3,1
B00704,52,96477.0,543792.0,164627.0,8.1,3,-1,-1,0,0,0,-1,0,0,-1,0,-1,-1
B00705,43,38922.0,128367.0,7564.0,3.3,1,4,-1,-1,-1,-1,0,-1,0,4,2,0,-1
B00706,22,53016.0,285643.0,180132.0,2.6,1,3,4,2,3,4,4,2,1,-1,-1,1,1
B00707,47,81703.0,369294.0,139472.0,2.3,1,-1,4,1,4,0,2,2,2,2,1,3,4
B00708,26,85982.0,505882.0,26586.0,7.2,1,4,1,2,0,3,2,2,0,2,1,1,0
B00709,67,60114.0,135544.0,95674.0,4.0,4,0,2,3,2,0,0,1,2,1,2,1,1
B00710,67,40014.0,136761.0,104886.0,2.4,3,0,0,-1,-1,3,3,1,-1,4,4,1,-1
B00711,56,31441.0,109794.0,34917.0,2.5,5,3,2,2,3,3,2,1,4,1,4,3,3
B00712,33,83413.0,242634.0,147032.0,9.1,1,4,2,0,2,1,3,-1,3,2,-1,0,-1
B00713,69,81398.0,259415.0,172574.0,3.0,2,0,-1,0,0,-1,-1,-1,-1,2,-1,-1,-1
B00714,25,75474.0,371166.0,85944.0,1.4,1,3,4,-1,1,3,4,1,0,4,0,-1,-1
B00715,63,19584.0,41738.0,14226.0,10.8,0,-1,-1,-1,0,1,0,-1,4,0,-1,-1,0
B00716,38,24090.0,43233.0,18697.0,3.8,0,3,3,2,1,0,4,4,4,3,3,3,2
B00717,22,30628.0,114581.0,101888.0,13.2,7,-1,0,-1,1,4,-1,2,0,-1,2,-1,-1
B00718,55,30106.0,62372.0,8047.0,17.6,3,0,-1,0,-1,3,4,3,3,2,-1,0,4
B00719,32,30741.0,159824.0,40101.0,1.3,2,3,4,3,1,2,1,2,3,3,2,0,2
B00720,29,23554.0,46256.0,15088.0,13.1,3,1,-1,4,1,2,3,4,0,4,-1,4,4
B00721,65,70654.0,302756.0,87299.0,1.8,2,-1,0,0,0,-1,-1,2,-1,-1,-1,0,-1
B00722,28,14207.0,56548.0,12432.0,6.1,1,4,4,1,4,3,2,1,0,1,1,1,1
B00723,61,75515.0,277572.0,147988.0,0.5,0,0,0,-1,-1,0,-1,-1,0,-1,-1,-1,-1
B00724,61,50553.0,136182.0,62445.0,7.7,3,0,-1,-1,1,-1,0,0,0,0,1,-1,-1
B00725,51,30857.0,151716.0,67978.0,4.8,3,-1,-1,0,-1,-1,-1,-1,0,-1,-1,-1,0
B00726,25,68109.0,335645.0,184321.0,9.8,1,-1,2,2,4,1,1,1,3,4,3,4,-1
B00727,64,56265.0,110533.0,46385.0,14.8,6,0,2,-1,-1,-1,0,-1,0,-1,0,-1,2
B00728,65,34142.0,119599.0,33075.0,14.6,1,-1,-1,-1,0,-1,-1,0,-1,0,0,0,0
B00729,68,17169.0,41951.0,8857.0,13.8,2,4,2,1,3,-1,-1,4,0,3,0,2,-1
B00730,46,72172.0,286518.0,208616.0,7.4,0,0,0,0,2,-1,0,0,0,0,-1,4,0
B00731,24,46897.0,70650.0,26901.0,2.8,4,-1,1,1,1,4,2,-1,2,2,3,1,1
B00732,24,28397.0,100940.0,52855.0,1.9,2,0,2,0,0,3,0,3,4,-1,0,-1,0
B00733,50,28176.0,116672.0,68924.0,3.6,0,-1,-1,4,-1,-1,0,-1,0,0,1,3,4
B00734,67,37027.0,86494.0,15273.0,0.7,3,4,2,2,3,4,2,4,2,4,1,1,-1
B00735,37,46814.0,70277.0,59701.0,5.6,2,-1,0,0,-1,-1,0,-1,-1,2,-1,-1,0
B00736,53,85691.0,408521.0,201886.0,5.7,2,0,1,0,0,0,0,-1,3,2,3,1,2
B00737,24,31777.0,106137.0,67786.0,10.6,2,0,0,2,0,-1,0,0,2,0,0,-1,2
B00738,29,20355.0,116329.0,32724.0,6.9,1,4,1,0,1,-1,0,4,3,3,1,0,0
B00739,23,35839.0,60405.0,26971.0,11.5,3,-1,-1,2,-1,3,-1,1,0,0,-1,-1,-1
B00740,66,79930.0,447196.0,44741.0,13.3,4,-1,0,0,-1,-1,0,-1,0,0,-1,-1,0
B00741,39,67985.0,288514.0,63828.0,5.5,4,2,1,1,3,0,0,0,-1,-1,-1,0,-1
B00742,57,81252.0,379109.0,183885.0,18.0,5,0,-1,0,-1,-1,0,0,2,2,-1,-1,0
B00743,38,28270.0,153506.0,57826.0,7.8,1,-1,0,0,-1,0,-1,-1,-1,-1,-1,0,-1
B00744,31,58201.0,176676.0,62153.0,3.6,5,-1,-1,-1,-1,-1,-1,0,0,-1,0,-1,-1
B00745,55,99810.0,323351.0,154663.0,11.6,1,1,0,0,4,2,1,4,4,3,2,1,2
B00746,23,81164.0,167846.0,141087.0,9.2,3,-1,0,4,1,-1,0,0,0,-1,0,-1,2
B00747,33,47163.0,78507.0,66033.0,5.5,0,0,0,-1,1,0,3,4,-1,3,-1,-1,0
B00748,30,142130.0,340944.0,114415.0,11.7,0,2,4,2,1,-1,0,0,0,0,-1,4,-1
B00749,48,36266.0,138048.0,84914.0,2.6,4,0,0,-1,-1,-1,-1,-1,4,3,4,4,0
B00750,43,46794.0,239669.0,55983.0,3.8,1,-1,-1,0,-1,0,0,-1,-1,0,0,0,0
B00751,62,116644.0,574930.0,78538.0,8.1,2,3,3,0,2,3,3,2,2,2,0,4,3
B00752,26,32227.0,93117.0,52546.0,7.1,2,-1,-1,1,0,0,2,0,2,1,-1,3,-1
B00753,61,53985.0,255839.0,115804.0,12.3,3,-1,-1,3,3,1,1,2,4,4,3,2,1
B00754,53,51373.0,264500.0,115167.0,2.3,2,-1,-1,0,-1,-1,0,-1,0,0,0,0,0
B00755,49,42225.0,69234.0,20519.0,1.3,0,0,-1,-1,0,-1,0,-1,0,0,-1,0,0
B00756,54,59770.0,262956.0,123913.0,8.2,1,0,0,-1,0,-1,0,3,0,-1,-1,4,-1
B00757,37,52008.0,97645.0,9248.0,6.8,1,1,1,-1,-1,1,1,0,-1,2,-1,4,2
B00758,31,34604.0,136423.0,25110.0,1.8,2,2,3,2,2,2,1,1,4,-1,3,2,3
B00759,51,26335.0,111178.0,53746.0,11.0,1,0,-1,0,-1,0,2,0,-1,-1,-1,3,-1
B00760,31,46642.0,128242.0,68088.0,12.2,2,-1,-1,0,0,0,0,0,0,0,0,0,0
B00761,54,94166.0,182411.0,47843.0,4.2,0,-1,-1,0,0,0,0,0,0,0,-1,-1,0
B00762,28,29588.0,107902.0,57949.0,3.7,1,4,0,-1,4,0,2,3,2,4,3,1,-1
B00763,51,41117.0,206623.0,181355.0,6.9,1,4,2,2,4,-1,4,3,1,-1,1,-1,1
B00764,69,50661.0,293693.0,79547.0,9.9,5,1,-1,3,2,-1,-1,3,-1,-1,-1,-1,-1
B00765,68,66254.0,186059.0,82245.0,10.0,2,3,1,4,-1,-1,-1,3,3,0,0,0,0
B00766,39,67823.0,208390.0,51392.0,6.5,1,4,2,2,4,4,2,4,1,2,2,3,1
B00767,27,23972.0,139516.0,73284.0,9.3,2,-1,-1,2,-1,-1,3,4,-1,3,4,3,3
B00768,42,50756.0,170847.0,82260.0,7.7,0,-1,-1,-1,-1,0,0,-1,-1,-1,-1,-1,-1
B00769,59,45637.0,114979.0,683.0,10.3,1,-1,0,-1,-1,0,0,0,0,0,0,-1,-1
B00770,38,39688.0,71468.0,9586.0,4.0,3,0,0,2,-1,0,0,-1,0,0,-1,0,0
B00771,63,45742.0,263727.0,172446.0,7.7,1,-1,0,0,-1,2,0,2,-1,-1,0,-1,-1
B00772,32,43961.0,162537.0,60553.0,5.2,4,-1,0,0,-1,-1,0,4,4,1,-1,-1,-1
B00773,68,49088.0,132316.0,30100.0,12.9,0,-1,0,0,-1,2,2,1,0,2,4,2,3
B00774,23,64466.0,339746.0,180495.0,0.5,3,3,1,2,-1,1,1,4,4,3,4,4,3
B00775,42,35210.0,202366.0,80636.0,10.5,3,-1,0,-1,-1,-1,0,0,-1,0,0,0,0
B00776,26,32379.0,65323.0,10932.0,3.5,3,-1,1,1,0,-1,2,1,3,1,1,0,0
B00777,58,103524.0,531541.0,52874.0,6.6,1,0,-1,-1,-1,0,-1,-1,0,-1,-1,0,0
B00778,68,48481.0,283580.0,115987.0,5.4,2,0,-1,0,0,-1,4,0,-1,-1,-1,-1,4
B00779,65,46138.0,193837.0,88863.0,9.9,1,0,2,-1,-1,-1,0,0,0,-1,-1,-1,-1
B00780,45,29726.0,71537.0,36771.0,4.4,0,3,4,1,3,0,-1,3,4,1,-1,1,4
B00781,22,31497.0,157197.0,17843.0,7.7,4,3,3,2,-1,4,3,3,2,4,4,1,3
B00782,50,48415.0,177820.0,34329.0,10.3,3,0,0,-1,-1,0,-1,-1,-1,0,-1,0,-1
B00783,47,34514.0,96157.0,7969.0,3.9,0,-1,4,3,4,3,0,-1,-1,-1,-1,0,-1
B00784,39,27647.0,163566.0,99063.0,5.4,3,0,0,0,-1,0,0,-1,0,-1,-1,-1,0
B00785,25,42037.0,233453.0,11510.0,4.8,0,3,2,1,3,3,1,3,1,3,3,1,3
B00786,55,34176.0,183595.0,41391.0,1.9,3,-1,-1,0,0,1,-1,3,-1,0,0,4,4
B00787,46,55991.0,206689.0,59262.0,2.0,0,3,0,0,4,3,4,2,2,-1,0,-1,-1
B00788,41,29333.0,93951.0,41152.0,7.7,7,0,-1,3,0,0,1,0,-1,0,-1,2,-1
B00789,27,30796.0,121520.0,62616.0,5.2,0,0,-1,0,2,-1,-1,2,0,-1,0,-1,0
B00790,24,29528.0,147982.0,73069.0,2.5,1,-1,0,0,-1,0,0,0,0,0,0,-1,0
B00791,53,41408.0,194540.0,81339.0,2.9,1,2,1,1,3,2,2,3,4,4,2,0,2
B00792,67,41961.0,185383.0,64995.0,2.4,3,4,-1,-1,0,0,3,1,4,3,-1,1,-1
B00793,64,44228.0,218680.0,80758.0,2.6,5,0,2,-1,-1,-1,0,0,-1,0,-1,0,-1
B00794,44,36565.0,124123.0,65164.0,3.0,0,0,1,3,2,2,4,0,-1,-1,0,0,0
B00795,44,57197.0,272624.0,99135.0,1.3,1,1,2,1,4,4,4,3,2,1,1,4,0
B00796,25,43811.0,206952.0,50117.0,4.8,1,-1,4,-1,-1,-1,-1,-1,-1,-1,1,4,4
B00797,25,37046.0,141787.0,73182.0,2.1,4,0,-1,0,0,-1,-1,0,0,-1,0,0,0
B00798,51,30486.0,71774.0,24033.0,7.0,1,-1,0,0,0,0,-1,-1,0,-1,0,-1,-1
B00799,50,79115.0,212651.0,16035.0,6.6,4,0,1,0,0,3,2,0,4,-1,0,0,4
B00800,32,66521.0,187743.0,102507.0,4.0,1,3,1,3,3,2,1,1,4,2,2,2,3
B00801,66,70251.0,391027.0,55836.0,3.2,2,-1,-1,0,0,0,-1,-1,0,0,-1,0,-1
B00802,39,38521.0,206666.0,147931.0,0.7,0,3,1,2,3,1,0,3,4,4,4,-1,3
B00803,56,40889.0,213964.0,33986.0,3.5,2,-1,-1,0,0,-1,0,-1,0,-1,-1,-1,0
B00804,56,37377.0,144703.0,11847.0,0.7,2,0,0,0,-1,0,2,3,3,4,0,-1,3
B00805,31,49898.0,242094.0,103803.0,3.2,3,-1,-1,-1,-1,3,2,2,-1,-1,0,1,4
B00806,61,61796.0,165808.0,8617.0,12.6,1,-1,-1,3,3,-1,0,0,-1,2,0,-1,-1
B00807,27,40521.0,109732.0,29803.0,8.3,1,0,2,3,1,-1,3,3,-1,0,-1,3,2
B00808,69,27034.0,121697.0,6932.0,6.4,4,1,0,-1,0,-1,2,0,-1,0,-1,-1,0
B00809,54,85012.0,132452.0,50622.0,8.4,1,0,-1,-1,0,0,-1,-1,-1,-1,0,-1,0
B00810,63,65612.0,368398.0,295484.0,5.0,5,2,-1,-1,1,1,1,1,2,2,1,1,2
B00811,52,26074.0,91906.0,8135.0,10.8,2,-1,-1,0,-1,-1,0,0,-1,-1,0,0,-1
B00812,42,16356.0,70348.0,27731.0,1.8,2,2,1,-1,2,3,2,4,1,4,0,4,1
B00813,27,67795.0,107108.0,64176.0,1.3,1,-1,0,2,0,0,0,3,2,-1,-1,-1,4
B00814,27,117814.0,448347.0,266687.0,9.7,2,0,0,0,-1,0,-1,-1,-1,-1,0,0,-1
B00815,42,48897.0,231937.0,87472.0,3.7,2,0,-1,2,-1,0,4,-1,1,1,0,1,1
B00816,23,50590.0,197352.0,84705.0,6.9,2,0,0,1,0,0,-1,-1,2,-1,-1,-1,-1
B00817,49,20953.0,42931.0,13204.0,4.3,2,3,4,1,2,4,4,1,1,-1,4,2,3
B00818,46,74161.0,360024.0,121267.0,10.5,3,0,-1,-1,1,4,2,2,-1,-1,0,-1,3
B00819,36,51886.0,134833.0,33581.0,7.3,3,3,1,4,-1,4,2,0,0,2,4,2,-1
B00820,42,26301.0,99269.0,30483.0,10.1,4,-1,-1,-1,-1,0,0,-1,0,0,0,-1,0
B00821,26,38175.0,199582.0,121385.0,13.9,1,3,2,1,3,0,4,3,1,4,3,2,3
B00822,52,17086.0,58288.0,48862.0,5.9,3,2,2,2,1,1,1,-1,0,4,4,4,3
B00823,64,35030.0,103616.0,49900.0,16.0,3,-1,0,2,-1,-1,-1,3,3,-1,-1,-1,0
B00824,39,38013.0,134731.0,43128.0,2.5,3,0,-1,-1,0,3,-1,1,0,1,-1,-1,0
B00825,52,42675.0,209064.0,29570.0,5.8,2,3,1,3,1,-1,3,2,2,0,4,1,4
B00826,58,45262.0,141149.0,72401.0,2.0,2,-1,0,0,-1,-1,0,0,0,0,1,0,0
B00827,51,34946.0,117573.0,29079.0,2.3,2,-1,-1,0,1,0,-1,0,4,0,-1,2,0
B00828,65,64995.0,145295.0,34817.0,7.0,1,3,1,0,-1,0,-1,4,1,3,-1,4,1
B00829,69,53932.0,268226.0,135595.0,1.9,2,0,0,0,-1,0,0,0,-1,0,0,-1,0
B00830,65,27682.0,127473.0,68503.0,1.2,1,0,-1,0,0,0,-1,0,0,2,-1,-1,-1
B00831,36,73579.0,291319.0,151640.0,7.9,0,0,1,0,-1,4,3,3,1,0,0,-1,-1
B00832,54,48909.0,267257.0,62205.0,18.4,3,-1,-1,0,0,-1,0,-1,-1,0,0,0,0
B00833,52,36817.0,134362.0,39616.0,6.4,5,-1,4,3,3,4,1,-1,3,3,4,3,2
B00834,62,14198.0,47004.0,10871.0,8.4,0,-1,-1,0,-1,2,2,2,0,-1,2,-1,0
B00835,28,26188.0,135749.0,52255.0,5.0,2,4,1,-1,0,0,-1,-1,0,-1,0,1,3
B00836,38,65752.0,298538.0,277144.0,5.5,3,1,4,4,-1,0,0,0,0,-1,1,-1,-1
B00837,22,44106.0,263898.0,22612.0,2.2,0,0,1,-1,-1,3,3,2,4,1,0,0,-1
B00838,31,38014.0,221163.0,55785.0,0.6,3,1,0,3,-1,3,0,0,0,-1,0,-1,0
B00839,53,48468.0,277126.0,13814.0,3.0,0,-1,4,4,-1,-1,-1,0,3,4,4,3,-1
B00840,61,80814.0,280905.0,44512.0,4.6,2,-1,2,3,4,4,0,0,2,1,-1,4,-1
B00841,21,42777.0,150240.0,36674.0,5.2,3,0,0,0,0,-1,-1,-1,4,-1,0,0,0
B00842,66,51818.0,296492.0,95660.0,9.2,1,0,3,2,2,0,-1,-1,0,0,0,0,-1
B00843,55,57359.0,205724.0,60620.0,5.3,1,0,0,0,0,-1,0,0,0,0,0,-1,3
B00844,59,22422.0,61969.0,16422.0,12.9,4,0,0,-1,-1,0,-1,-1,0,0,0,0,2
B00845,21,120943.0,691229.0,361705.0,1.4,1,1,-1,0,-1,0,2,0,0,0,-1,0,0
B00846,45,41195.0,166930.0,71993.0,2.0,2,-1,4,3,1,2,2,1,0,3,3,2,1
B00847,44,31547.0,180906.0,100070.0,1.6,0,-1,-1,0,0,4,3,1,4,3,4,2,0
B00848,21,135296.0,238903.0,136434.0,4.1,1,-1,2,-1,-1,0,1,-1,-1,3,4,-1,0
B00849,44,27748.0,46614.0,34071.0,1.9,3,0,0,-1,-1,-1,0,-1,0,-1,3,0,0
B00850,23,58625.0,308607.0,166882.0,4.9,0,0,2,-1,0,0,0,2,0,2,4,-1,0
B00851,49,66444.0,238521.0,25382.0,12.2,1,1,-1,1,-1,4,2,0,0,-1,-1,0,1
B00852,56,32858.0,92992.0,24585.0,10.2,1,-1,0,0,-1,-1,-1,-1,0,2,0,1,-1
B00853,41,73048.0,245499.0,76189.0,4.7,0,1,0,0,-1,0,-1,0,0,-1,0,0,2
B00854,47,22598.0,134509.0,50763.0,8.3,1,-1,-1,0,2,0,0,0,0,0,0,3,-1
B00855,49,24532.0,118909.0,13768.0,3.1,1,3,4,4,3,2,2,2,1,3,1,1,3
B00856,33,48910.0,112317.0,15255.0,0.9,4,-1,0,-1,-1,-1,0,-1,0,0,-1,0,0
B00857,36,35916.0,130459.0,25989.0,13.8,3,-1,0,0,-1,0,2,4,1,0,0,2,-1
B00858,60,71449.0,199744.0,96031.0,2.4,4,-1,1,-1,2,-1,-1,0,0,-1,-1,-1,-1
B00859,51,67965.0,290654.0,66363.0,19.6,0,-1,4,1,0,0,0,1,2,4,2,1,-1
B00860,36,46407.0,220801.0,57842.0,3.8,1,1,3,1,3,-1,4,1,0,-1,-1,-1,0
B00861,69,44595.0,185259.0,56313.0,11.0,2,0,-1,-1,0,0,0,4,1,-1,0,-1,1
B00862,25,50833.0,208514.0,93269.0,6.8,0,0,3,3,3,0,0,-1,-1,-1,0,0,-1
B00863,23,22573.0,130852.0,67569.0,2.1,5,4,3,1,4,3,1,3,2,1,2,0,3
B00864,42,37752.0,136350.0,7435.0,0.5,0,-1,4,-1,0,0,-1,-1,4,-1,-1,0,0
B00865,37,99707.0,556547.0,206732.0,5.7,0,0,-1,0,-1,-1,-1,0,0,0,0,-1,-1
B00866,22,23441.0,44156.0,24270.0,1.2,3,-1,2,1,2,-1,0,1,0,2,2,-1,2
B00867,25,34329.0,202792.0,102754.0,13.0,2,-1,4,2,0,3,4,3,3,0,0,-1,0
B00868,39,33256.0,159458.0,83562.0,2.1,4,0,-1,3,4,-1,-1,-1,0,3,2,4,2
B00869,34,37390.0,56718.0,30631.0,7.4,0,-1,2,0,-1,-1,0,-1,0,0,-1,-1,-1
B00870,27,38989.0,136577.0,22741.0,2.6,3,-1,1,3,2,0,4,3,2,3,4,2,4
B00871,55,43894.0,108011.0,25560.0,1.0,2,-1,-1,0,-1,0,0,0,-1,-1,-1,-1,-1
B00872,28,57398.0,111934.0,47238.0,3.2,3,-1,1,0,0,-1,-1,-1,0,0,-1,-1,0
B00873,57,59712.0,107026.0,73258.0,9.0,2,0,0,0,0,-1,0,0,-1,-1,-1,0,0
B00874,22,35968.0,160981.0,62642.0,2.7,0,-1,4,4,4,0,4,-1,3,4,4,4,3
B00875,49,35450.0,65799.0,45022.0,1.0,1,-1,0,-1,-1,0,0,-1,-1,0,-1,-1,-1
B00876,59,52442.0,103338.0,30671.0,5.0,1,2,-1,0,0,3,-1,-1,0,2,-1,-1,0
B00877,62,20680.0,41296.0,1712.0,6.7,4,0,0,-1,4,-1,-1,-1,0,0,-1,2,-1
B00878,59,130397.0,308416.0,119791.0,2.1,3,-1,-1,4,0,0,-1,0,-1,-1,-1,0,-1
B00879,39,16855.0,46681.0,21312.0,7.6,0,4,2,2,3,-1,1,2,1,2,3,3,3
B00880,67,32331.0,60146.0,2327.0,12.2,2,1,-1,4,-1,0,0,0,1,-1,-1,-1,3
B00881,21,29281.0,121645.0,48541.0,6.8,3,0,1,0,4,3,1,-1,2,1,0,3,0
B00882,38,40697.0,159888.0,47146.0,2.4,2,2,1,0,4,0,0,4,-1,-1,-1,3,2
B00883,55,20013.0,47213.0,18793.0,5.5,4,-1,-1,0,0,-1,0,0,0,0,-1,0,-1
B00884,68,67573.0,288717.0,84357.0,2.8,1,-1,-1,-1,-1,-1,-1,-1,0,0,-1,0,-1
B00885,42,53024.0,264862.0,93875.0,10.1,4,3,2,1,3,0,1,3,1,0,2,2,4
B00886,51,92601.0,521936.0,176879.0,3.0,3,-1,0,-1,-1,-1,3,1,0,-1,4,3,4
B00887,30,106146.0,270587.0,83026.0,3.3,0,0,0,0,0,-1,0,-1,0,1,0,-1,-1
B00888,54,24898.0,100418.0,44439.0,3.6,4,-1,-1,-1,-1,0,-1,0,-1,1,-1,0,-1
B00889,34,69738.0,224660.0,141766.0,16.3,0,0,0,-1,0,-1,-1,-1,-1,1,0,0,-1
B00890,27,95873.0,473383.0,269543.0,7.5,2,0,3,0,-1,1,0,-1,0,2,2,2,3
B00891,63,79437.0,469620.0,79349.0,9.4,4,0,0,-1,-1,0,-1,-1,-1,-1,0,4,0
B00892,58,41108.0,242924.0,24350.0,10.2,2,4,3,1,2,-1,-1,0,0,0,-1,3,0
B00893,40,44531.0,249031.0,106583.0,6.7,1,-1,2,4,4,0,-1,1,-1,-1,0,2,-1
B00894,69,31041.0,140818.0,85747.0,1.3,0,3,4,2,-1,-1,-1,-1,0,-1,0,0,0
B00895,47,49508.0,75527.0,4000.0,10.6,1,0,-1,0,0,-1,0,3,0,-1,0,-1,-1
B00896,52,27065.0,146390.0,39750.0,6.4,1,-1,4,1,4,4,1,2,4,2,4,4,-1
B00897,34,54342.0,114971.0,33199.0,8.3,1,-1,0,-1,0,0,2,2,0,0,0,-1,0
B00898,25,41477.0,181636.0,88321.0,2.5,2,-1,3,4,2,0,2,3,4,2,0,0,4
B00899,42,44735.0,167899.0,117208.0,3.7,1,0,0,1,0,-1,-1,-1,2,-1,0,0,-1
B00900,31,31447.0,61855.0,32109.0,5.3,0,-1,0,3,3,2,-1,-1,0,-1,0,3,1
B00901,44,18871.0,53600.0,43783.0,4.5,3,0,-1,-1,-1,-1,-1,4,0,0,0,0,0
B00902,56,57950.0,210178.0,73725.0,3.4,2,4,1,-1,4,3,4,4,3,3,3,0,2
B00903,54,43875.0,119831.0,18963.0,4.8,1,-1,-1,0,0,0,0,-1,0,-1,0,-1,0
B00904,29,48669.0,132041.0,43364.0,26.2,1,-1,4,1,4,4,2,1,-1,2,-1,1,3
B00905,28,29009.0,56508.0,15374.0,1.1,1,-1,0,0,3,1,2,4,1,2,4,2,4
B00906,25,32420.0,70646.0,29835.0,3.3,1,-1,-1,1,-1,-1,0,-1,0,-1,0,0,0
B00907,41,256544.0,1526085.0,1177281.0,8.8,3,3,-1,1,0,3,2,1,-1,-1,4,0,0
B00908,34,44438.0,219137.0,88786.0,2.0,1,-1,1,-1,3,3,0,1,3,0,0,3,4
B00909,60,23843.0,132929.0,42707.0,4.7,2,-1,0,0,0,0,0,-1,1,-1,0,4,2
B00910,56,45397.0,177261.0,45796.0,11.7,1,2,-1,0,-1,-1,0,0,0,0,0,0,4
B00911,26,61985.0,136699.0,57525.0,8.4,2,0,0,0,-1,0,0,-1,0,-1,-1,0,-1
B00912,32,66369.0,318000.0,73510.0,6.5,2,0,3,0,-1,-1,-1,-1,-1,-1,0,0,0
B00913,33,29672.0,108903.0,49658.0,10.9,3,2,1,1,-1,-1,-1,0,-1,-1,3,1,0
B00914,62,27825.0,130479.0,41060.0,6.3,1,-1,-1,0,-1,-1,0,0,0,1,-1,0,0
B00915,52,40086.0,220219.0,115115.0,5.9,0,-1,0,3,0,0,3,-1,-1,0,0,-1,-1
B00916,69,33282.0,75787.0,16572.0,9.6,3,-1,-1,0,0,-1,0,-1,0,-1,0,0,-1
B00917,42,30918.0,63417.0,30540.0,2.8,4,0,4,0,-1,3,1,-1,0,2,0,0,2
B00918,54,37519.0,137581.0,43195.0,10.3,0,0,0,-1,0,0,0,-1,0,-1,4,-1,0
B00919,57,21431.0,49073.0,20502.0,3.6,3,0,4,3,3,-1,0,2,1,4,1,0,4
B00920,49,85922.0,336693.0,75845.0,3.2,3,3,2,3,2,1,-1,-1,-1,-1,1,-1,-1
B00921,43,16740.0,49842.0,40147.0,7.6,3,3,1,4,2,1,-1,0,3,3,2,-1,2
B00922,56,55650.0,147260.0,128845.0,15.7,1,1,1,0,0,2,3,2,-1,2,-1,3,2
B00923,58,46872.0,196002.0,101822.0,3.2,3,0,-1,0,-1,-1,-1,0,0,0,4,4,-1
B00924,32,48730.0,128503.0,19432.0,5.6,2,0,-1,0,-1,0,-1,-1,0,-1,-1,-1,0
B00925,44,18304.0,89289.0,44127.0,0.9,7,0,0,0,-1,-1,-1,0,0,-1,0,-1,0
B00926,44,28370.0,49825.0,19043.0,0.4,1,0,0,0,2,-1,-1,0,0,-1,0,4,-1
B00927,53,91903.0,222711.0,76786.0,1.9,1,0,0,0,0,3,3,0,3,0,0,-1,-1
B00928,43,32070.0,60806.0,2305.0,11.4,1,-1,0,0,0,0,0,-1,1,-1,0,-1,-1
B00929,68,46997.0,95559.0,13590.0,4.1,0,4,-1,4,-1,-1,4,1,-1,0,1,3,2
B00930,33,34076.0,135066.0,107278.0,12.6,1,-1,0,0,-1,0,0,-1,-1,-1,-1,0,0
B00931,59,32014.0,168540.0,116071.0,3.2,4,-1,4,3,3,2,1,0,2,3,4,0,3
B00932,51,25458.0,117610.0,71806.0,2.2,3,1,0,-1,0,0,-1,4,4,4,-1,4,2
B00933,23,68830.0,358239.0,46041.0,2.7,2,0,0,0,-1,0,0,-1,-1,0,-1,0,0
B00934,44,47086.0,160558.0,52344.0,1.5,4,4,1,1,4,1,2,3,3,3,2,4,1
B00935,35,12310.0,42469.0,13723.0,1.2,3,0,0,0,-1,0,-1,-1,-1,0,0,0,0
B00936,42,20983.0,124727.0,40696.0,10.4,4,0,4,0,4,-1,-1,-1,0,-1,-1,0,3
B00937,66,53953.0,130863.0,46225.0,1.9,3,4,-1,-1,1,0,-1,-1,-1,-1,-1,0,-1
B00938,60,96403.0,293992.0,154366.0,4.8,4,4,1,3,2,0,0,2,1,-1,-1,4,1
B00939,44,77879.0,231835.0,102151.0,2.8,6,3,2,-1,-1,-1,1,2,1,1,2,0,4
B00940,41,30675.0,159903.0,91684.0,4.3,0,-1,-1,0,-1,-1,0,-1,0,0,-1,-1,2
B00941,40,37133.0,97399.0,14947.0,8.5,1,0,2,3,-1,0,-1,0,-1,0,0,0,0
B00942,63,21401.0,82575.0,33236.0,1.5,1,-1,0,0,0,0,0,-1,0,-1,-1,-1,-1
B00943,31,23073.0,119177.0,71815.0,0.9,2,1,2,4,4,1,4,2,-1,1,4,2,4
B00944,45,60401.0,306944.0,239101.0,7.7,0,0,0,0,4,-1,-1,-1,-1,0,4,2,0
B00945,37,62025.0,256615.0,203152.0,9.0,3,2,2,4,4,2,3,4,3,4,3,4,1
B00946,27,50880.0,135361.0,9754.0,0.4,3,0,0,0,-1,0,-1,-1,-1,0,-1,-1,-1
B00947,65,50919.0,84789.0,6546.0,8.4,1,2,3,4,0,-1,0,0,-1,-1,-1,0,3
B00948,49,32300.0,116581.0,48921.0,2.0,2,0,-1,0,-1,0,0,0,1,0,0,-1,0
B00949,27,31332.0,183304.0,58969.0,12.0,5,3,0,4,3,3,1,1,-1,-1,0,0,0
B00950,63,62471.0,301035.0,79225.0,7.8,3,2,4,4,3,4,1,4,2,2,4,3,4
B00951,58,50063.0,101005.0,27633.0,2.0,0,0,-1,-1,0,-1,-1,-1,0,-1,-1,-1,-1
B00952,25,45403.0,262562.0,139436.0,3.3,3,0,-1,0,1,4,-1,-1,-1,0,-1,-1,0
B00953,66,43591.0,198741.0,143916.0,4.2,1,-1,3,2,-1,3,1,0,0,3,-1,1,-1
B00954,25,67089.0,167760.0,102448.0,1.1,1,0,0,-1,0,0,0,0,-1,0,0,-1,-1
B00955,38,32478.0,153301.0,46196.0,8.9,6,-1,-1,-1,1,1,-1,2,2,0,-1,-1,2
B00956,52,30340.0,77428.0,29168.0,5.2,2,0,2,0,0,2,0,-1,-1,1,4,-1,-1
B00957,65,20296.0,63914.0,6805.0,10.3,2,-1,0,4,4,4,3,1,-1,-1,2,1,1
B00958,25,19622.0,78846.0,51579.0,5.7,0,0,1,-1,-1,0,0,1,0,0,-1,-1,0
B00959,41,37052.0,212974.0,77524.0,7.7,1,-1,-1,0,2,-1,0,3,1,4,4,3,-1
B00960,67,68316.0,280562.0,124225.0,2.2,3,-1,-1,-1,0,0,0,-1,-1,0,-1,-1,-1
B00961,42,36677.0,209146.0,100342.0,5.9,2,-1,2,0,0,0,-1,-1,-1,-1,0,0,3
B00962,22,61015.0,171357.0,9773.0,12.4,4,0,1,2,4,4,0,0,1,1,0,-1,0
B00963,26,55024.0,136110.0,20538.0,1.1,5,0,1,0,1,0,0,-1,2,4,2,0,3
B00964,37,35744.0,162376.0,47855.0,5.9,3,-1,-1,0,-1,-1,0,0,-1,-1,0,0,-1
B00965,22,48400.0,162392.0,76558.0,2.9,3,-1,4,1,0,0,-1,-1,-1,0,4,0,1
B00966,40,41318.0,167103.0,36990.0,2.2,3,-1,3,1,3,3,-1,-1,-1,-1,0,0,-1
B00967,47,32514.0,97715.0,60846.0,5.3,3,0,3,4,3,0,2,4,2,1,2,4,2
B00968,52,28337.0,129771.0,61163.0,3.9,2,-1,0,-1,-1,1,1,0,2,-1,1,-1,4
B00969,48,20045.0,74385.0,34346.0,5.4,4,0,3,-1,2,1,4,1,3,2,3,2,1
B00970,56,22868.0,118374.0,28179.0,9.5,2,0,-1,0,0,0,2,-1,-1,0,-1,-1,0
B00971,30,54735.0,182549.0,106859.0,7.3,3,0,-1,0,-1,0,0,-1,-1,-1,0,-1,2
B00972,52,36407.0,193813.0,108096.0,9.9,1,-1,0,0,-1,0,-1,0,-1,-1,0,-1,0
B00973,54,72792.0,401552.0,115438.0,8.9,4,2,3,3,2,4,4,4,1,1,0,2,4
B00974,21,36409.0,136909.0,41976.0,7.3,3,0,4,4,1,0,-1,4,2,-1,0,2,-1
B00975,33,40022.0,161600.0,10267.0,4.8,6,0,0,0,-1,-1,4,-1,0,0,0,0,0
B00976,59,55917.0,102755.0,61753.0,6.2,1,-1,-1,1,0,0,-1,0,-1,0,0,-1,-1
B00977,41,83693.0,223195.0,142306.0,11.9,2,-1,-1,0,0,0,-1,0,0,0,-1,0,0
B00978,24,59493.0,184125.0,82006.0,5.9,2,-1,0,0,-1,-1,0,-1,0,-1,0,-1,0
B00979,69,48152.0,143977.0,62960.0,1.3,1,-1,0,3,2,2,0,3,2,1,2,4,4
B00980,28,21122.0,95685.0,19519.0,3.3,3,0,0,0,0,0,0,0,0,-1,0,0,-1
B00981,65,53468.0,305690.0,151194.0,13.2,7,0,-1,-1,-1,0,0,-1,0,-1,0,-1,2
B00982,55,68788.0,315771.0,116235.0,1.2,1,3,4,0,2,3,1,4,4,0,1,4,4
B00983,39,45120.0,106585.0,64736.0,11.0,3,-1,3,-1,-1,2,3,1,-1,0,0,1,-1
B00984,42,20656.0,65178.0,41049.0,1.1,2,4,1,1,-1,0,-1,-1,0,0,0,0,-1
B00985,23,63598.0,368586.0,102797.0,2.7,4,-1,4,2,2,0,1,1,2,1,1,-1,0
B00986,62,64031.0,250235.0,34786.0,2.2,3,2,1,-1,-1,-1,0,0,-1,-1,3,4,4
B00987,68,86858.0,509124.0,58206.0,12.5,3,0,-1,-1,-1,-1,-1,-1,0,0,0,0,-1
B00988,55,56836.0,135274.0,28793.0,9.4,2,-1,0,-1,4,0,0,2,4,3,0,0,0
B00989,60,46649.0,85315.0,42907.0,0.8,3,2,1,-1,4,3,0,2,3,3,1,1,4
B00990,49,44805.0,146308.0,115762.0,8.1,3,3,2,0,2,3,-1,-1,0,2,4,1,2
B00991,60,43076.0,132859.0,13394.0,1.9,3,0,0,-1,0,0,0,0,0,0,4,0,-1
B00992,46,35304.0,208265.0,68583.0,3.3,4,-1,-1,-1,0,0,0,-1,0,-1,0,-1,-1
B00993,44,62157.0,279634.0,203873.0,4.2,3,-1,0,1,2,0,0,3,3,0,2,1,2
B00994,22,30952.0,159905.0,109334.0,3.8,1,3,4,2,2,2,3,2,1,4,0,1,-1
B00995,56,135478.0,773984.0,142128.0,3.8,2,0,0,-1,-1,-1,-1,-1,-1,-1,0,0,0
B00996,54,23619.0,135960.0,42944.0,5.7,0,-1,-1,0,0,-1,-1,-1,0,0,0,-1,0
B00997,61,35276.0,207219.0,114896.0,3.3,2,0,0,-1,2,2,-1,-1,-1,-1,4,3,0
B00998,29,33730.0,162042.0,57439.0,14.2,1,0,-1,0,-1,1,-1,0,0,-1,-1,-1,-1
B00999,54,60465.0,222541.0,49797.0,3.7,3,-1,0,0,-1,4,3,2,-1,-1,0,-1,0
B01000,35,74655.0,316032.0,151831.0,2.2,3,-1,0,0,0,0,0,0,0,0,0,-1,0
B01001,35,49892.0,95550.0,16120.0,2.9,0,0,0,0,-1,0,2,0,-1,0,0,-1,0
B01002,66,37500.0,162524.0,57958.0,7.8,3,-1,-1,-1,-1,4,-1,-1,0,-1,-1,4,-1
B01003,56,16846.0,63943.0,39723.0,6.9,3,-1,0,3,-1,-1,0,0,0,0,0,2,-1
B01004,30,36984.0,215317.0,41813.0,3.3,1,-1,0,2,0,1,4,1,-1,-1,4,4,1
B01005,47,99014.0,157032.0,85223.0,1.6,3,-1,0,0,0,-1,-1,0,0,0,0,0,0
B01006,49,26548.0,155331.0,44195.0,14.2,3,-1,2,3,0,0,-1,-1,0,-1,0,-1,-1
B01007,53,28787.0,152739.0,85199.0,4.1,3,0,-1,-1,-1,-1,0,0,0,0,0,4,-1
B01008,43,116606.0,304495.0,174236.0,1.2,3,0,2,1,-1,4,1,0,4,1,0,3,1
B01009,39,23727.0,48757.0,6684.0,4.7,2,-1,-1,-1,0,-1,0,-1,0,0,-1,2,0
B01010,23,54942.0,180502.0,103699.0,11.5,3,3,2,-1,0,0,0,2,0,0,-1,2,-1
B01011,54,13719.0,26448.0,10847.0,4.3,1,2,3,3,2,2,3,1,0,1,0,0,0
B01012,32,59598.0,193896.0,93870.0,4.4,5,0,0,0,0,0,3,1,2,1,2,0,1
B01013,37,44597.0,80407.0,16180.0,0.8,1,0,0,-1,-1,-1,2,-1,0,-1,-1,0,2
B01014,23,31850.0,60150.0,38311.0,2.1,2,3,4,4,4,2,3,1,4,3,2,0,1
B01015,37,190721.0,761992.0,530129.0,2.8,2,3,1,-1,0,0,3,2,0,0,2,-1,4
B01016,28,49198.0,114805.0,56117.0,6.9,0,4,3,4,-1,4,3,4,1,0,-1,1,-1
B01017,43,35450.0,110637.0,94185.0,1.3,2,1,-1,-1,1,0,0,0,0,2,2,1,-1
B01018,58,33678.0,165357.0,98688.0,7.6,2,4,4,4,3,4,2,3,3,4,2,4,3
B01019,35,46386.0,91566.0,24808.0,5.8,0,-1,0,-1,0,0,0,0,0,0,-1,0,-1
B01020,65,39177.0,137292.0,19895.0,3.0,1,-1,4,1,3,-1,-1,0,0,0,2,-1,3
B01021,53,61016.0,334027.0,164581.0,1.6,3,4,2,1,2,4,1,1,-1,0,4,1,0
B01022,27,24148.0,133386.0,56927.0,3.7,0,-1,3,3,1,4,4,2,0,-1,-1,0,-1
B01023,29,43806.0,171044.0,125673.0,6.0,2,0,0,-1,0,1,-1,0,3,1,0,-1,0
B01024,34,28314.0,71255.0,21953.0,9.5,2,-1,0,0,-1,0,0,0,0,0,0,0,0
B01025,49,94822.0,152352.0,120215.0,14.5,1,0,0,0,0,-1,-1,0,-1,-1,-1,-1,-1
B01026,51,34552.0,53712.0,32133.0,7.0,1,1,1,2,4,1,1,2,-1,0,-1,0,3
B01027,36,34722.0,84825.0,27844.0,7.8,1,-1,0,-1,4,2,0,0,2,-1,-1,2,4
B01028,33,55765.0,286106.0,23015.0,2.8,1,-1,0,0,-1,0,0,-1,0,-1,0,0,-1
B01029,40,30277.0,108614.0,28429.0,7.4,3,0,-1,-1,0,2,0,-1,0,0,0,0,0
B01030,27,101679.0,570534.0,444714.0,0.7,0,4,3,2,1,2,1,1,1,2,4,1,4
B01031,44,43954.0,180758.0,111692.0,2.2,3,-1,-1,-1,0,-1,-1,-1,-1,0,0,3,-1
B01032,42,27334.0,129870.0,44337.0,4.9,1,0,4,2,4,4,4,3,4,3,4,3,1
B01033,25,26790.0,110455.0,16722.0,18.0,2,4,4,1,2,0,2,1,1,0,3,0,4
B01034,68,53805.0,277978.0,179719.0,8.6,0,-1,0,0,0,0,0,0,-1,-1,-1,0,-1
B01035,63,76132.0,137779.0,23693.0,4.5,2,0,0,-1,-1,-1,0,0,0,-1,0,-1,-1
B01036,35,69320.0,265451.0,149960.0,5.1,2,-1,4,2,-1,-1,-1,3,1,0,0,0,-1
B01037,21,15445.0,24402.0,7894.0,5.5,4,1,3,1,1,1,4,2,2,2,1,3,1
B01038,55,45767.0,113565.0,18477.0,10.0,2,2,0,-1,0,2,3,4,0,0,-1,2,1
B01039,67,46586.0,141729.0,34372.0,4.9,0,0,-1,-1,0,-1,0,1,3,2,0,-1,2
B01040,40,23007.0,68274.0,26050.0,4.1,0,2,1,4,2,1,1,2,2,1,2,3,1
B01041,38,19347.0,64591.0,14365.0,7.1,2,-1,-1,0,0,0,0,0,0,-1,0,-1,0
B01042,45,49799.0,214401.0,78076.0,1.5,5,4,1,1,1,2,-1,3,2,-1,-1,0,-1
B01043,31,19012.0,76683.0,28798.0,6.2,0,2,3,3,3,2,4,3,1,2,1,2,2
B01044,22,46847.0,140767.0,12187.0,4.1,3,-1,1,3,-1,3,0,-1,-1,0,3,2,2
B01045,55,43514.0,142669.0,75721.0,4.7,2,0,-1,0,-1,-1,0,-1,0,-1,0,-1,1
B01046,66,35362.0,134209.0,43863.0,5.2,5,0,0,0,1,-1,0,-1,-1,1,0,-1,-1
B01047,43,51348.0,242082.0,147044.0,8.5,2,0,4,0,-1,0,0,0,0,-1,1,-1,-1
B01048,30,42373.0,203548.0,87691.0,6.9,2,0,2,0,4,3,3,4,1,-1,4,3,2
B01049,61,81679.0,489733.0,346685.0,4.1,3,-1,-1,-1,-1,-1,0,0,-1,0,0,0,0
B01050,32,87732.0,164618.0,10321.0,8.0,0,-1,0,-1,-1,0,0,-1,-1,-1,0,-1,-1
B01051,60,34526.0,175609.0,25959.0,2.4,3,0,0,0,0,-1,-1,0,0,-1,-1,0,-1
B01052,23,34644.0,118372.0,6703.0,12.9,0,0,2,4,4,3,3,3,4,-1,0,-1,2
B01053,33,48656.0,254764.0,103741.0,9.6,0,-1,-1,0,0,0,3,0,0,3,0,-1,0
B01054,54,14570.0,56903.0,12214.0,5.2,2,0,0,2,3,4,3,2,3,1,1,0,3
B01055,24,41813.0,201691.0,102684.0,1.7,3,-1,0,0,-1,-1,2,2,2,2,4,2,3
B01056,49,20223.0,37715.0,25343.0,4.6,1,-1,0,0,-1,0,-1,-1,-1,-1,-1,0,0
B01057,60,24575.0,91875.0,35296.0,2.9,0,-1,0,-1,0,0,0,0,-1,0,2,-1,-1
B01058,49,43914.0,138819.0,103549.0,2.9,1,0,0,0,2,0,-1,3,0,0,-1,0,-1
B01059,41,71707.0,252008.0,13573.0,3.5,3,-1,1,0,3,3,3,2,2,-1,-1,4,3
B01060,27,40936.0,125178.0,54548.0,10.9,1,-1,3,3,1,1,0,1,3,-1,-1,2,3
B01061,55,49133.0,185591.0,66610.0,2.1,4,-1,-1,0,0,0,0,0,0,-1,3,0,-1
B01062,29,49033.0,111979.0,80137.0,2.0,0,-1,-1,-1,-1,0,-1,0,-1,-1,-1,0,0
B01063,51,32012.0,66793.0,34232.0,3.3,3,-1,0,2,3,4,1,2,3,4,2,4,4
B01064,22,108852.0,187038.0,54708.0,11.3,0,0,3,0,0,0,-1,0,0,0,-1,0,-1
B01065,62,64265.0,188315.0,114436.0,9.9,1,0,-1,0,0,-1,4,-1,-1,-1,0,3,-1
B01066,56,79229.0,356246.0,5807.0,7.3,1,-1,0,0,0,0,0,0,-1,0,-1,0,-1
B01067,51,70715.0,280904.0,174672.0,8.4,2,0,0,0,-1,0,0,0,-1,0,0,0,0
B01068,36,43718.0,89723.0,44709.0,6.7,1,0,1,-1,1,0,-1,2,4,4,0,0,2
B01069,35,67426.0,353473.0,171053.0,0.5,1,1,-1,-1,2,2,2,-1,2,0,-1,0,1
B01070,25,43002.0,156496.0,116622.0,2.4,2,3,-1,2,-1,-1,-1,0,4,1,1,0,0
B01071,32,35367.0,171636.0,100876.0,1.8,1,0,4,0,1,1,3,1,4,0,-1,-1,0
B01072,66,50506.0,100702.0,4924.0,2.8,0,-1,0,0,0,0,-1,4,4,2,-1,-1,2
B01073,39,57944.0,94301.0,45677.0,4.6,3,0,1,-1,2,0,-1,2,1,0,0,0,-1
B01074,32,64012.0,158366.0,39900.0,2.8,2,-1,1,3,1,-1,-1,-1,-1,-1,-1,-1,3
B01075,48,46242.0,142008.0,67862.0,3.2,5,-1,-1,-1,0,0,0,-1,-1,-1,0,0,0
B01076,55,71989.0,130776.0,74728.0,2.2,2,3,2,-1,0,0,0,-1,-1,0,0,3,2
B01077,23,39540.0,133097.0,61524.0,2.3,3,4,4,4,4,-1,-1,0,-1,0,-1,0,-1
B01078,59,38290.0,57604.0,17411.0,2.2,1,-1,-1,-1,-1,4,2,0,-1,0,4,-1,2
B01079,43,52525.0,80017.0,42771.0,2.0,1,-1,0,0,0,-1,0,-1,-1,0,-1,-1,-1
B01080,65,33242.0,77932.0,57437.0,1.0,0,0,-1,0,1,0,-1,4,4,2,2,1,2
B01081,66,59524.0,170087.0,48280.0,4.8,3,0,-1,1,-1,0,0,4,3,-1,-1,0,-1
B01082,46,42738.0,148759.0,57554.0,2.8,3,-1,-1,0,0,0,0,-1,0,-1,0,0,-1
B01083,55,32239.0,163057.0,46333.0,4.3,3,3,3,4,1,1,4,3,3,2,1,3,0
B01084,53,59044.0,299259.0,119412.0,5.0,4,-1,0,-1,0,0,-1,0,-1,-1,0,-1,0
B01085,64,41087.0,80179.0,6070.0,3.4,2,0,-1,0,0,0,-1,0,-1,0,0,0,-1
B01086,58,35099.0,132581.0,29594.0,3.6,1,-1,0,0,3,3,3,4,-1,-1,-1,0,-1
B01087,49,32442.0,83183.0,9138.0,5.4,0,-1,-1,0,0,0,0,-1,0,0,-1,-1,0
B01088,53,19899.0,64605.0,10851.0,1.8,3,0,-1,0,4,-1,-1,2,2,4,1,-1,1
B01089,44,121809.0,568499.0,157442.0,5.1,3,-1,0,-1,-1,0,0,0,0,0,-1,-1,0
B01090,51,82033.0,237565.0,148877.0,3.6,1,-1,-1,0,0,0,0,0,-1,0,-1,0,-1
B01091,69,83260.0,285894.0,123190.0,3.5,2,0,-1,0,-1,3,0,-1,0,0,-1,-1,2
B01092,40,42781.0,120255.0,22638.0,3.1,1,3,0,-1,0,-1,0,0,4,1,-1,-1,4
B01093,46,91048.0,262227.0,115121.0,4.3,4,-1,0,0,0,0,0,2,0,0,-1,0,-1
B01094,56,33888.0,63648.0,34020.0,13.2,3,0,0,0,-1,0,4,4,2,0,0,3,-1
B01095,26,67888.0,321896.0,81536.0,3.7,1,0,4,3,1,2,2,2,1,3,4,3,3
B01096,53,25569.0,61945.0,29339.0,4.7,0,-1,-1,0,3,0,-1,0,-1,0,0,-1,0
B01097,62,73365.0,370092.0,36492.0,1.8,2,0,3,-1,-1,-1,0,-1,0,-1,1,-1,4
B01098,51,42331.0,164463.0,22259.0,18.0,0,2,0,4,1,1,3,1,4,4,-1,1,2
B01099,28,62220.0,367585.0,197164.0,1.2,1,0,0,-1,-1,0,-1,0,0,0,-1,-1,0
B01100,28,16932.0,45130.0,13445.0,5.8,4,-1,0,-1,0,-1,0,0,0,-1,-1,-1,-1
B01101,50,35433.0,86788.0,28531.0,4.0,4,0,4,0,0,0,0,0,-1,0,-1,0,-1
B01102,36,50002.0,192727.0,60983.0,4.2,2,-1,2,0,0,-1,-1,0,0,0,-1,-1,0
B01103,55,60006.0,269198.0,167287.0,19.1,1,0,0,-1,0,0,3,4,-1,2,3,-1,4
B01104,32,28847.0,149323.0,96969.0,9.4,1,-1,4,1,1,-1,2,4,0,0,1,0,-1
B01105,49,36830.0,166049.0,50601.0,6.1,1,-1,4,4,-1,-1,-1,2,0,0,0,1,0
B01106,68,44051.0,175037.0,36727.0,4.8,0,2,3,3,1,2,4,4,4,3,3,1,3
B01107,69,31072.0,84976.0,13581.0,5.8,2,0,0,-1,-1,-1,4,-1,2,-1,-1,0,0
B01108,53,18699.0,31161.0,18483.0,3.4,2,0,-1,-1,0,-1,0,0,0,-1,0,-1,0
B01109,52,42846.0,75442.0,42943.0,9.4,1,4,1,4,0,1,3,1,0,3,2,2,2
B01110,31,45691.0,167638.0,46619.0,7.6,2,-1,0,-1,-1,0,1,4,-1,3,0,0,4
B01111,21,82645.0,252759.0,47190.0,3.0,1,0,0,-1,-1,0,-1,0,-1,3,0,-1,0
B01112,68,64883.0,224409.0,128014.0,10.5,1,0,0,0,0,-1,0,0,0,0,-1,0,0
B01113,51,89401.0,517369.0,278767.0,6.5,6,0,0,-1,-1,-1,0,-1,0,-1,0,-1,0
B01114,25,55237.0,206029.0,92309.0,3.6,4,-1,-1,-1,-1,0,0,2,0,0,-1,-1,-1
B01115,61,103407.0,229773.0,88708.0,9.2,1,0,0,4,2,0,0,-1,0,0,0,-1,2
B01116,37,41645.0,75323.0,8986.0,6.6,1,0,1,-1,3,-1,-1,0,0,0,-1,0,-1
B01117,63,80288.0,293791.0,129055.0,8.2,2,0,-1,-1,0,2,-1,0,0,0,0,-1,1
B01118,67,36775.0,140955.0,66183.0,4.0,5,0,-1,0,-1,0,-1,0,2,1,3,0,0
B01119,42,53354.0,247066.0,78100.0,5.6,2,0,-1,1,0,-1,-1,-1,-1,0,0,0,-1
B01120,60,34744.0,196009.0,125637.0,2.6,2,0,-1,-1,-1,0,-1,0,-1,-1,0,4,2
B01121,23,32040.0,167842.0,84772.0,1.8,4,0,0,0,-1,0,0,4,4,-1,-1,0,1
B01122,58,29794.0,75469.0,21036.0,24.0,2,-1,-1,0,0,0,-1,0,-1,0,-1,0,0
B01123,30,82206.0,301450.0,161020.0,6.7,4,-1,4,1,3,0,-1,-1,0,-1,0,1,1
B01124,59,60011.0,212879.0,115214.0,16.1,3,0,-1,-1,0,-1,1,-1,-1,1,4,0,0
B01125,37,23620.0,63477.0,31243.0,1.3,2,0,0,0,0,-1,-1,-1,0,0,-1,3,2
B01126,23,25624.0,150795.0,108151.0,7.6,1,0,-1,0,-1,-1,-1,-1,0,-1,0,-1,0
B01127,30,45524.0,88511.0,60556.0,1.2,2,0,-1,0,0,-1,-1,0,-1,3,0,0,-1
B01128,67,47228.0,125375.0,43222.0,6.1,2,-1,-1,-1,2,0,0,0,0,-1,0,0,0
B01129,59,118735.0,503730.0,202277.0,6.4,1,0,0,-1,-1,0,0,-1,0,-1,-1,0,0
B01130,53,65910.0,169807.0,5001.0,4.8,3,-1,-1,0,1,-1,0,0,-1,0,-1,0,-1
B01131,68,19212.0,88300.0,37575.0,1.7,1,0,0,-1,0,1,1,0,1,-1,0,0,2
B01132,57,31381.0,150242.0,102791.0,6.4,3,0,0,0,-1,3,1,1,1,2,1,-1,-1
B01133,30,26034.0,140771.0,65150.0,6.0,3,2,0,4,4,2,1,3,1,4,3,3,1
B01134,59,17114.0,96735.0,84031.0,0.4,0,2,-1,4,3,2,4,4,-1,2,1,-1,1
B01135,42,12235.0,24638.0,3010.0,7.9,3,0,-1,1,-1,-1,0,0,1,0,0,0,0
B01136,45,33290.0,88876.0,46860.0,3.1,3,2,3,2,1,3,3,1,0,0,0,4,4
B01137,37,53823.0,304911.0,78771.0,7.9,0,-1,-1,-1,-1,0,2,4,0,0,0,-1,-1
B01138,27,35007.0,164561.0,104880.0,5.8,8,3,4,3,0,1,2,3,1,-1,0,3,1
B01139,39,33256.0,144620.0,12699.0,0.9,0,-1,0,-1,0,3,-1,0,0,-1,0,-1,1
B01140,28,40757.0,197994.0,48780.0,9.7,1,-1,-1,-1,-1,-1,-1,0,-1,-1,-1,-1,0
B01141,38,47781.0,153300.0,101100.0,3.1,0,-1,-1,-1,1,-1,2,2,4,4,0,-1,2
B01142,64,95402.0,331694.0,151167.0,9.5,3,1,-1,1,0,-1,-1,0,-1,0,2,0,0
B01143,24,67327.0,116139.0,35504.0,4.6,5,3,-1,0,0,-1,-1,4,2,0,-1,0,3
B01144,49,22436.0,42954.0,19859.0,4.1,4,0,-1,-1,4,4,4,2,1,1,1,0,-1
B01145,53,50811.0,213541.0,138010.0,6.2,1,-1,3,-1,0,-1,1,1,-1,1,-1,0,-1
B01146,55,24901.0,82004.0,67780.0,1.9,4,1,-1,2,1,2,3,4,2,1,1,2,0
B01147,56,19020.0,73270.0,16940.0,7.0,4,0,0,-1,-1,-1,0,-1,0,3,3,0,4
B01148,69,16876.0,74257.0,22342.0,1.1,4,-1,-1,4,4,0,-1,3,4,0,4,4,3
B01149,41,52141.0,243284.0,78232.0,3.7,2,-1,2,2,4,4,0,0,4,4,2,-1,0
B01150,44,49824.0,157208.0,94427.0,3.1,3,-1,-1,-1,-1,0,0,0,0,-1,-1,-1,0
B01151,49,27400.0,101870.0,57793.0,5.2,2,0,-1,0,-1,-1,-1,-1,-1,0,0,-1,-1
B01152,46,108569.0,213549.0,71452.0,7.5,4,-1,-1,0,-1,3,1,-1,0,-1,3,1,3
B01153,52,50051.0,111318.0,70316.0,4.9,2,-1,4,3,-1,-1,-1,-1,-1,0,-1,0,4
B01154,50,28823.0,126833.0,57557.0,7.3,3,4,2,4,-1,4,3,-1,-1,-1,0,3,1
B01155,57,58892.0,230263.0,117046.0,2.1,0,0,0,-1,0,-1,-1,1,2,4,2,0,-1
B01156,45,31980.0,51404.0,20608.0,9.2,0,0,0,-1,-1,0,-1,0,0,-1,-1,0,-1
B01157,37,57245.0,181213.0,32058.0,4.6,1,4,3,-1,2,1,2,-1,4,2,2,3,-1
B01158,55,92985.0,445266.0,171957.0,1.0,4,-1,-1,0,-1,0,-1,-1,0,0,0,-1,-1
B01159,62,34296.0,133422.0,117753.0,7.0,5,0,0,-1,0,0,-1,0,0,0,-1,-1,-1
B01160,69,42670.0,219912.0,12412.0,7.3,0,0,-1,0,0,0,-1,-1,0,0,0,-1,0
B01161,25,34702.0,203363.0,60088.0,3.9,3,3,4,2,2,4,1,2,-1,3,3,4,2
B01162,43,59295.0,290448.0,162314.0,3.3,4,-1,2,2,2,4,1,0,-1,3,3,0,3
B01163,45,44733.0,254339.0,46654.0,6.5,1,-1,0,0,0,0,0,-1,4,4,-1,0,-1
B01164,28,29667.0,44955.0,12204.0,0.8,1,4,2,-1,3,1,-1,4,0,0,0,3,1
B01165,54,84017.0,349054.0,164391.0,5.4,4,0,0,0,0,0,0,-1,-1,-1,0,-1,0
B01166,24,20992.0,46385.0,33993.0,3.6,1,-1,1,0,-1,0,0,-1,0,0,-1,0,-1
B01167,61,38597.0,135724.0,41863.0,4.6,1,-1,0,0,0,0,4,1,-1,0,0,-1,-1
B01168,23,56630.0,155704.0,38648.0,9.7,1,-1,1,0,-1,0,0,0,0,-1,0,0,0
B01169,37,35465.0,209944.0,143688.0,7.1,2,0,0,0,0,0,-1,-1,0,-1,0,0,-1
B01170,63,26258.0,102179.0,15019.0,3.7,0,-1,-1,0,-1,0,-1,-1,-1,0,0,2,0
B01171,57,46765.0,96140.0,29496.0,8.6,3,0,-1,1,-1,0,-1,0,1,4,-1,-1,0
B01172,59,22108.0,62186.0,25613.0,7.7,3,-1,-1,-1,-1,0,-1,-1,0,-1,-1,1,-1
B01173,67,27099.0,153910.0,40048.0,4.1,4,1,1,3,4,1,1,4,2,1,2,0,1
B01174,31,97656.0,294134.0,85383.0,7.9,5,2,3,2,2,3,2,-1,4,0,2,4,3
B01175,21,22169.0,39024.0,14756.0,19.6,0,0,-1,-1,1,-1,-1,0,-1,0,0,-1,-1
B01176,55,82718.0,287881.0,31450.0,8.6,2,0,-1,-1,-1,-1,-1,0,-1,2,-1,0,-1
B01177,61,14279.0,44448.0,20281.0,3.5,1,3,3,4,-1,4,0,-1,0,-1,0,0,0
B01178,63,37588.0,89143.0,68212.0,5.8,3,3,3,0,-1,0,-1,0,-1,-1,0,0,0
B01179,59,58018.0,304164.0,180156.0,6.3,1,3,0,-1,1,3,1,-1,4,4,4,-1,-1
B01180,30,26294.0,103016.0,52002.0,5.8,1,-1,0,0,0,-1,0,0,-1,-1,0,0,-1
B01181,22,47908.0,126469.0,20574.0,12.3,2,0,-1,-1,-1,0,0,0,-1,4,-1,0,0
B01182,42,69485.0,290803.0,146446.0,11.2,0,-1,0,0,-1,-1,-1,0,-1,-1,-1,-1,-1
B01183,33,25212.0,49904.0,12002.0,2.2,4,3,2,2,4,2,3,4,1,4,0,4,1
B01184,21,25553.0,46755.0,26312.0,4.2,2,0,4,-1,-1,0,0,3,0,-1,-1,0,0
B01185,52,68826.0,343072.0,120365.0,22.2,3,0,-1,4,0,-1,-1,-1,-1,-1,-1,0,0
B01186,33,25633.0,134102.0,32019.0,5.8,2,-1,3,-1,-1,0,1,0,0,2,-1,3,3
B01187,49,50719.0,152449.0,90138.0,2.4,4,-1,0,2,4,3,-1,-1,-1,-1,0,-1,0
B01188,54,46969.0,242801.0,92852.0,7.2,3,0,-1,-1,0,-1,0,-1,0,-1,0,-1,0
B01189,58,82236.0,356011.0,148869.0,8.4,6,4,-1,0,0,-1,-1,0,-1,-1,0,-1,1
B01190,31,37351.0,129728.0,43069.0,1.6,2,0,4,3,0,1,-1,-1,0,-1,0,0,-1
B01191,51,22402.0,50381.0,16787.0,10.1,3,2,2,-1,0,0,0,-1,0,1,1,0,1
B01192,46,37348.0,84808.0,5112.0,10.0,1,0,0,-1,0,3,0,0,2,-1,-1,4,4
B01193,55,115838.0,281749.0,178072.0,8.7,3,-1,-1,-1,0,0,-1,-1,0,0,-1,0,0
B01194,61,30295.0,112416.0,49887.0,3.2,4,1,0,1,4,1,1,4,2,2,0,4,4
B01195,25,67431.0,334472.0,60526.0,10.9,1,0,0,-1,-1,0,-1,0,0,-1,2,-1,0
B01196,21,33373.0,126953.0,17335.0,7.1,0,3,4,1,0,-1,-1,0,0,0,0,-1,-1
B01197,47,33002.0,77919.0,31544.0,5.2,2,3,-1,-1,-1,0,-1,-1,-1,-1,0,3,2
B01198,28,32139.0,89382.0,10024.0,4.1,2,0,0,0,-1,0,-1,-1,1,-1,0,0,3
B01199,68,32552.0,143888.0,60499.0,10.6,3,0,3,-1,-1,-1,0,0,0,-1,0,-1,3
B01200,60,98411.0,204172.0,59441.0,3.0,2,-1,2,0,-1,-1,-1,0,0,0,1,0,-1
B01201,28,35700.0,177396.0,79506.0,5.4,1,4,2,0,3,4,4,1,4,3,4,1,3
B01202,42,44971.0,161071.0,42749.0,7.5,0,0,-1,-1,0,-1,0,4,-1,0,0,-1,3
B01203,58,33711.0,148685.0,67387.0,9.5,3,0,3,1,1,3,3,3,-1,-1,0,2,3
B01204,57,56831.0,254272.0,206497.0,3.8,1,-1,3,4,1,0,4,4,4,0,1,0,0
B01205,44,47745.0,156020.0,23117.0,2.7,1,-1,-1,-1,-1,0,0,-1,-1,0,0,-1,0
B01206,28,64409.0,369316.0,355871.0,7.1,1,2,1,4,0,4,3,1,2,3,4,4,1
B01207,41,44922.0,110681.0,20367.0,8.0,3,0,-1,0,0,0,0,-1,0,0,-1,-1,0
B01208,29,75466.0,142677.0,75765.0,1.3,0,0,0,0,-1,0,0,-1,0,-1,-1,-1,-1
B01209,54,69154.0,282194.0,79951.0,3.0,2,0,0,0,-1,0,4,2,-1,-1,-1,-1,-1
B01210,49,64102.0,239806.0,100018.0,3.0,6,-1,0,-1,4,2,-1,-1,0,4,1,0,0
B01211,40,52914.0,138597.0,37258.0,6.1,1,0,1,-1,-1,0,-1,4,-1,3,0,-1,0
B01212,62,9535.0,53043.0,29460.0,4.9,3,3,3,4,-1,0,2,-1,4,0,0,-1,0
B01213,44,36220.0,176402.0,62167.0,9.0,2,1,3,4,1,0,1,1,4,1,3,4,3
B01214,65,41290.0,120928.0,42380.0,4.4,4,-1,-1,-1,-1,-1,-1,0,-1,-1,-1,-1,0
B01215,69,73897.0,396217.0,37620.0,16.5,3,0,0,-1,0,0,-1,-1,-1,-1,0,0,-1
B01216,69,51236.0,255551.0,22130.0,1.9,3,0,2,4,3,2,3,3,4,3,0,0,-1
B01217,47,44273.0,181751.0,69875.0,3.4,0,0,0,-1,-1,-1,-1,0,-1,-1,-1,0,-1
B01218,51,29880.0,162351.0,96294.0,5.4,5,0,0,1,1,4,3,1,4,4,2,3,2
B01219,41,82177.0,202147.0,98262.0,6.1,3,4,0,-1,2,4,3,4,1,0,3,-1,-1
B01220,55,64591.0,175125.0,140727.0,4.3,0,-1,-1,0,0,-1,-1,-1,1,-1,0,-1,2
B01221,28,93046.0,350441.0,143333.0,10.2,1,-1,-1,-1,0,3,0,0,0,3,2,4,1
B01222,44,33423.0,128607.0,90857.0,4.4,2,0,0,-1,4,0,1,-1,1,1,-1,-1,-1
B01223,56,49510.0,166052.0,20867.0,2.5,2,4,2,-1,2,2,3,3,3,2,4,1,3
B01224,25,39270.0,207608.0,117579.0,8.1,4,4,3,4,2,-1,1,1,2,1,0,4,0
B01225,64,29111.0,149698.0,111673.0,13.2,4,2,2,0,0,-1,0,-1,0,0,0,0,0
B01226,58,31865.0,48749.0,21473.0,5.2,0,3,1,0,0,0,1,3,3,3,0,0,-1
B01227,57,36739.0,68819.0,30836.0,1.3,4,-1,0,-1,0,0,-1,-1,0,-1,0,0,-1
B01228,45,38189.0,215430.0,134726.0,9.0,0,0,2,-1,-1,0,0,3,-1,2,1,0,-1
B01229,32,83824.0,469277.0,328321.0,1.2,1,0,-1,-1,0,-1,-1,0,1,2,-1,0,0
B01230,66,19680.0,75108.0,54899.0,3.7,1,0,-1,-1,-1,-1,0,0,-1,0,2,-1,-1
B01231,21,47112.0,237493.0,183540.0,7.0,2,-1,-1,1,1,4,0,2,0,-1,4,4,1
B01232,58,62169.0,165265.0,26921.0,1.4,0,0,-1,1,-1,-1,0,0,0,-1,0,0,0
B01233,31,51336.0,237631.0,12515.0,10.9,0,-1,-1,-1,0,0,-1,0,0,0,0,-1,0
B01234,21,59285.0,317290.0,51413.0,2.1,1,-1,0,0,-1,-1,0,-1,-1,0,0,0,0
B01235,35,56998.0,105356.0,77202.0,2.9,1,-1,3,4,0,-1,0,0,-1,0,-1,3,2
B01236,30,47799.0,186250.0,68776.0,5.7,2,1,4,1,-1,-1,1,-1,0,2,4,1,1
B01237,66,48679.0,217863.0,160901.0,6.1,3,0,-1,0,0,0,-1,0,0,0,0,0,0
B01238,55,72988.0,120192.0,80821.0,1.7,2,-1,0,-1,4,1,3,0,3,4,1,0,0
B01239,64,62130.0,336508.0,150671.0,6.7,2,0,0,-1,0,-1,-1,-1,0,0,0,-1,0
B01240,66,12887.0,61627.0,34045.0,5.7,1,-1,4,4,3,1,4,4,1,1,2,4,1
B01241,23,36682.0,117863.0,49089.0,3.2,0,2,4,2,1,1,-1,3,4,1,-1,-1,1
B01242,40,38648.0,111479.0,38827.0,12.1,1,0,0,-1,-1,0,-1,0,0,3,0,0,0
B01243,43,55321.0,325180.0,237270.0,1.2,0,0,-1,-1,-1,0,0,0,0,0,0,0,0
B01244,61,51108.0,81067.0,12138.0,1.9,1,0,0,0,-1,-1,0,-1,-1,0,0,-1,0
B01245,53,45166.0,160482.0,57211.0,2.8,0,0,-1,2,0,0,-1,-1,-1,2,0,-1,0
B01246,42,80508.0,339987.0,204983.0,3.6,1,-1,0,1,-1,0,-1,0,0,-1,-1,3,-1
B01247,54,56170.0,124720.0,56049.0,7.4,2,0,4,0,0,-1,0,4,2,0,-1,-1,0
B01248,62,61022.0,222357.0,104311.0,8.3,2,2,4,0,1,0,-1,-1,0,-1,-1,2,-1
B01249,43,53428.0,158468.0,46048.0,0.6,1,0,-1,-1,0,1,3,-1,0,0,0,0,-1
B01250,31,82797.0,272995.0,60332.0,7.3,2,-1,1,3,3,4,1,3,4,2,1,4,4
B01251,36,26728.0,90517.0,50744.0,10.9,1,-1,-1,2,-1,1,-1,0,4,0,-1,0,3
B01252,50,95804.0,280862.0,98994.0,2.9,4,-1,-1,0,1,-1,4,1,-1,3,2,0,-1
B01253,45,49277.0,251795.0,126230.0,1.1,3,4,1,-1,0,1,-1,-1,3,1,4,4,0
B01254,64,35377.0,65867.0,52810.0,2.7,3,4,3,1,2,3,1,2,3,4,1,4,2
B01255,57,62825.0,141828.0,9045.0,3.0,0,0,0,-1,-1,-1,0,-1,-1,-1,0,-1,-1
B01256,25,28347.0,96115.0,59865.0,6.3,2,2,1,1,1,1,-1,3,4,2,1,4,4
B01257,60,75513.0,337644.0,97720.0,8.5,2,-1,-1,0,-1,-1,0,1,0,0,0,0,0
B01258,65,156851.0,536518.0,290446.0,8.4,2,0,4,3,2,0,2,-1,-1,0,0,-1,-1
B01259,22,17127.0,25810.0,11291.0,9.9,3,0,-1,-1,0,0,-1,0,-1,0,0,0,0
B01260,65,60839.0,172661.0,100623.0,6.1,3,-1,0,-1,-1,0,-1,0,-1,-1,0,0,-1
B01261,29,63243.0,252533.0,52137.0,6.4,3,-1,-1,0,0,0,-1,0,-1,0,-1,-1,0
B01262,31,69148.0,394785.0,131092.0,2.0,2,0,0,0,0,3,0,0,-1,0,-1,-1,-1
B01263,65,28213.0,46718.0,1234.0,2.0,2,0,0,1,0,0,-1,0,0,-1,2,-1,-1
B01264,37,23042.0,43797.0,15804.0,5.0,4,0,-1,1,3,2,4,2,4,3,2,3,-1
B01265,30,44289.0,87643.0,48390.0,8.3,4,-1,0,4,0,1,0,0,2,3,3,4,4
B01266,62,45594.0,247952.0,229146.0,7.8,6,4,3,-1,3,4,-1,-1,4,2,0,2,4
B01267,23,39460.0,104196.0,20008.0,1.7,3,0,3,3,-1,4,-1,0,2,3,-1,0,0
B01268,25,21137.0,113906.0,66258.0,3.4,2,0,3,2,1,-1,0,3,1,-1,2,3,2
B01269,35,19746.0,46259.0,15389.0,4.4,2,4,-1,0,0,-1,-1,-1,-1,-1,1,0,0
B01270,27,61082.0,166394.0,66108.0,0.7,2,3,3,4,1,2,1,0,0,4,4,2,4
B01271,28,30106.0,126685.0,16924.0,8.7,0,0,0,-1,-1,0,-1,0,0,0,-1,0,-1
B01272,32,34953.0,97917.0,67180.0,9.5,0,0,3,1,1,2,4,4,1,3,3,3,2
B01273,53,61540.0,199295.0,47601.0,3.4,1,1,-1,-1,0,1,0,0,0,-1,0,-1,-1
B01274,29,28937.0,128582.0,31202.0,1.0,2,-1,0,-1,1,-1,-1,0,0,-1,-1,0,-1
B01275,69,41091.0,117857.0,13941.0,6.7,1,0,0,1,0,0,0,0,1,-1,0,-1,0
B01276,63,32230.0,110974.0,6604.0,2.3,3,-1,0,-1,0,1,0,0,0,-1,0,4,3
B01277,51,107554.0,237793.0,90197.0,2.8,3,0,-1,0,-1,1,2,0,0,-1,-1,0,0
B01278,66,109734.0,569791.0,168508.0,6.5,3,-1,1,3,1,1,4,4,1,0,1,1,2
B01279,37,27235.0,102076.0,70248.0,0.5,2,4,2,-1,-1,-1,4,2,3,4,4,0,-1
B01280,31,41078.0,103396.0,51522.0,9.5,3,0,0,0,0,0,-1,0,0,0,0,0,1
B01281,31,40880.0,81958.0,28387.0,2.2,1,-1,0,0,0,-1,0,1,-1,-1,-1,0,0
B01282,55,41708.0,173522.0,7995.0,3.5,3,0,-1,-1,0,-1,-1,0,3,1,2,-1,4
B01283,53,50348.0,298662.0,78083.0,7.9,2,0,-1,4,0,-1,-1,-1,-1,0,1,-1,0
B01284,55,31580.0,83279.0,12094.0,1.9,1,0,2,1,0,0,3,0,2,0,0,-1,0
B01285,31,39000.0,116900.0,70062.0,1.7,3,-1,-1,-1,-1,-1,2,4,3,-1,1,4,0
B01286,36,80435.0,148977.0,85730.0,4.1,1,0,0,1,-1,-1,-1,0,0,0,3,1,4
B01287,30,26799.0,85805.0,19894.0,7.7,2,0,0,1,3,3,4,4,4,0,2,1,0
B01288,50,36073.0,212601.0,23028.0,7.1,2,-1,3,3,4,4,2,3,3,3,0,0,1
B01289,30,64665.0,282948.0,100233.0,14.7,0,-1,0,-1,-1,3,4,0,-1,-1,1,1,0
B01290,51,47457.0,98580.0,28483.0,0.1,3,-1,4,-1,0,-1,0,0,-1,4,4,-1,-1
B01291,38,108160.0,511322.0,295104.0,6.0,1,-1,0,0,1,-1,-1,-1,-1,-1,-1,-1,0
B01292,67,96801.0,254752.0,111186.0,3.5,1,-1,-1,-1,-1,-1,0,0,-1,-1,-1,0,0
B01293,48,48320.0,103438.0,8046.0,0.7,2,-1,-1,-1,4,3,1,4,2,0,-1,-1,0
B01294,65,33884.0,149771.0,25046.0,1.8,2,-1,-1,-1,0,-1,-1,-1,0,-1,0,0,0
B01295,54,66068.0,282065.0,116765.0,7.7,4,-1,-1,0,1,0,0,-1,0,-1,-1,-1,0
B01296,44,29540.0,117858.0,47960.0,5.1,2,0,0,0,0,0,-1,1,-1,4,-1,-1,-1
B01297,52,29683.0,84480.0,35170.0,2.5,1,4,2,2,1,3,1,1,-1,0,-1,4,1
B01298,51,27336.0,64577.0,4578.0,12.4,2,-1,0,2,4,4,3,2,3,4,4,3,2
B01299,60,53962.0,233896.0,163803.0,6.7,2,0,0,0,0,0,-1,-1,-1,3,-1,0,0
B01300,61,43660.0,257149.0,37768.0,3.6,2,0,-1,-1,0,-1,0,-1,-1,0,-1,-1,-1
B01301,68,39527.0,82075.0,24921.0,8.4,5,-1,4,-1,3,2,0,-1,0,3,0,-1,-1
B01302,21,183399.0,863425.0,136984.0,3.9,0,0,0,4,1,-1,1,4,1,1,0,-1,4
B01303,61,51922.0,299127.0,170333.0,12.0,5,2,4,4,1,4,1,2,3,2,-1,2,1
B01304,29,25707.0,91367.0,47689.0,1.0,1,2,1,0,3,4,4,1,2,3,3,3,1
B01305,36,38937.0,165406.0,13952.0,2.5,3,0,-1,-1,4,1,1,-1,0,0,3,2,-1
B01306,47,73450.0,253721.0,71524.0,5.3,2,-1,3,3,0,0,1,-1,-1,-1,-1,-1,-1
B01307,58,49762.0,252544.0,127268.0,1.1,1,1,-1,3,2,3,2,4,2,-1,0,-1,-1
B01308,37,28539.0,130524.0,15269.0,3.5,3,0,4,2,-1,-1,0,0,-1,0,4,0,4
B01309,39,111077.0,547851.0,76184.0,11.5,1,-1,0,0,-1,0,0,-1,-1,-1,-1,-1,-1
B01310,36,44778.0,138397.0,74199.0,5.5,4,1,2,0,4,3,4,3,2,1,-1,3,2
B01311,58,68923.0,250393.0,119573.0,2.4,4,-1,0,0,-1,-1,1,0,0,-1,0,0,0
B01312,28,50078.0,88070.0,50557.0,4.1,3,2,4,1,3,1,3,2,2,1,3,1,2
B01313,68,17667.0,64985.0,8332.0,4.0,0,-1,0,-1,0,0,2,0,0,0,0,0,1
B01314,38,45749.0,165411.0,51162.0,2.6,2,0,0,0,-1,0,-1,0,0,-1,0,0,-1
B01315,51,61260.0,143288.0,36839.0,6.5,4,-1,0,3,-1,-1,-1,0,2,0,0,1,0
B01316,45,71148.0,200374.0,104022.0,5.9,2,1,2,4,1,0,-1,3,4,3,1,4,2
B01317,61,21805.0,128101.0,31045.0,10.9,5,-1,-1,-1,-1,-1,4,0,-1,0,0,3,-1
B01318,56,38201.0,85581.0,59791.0,14.8,0,0,-1,1,2,2,0,0,0,1,0,-1,-1
B01319,50,67316.0,320739.0,100257.0,2.2,3,3,1,2,1,-1,0,4,4,2,1,-1,-1
B01320,36,57955.0,235860.0,68957.0,0.3,3,-1,-1,-1,-1,-1,-1,0,-1,-1,-1,0,-1
B01321,30,33583.0,199360.0,101696.0,8.9,0,3,1,-1,1,4,2,1,4,4,3,3,4
B01322,32,30192.0,97269.0,51289.0,5.6,4,0,0,-1,0,0,-1,0,0,0,0,4,0
B01323,38,87960.0,169648.0,73863.0,14.0,0,0,0,-1,0,-1,-1,-1,0,0,-1,0,-1
B01324,38,24168.0,127739.0,72339.0,3.3,0,-1,-1,-1,0,-1,0,-1,-1,-1,-1,0,0
B01325,53,80144.0,172675.0,64950.0,5.4,2,0,-1,0,0,-1,-1,0,0,0,0,-1,-1
B01326,36,54832.0,327061.0,50787.0,3.0,4,0,-1,-1,-1,-1,4,1,0,0,-1,0,0
B01327,52,37953.0,115087.0,44828.0,8.7,0,-1,0,2,2,2,0,-1,0,-1,0,4,-1
B01328,44,51968.0,205391.0,55324.0,2.4,2,1,1,2,2,3,3,3,1,2,0,4,1
B01329,43,128098.0,445585.0,54833.0,7.6,1,0,0,0,-1,0,0,0,0,0,-1,0,-1
B01330,55,28569.0,103488.0,3583.0,10.1,0,-1,-1,1,2,1,0,-1,-1,-1,-1,4,-1
B01331,43,22202.0,101786.0,34784.0,2.6,1,3,3,4,1,4,2,3,2,2,4,4,1
B01332,35,47547.0,161703.0,42439.0,3.6,2,-1,3,2,4,4,3,1,0,4,1,0,1
B01333,33,159474.0,565027.0,195830.0,11.7,1,-1,0,0,2,-1,-1,0,3,1,1,4,4
B01334,22,22054.0,61944.0,5425.0,6.4,3,-1,2,1,4,3,1,3,2,3,4,0,-1
B01335,52,40345.0,223721.0,32436.0,2.7,3,2,3,-1,1,-1,1,0,3,4,1,3,-1
B01336,32,72432.0,252407.0,135206.0,9.2,1,3,0,1,1,2,4,3,1,4,3,4,3
B01337,61,194243.0,506764.0,135406.0,10.6,3,0,0,4,2,3,-1,2,0,4,0,-1,0
B01338,52,25465.0,82777.0,18180.0,9.7,5,1,1,4,1,2,-1,0,4,0,0,4,2
B01339,28,46888.0,114327.0,26341.0,6.4,3,0,-1,-1,4,1,0,3,0,-1,1,1,3
B01340,37,49511.0,92507.0,50722.0,2.7,3,1,3,3,2,2,0,-1,3,2,-1,0,0
B01341,38,106663.0,350003.0,151563.0,0.3,1,1,0,0,-1,0,2,-1,0,3,-1,3,0
B01342,60,43005.0,160537.0,54781.0,1.7,3,3,1,2,2,0,1,3,3,3,4,0,1
B01343,23,15911.0,62207.0,24842.0,3.6,4,-1,-1,0,-1,-1,0,-1,-1,3,4,3,4
B01344,38,156251.0,405425.0,102974.0,9.0,1,0,2,0,0,0,-1,1,0,0,0,0,0
B01345,64,43871.0,161058.0,78621.0,2.2,2,4,4,2,0,-1,0,2,0,2,4,3,3
B01346,45,31452.0,112125.0,58886.0,7.6,3,-1,0,0,2,3,-1,2,2,-1,-1,-1,-1
B01347,40,42158.0,168028.0,47454.0,10.3,2,0,-1,0,-1,0,-1,-1,-1,0,-1,-1,0
B01348,61,43863.0,82841.0,19980.0,11.8,3,0,-1,0,-1,0,0,0,1,-1,0,-1,0
B01349,58,62015.0,330141.0,119785.0,3.4,1,0,0,-1,4,3,-1,-1,-1,0,1,0,-1
B01350,31,98228.0,166039.0,43464.0,13.1,2,0,0,-1,-1,-1,-1,-1,-1,-1,1,-1,0
B01351,52,42671.0,102008.0,43104.0,2.8,2,-1,2,1,-1,-1,3,4,4,2,4,0,0
B01352,49,29638.0,171208.0,99738.0,17.4,2,1,-1,0,2,1,0,1,1,2,1,1,4
B01353,40,107219.0,341790.0,93737.0,10.7,1,4,0,-1,-1,-1,0,-1,0,0,-1,-1,-1
B01354,51,32732.0,52511.0,25050.0,7.5,0,0,-1,-1,0,-1,3,1,0,-1,-1,0,0
B01355,63,34559.0,186125.0,56892.0,4.0,1,0,-1,-1,0,0,-1,-1,0,-1,0,0,-1
B01356,28,52890.0,251105.0,159602.0,6.4,4,0,-1,2,-1,-1,-1,1,0,0,-1,4,0
B01357,35,41572.0,227928.0,14408.0,3.3,2,-1,-1,0,3,0,-1,-1,0,0,0,-1,0
B01358,60,36567.0,196044.0,11559.0,2.2,4,-1,0,0,0,-1,-1,1,0,-1,-1,-1,-1
B01359,40,66582.0,302425.0,92071.0,9.0,1,-1,-1,0,-1,-1,-1,-1,0,-1,0,-1,0
B01360,21,43830.0,89813.0,58089.0,3.7,1,0,-1,0,2,0,-1,-1,0,3,4,2,3
B01361,53,44415.0,239885.0,45026.0,4.8,3,-1,0,4,3,2,1,-1,0,-1,1,-1,-1
B01362,32,32337.0,145602.0,33366.0,3.4,3,-1,-1,-1,3,2,4,1,3,2,3,1,3
B01363,34,53044.0,222691.0,68090.0,1.6,2,-1,0,0,0,0,-1,-1,-1,-1,-1,0,0
B01364,36,40289.0,228420.0,128431.0,5.3,2,-1,-1,0,0,-1,0,0,-1,0,0,-1,3
B01365,27,50045.0,135331.0,94838.0,25.3,4,3,-1,3,0,-1,-1,0,-1,3,0,-1,0
B01366,38,56184.0,189130.0,85417.0,3.4,0,2,3,2,0,0,-1,-1,0,0,1,0,-1
B01367,44,26214.0,110692.0,57821.0,7.2,2,0,0,0,0,-1,-1,-1,-1,0,-1,2,0
B01368,45,24353.0,77519.0,31871.0,1.7,3,-1,0,0,-1,0,0,2,-1,3,0,0,-1
B01369,41,19418.0,106258.0,66080.0,2.2,1,-1,-1,2,1,0,2,0,0,4,4,0,0
B01370,66,54421.0,245711.0,115906.0,9.6,4,4,4,-1,0,4,2,4,-1,3,3,2,4
B01371,45,55203.0,209771.0,114661.0,18.7,2,-1,4,4,-1,-1,0,0,0,0,-1,0,0
B01372,41,56833.0,275680.0,127357.0,3.5,4,4,3,3,2,0,4,1,-1,4,3,2,-1
B01373,22,47038.0,223471.0,21765.0,6.0,2,2,-1,-1,-1,-1,-1,-1,0,-1,-1,4,1
B01374,61,22425.0,123094.0,103906.0,5.3,1,0,-1,0,-1,0,0,0,-1,0,0,0,0
B01375,62,30044.0,137050.0,60429.0,2.4,2,-1,2,0,-1,-1,-1,0,0,-1,-1,0,0
B01376,33,79083.0,143042.0,53241.0,23.6,1,-1,0,-1,-1,-1,-1,0,0,-1,-1,-1,0
B01377,37,31958.0,114533.0,24825.0,5.3,3,0,-1,-1,-1,2,4,3,1,0,0,-1,-1
B01378,53,58805.0,161399.0,30683.0,1.2,5,0,3,2,-1,-1,-1,0,0,4,2,-1,0
B01379,69,104206.0,299338.0,129313.0,13.5,4,1,2,3,-1,0,0,-1,0,-1,1,-1,-1
B01380,60,41427.0,111242.0,33394.0,4.0,2,-1,0,0,3,0,0,0,-1,0,-1,4,4
B01381,24,30218.0,166164.0,35486.0,14.5,2,0,-1,0,-1,0,0,-1,0,2,0,-1,-1
B01382,44,20918.0,94599.0,33543.0,0.7,0,-1,-1,-1,-1,-1,0,0,3,-1,4,2,-1
B01383,24,22196.0,79656.0,18988.0,4.2,0,-1,-1,4,2,4,3,-1,0,2,-1,-1,0
B01384,30,13245.0,75840.0,42528.0,14.3,4,-1,0,-1,0,0,0,0,0,-1,-1,0,0
B01385,31,37788.0,194689.0,22538.0,11.8,1,0,3,1,-1,0,0,3,0,4,0,-1,-1
B01386,25,19357.0,97678.0,11988.0,4.1,1,1,3,1,4,2,2,1,1,2,3,3,1
B01387,54,57058.0,206435.0,45738.0,4.5,2,-1,0,-1,0,-1,-1,0,0,0,0,-1,0
B01388,49,18900.0,65849.0,12962.0,9.8,3,-1,-1,-1,0,-1,0,-1,-1,-1,-1,0,-1
B01389,57,35791.0,105282.0,90857.0,5.8,1,0,-1,0,0,0,-1,-1,-1,-1,0,-1,-1
B01390,65,36973.0,202998.0,78205.0,10.2,2,2,4,4,-1,3,3,3,3,3,3,3,-1
B01391,48,21714.0,102443.0,88417.0,17.4,1,0,-1,-1,0,-1,3,0,0,0,-1,0,0
B01392,44,71971.0,391255.0,204136.0,5.6,2,0,0,0,-1,-1,0,-1,0,-1,0,-1,-1
B01393,30,25885.0,88996.0,36527.0,2.6,2,0,-1,-1,0,0,-1,-1,-1,-1,-1,-1,0
B01394,21,52892.0,290464.0,105170.0,1.5,4,4,0,-1,-1,-1,2,1,0,0,0,0,-1
B01395,38,70893.0,296286.0,144506.0,5.8,0,-1,-1,0,-1,-1,0,-1,-1,1,1,2,1
B01396,60,76882.0,144356.0,6137.0,4.5,2,-1,0,-1,0,0,0,0,0,0,2,0,-1
B01397,30,27180.0,122893.0,65297.0,5.6,3,4,4,1,0,-1,1,0,-1,3,1,-1,-1
B01398,57,28607.0,102770.0,95113.0,7.8,2,1,0,4,4,-1,0,1,4,1,1,0,1
B01399,38,53161.0,229908.0,16602.0,13.1,4,2,0,1,-1,0,4,1,1,4,-1,4,1
B01400,68,79574.0,288660.0,146516.0,4.5,2,0,2,-1,0,4,2,-1,1,4,2,0,0
B01401,54,57976.0,258618.0,142471.0,2.2,2,0,0,-1,0,-1,0,0,0,-1,-1,-1,0
B01402,23,31538.0,59467.0,29383.0,9.0,2,-1,0,-1,0,-1,0,0,0,-1,0,0,-1
B01403,65,27040.0,78100.0,1280.0,19.2,5,-1,-1,-1,0,1,-1,-1,-1,0,-1,-1,-1
B01404,33,28320.0,81816.0,46960.0,4.7,1,-1,2,-1,0,2,0,-1,0,1,-1,0,-1
B01405,66,40371.0,163944.0,106736.0,0.2,4,-1,0,1,-1,2,-1,0,0,0,1,0,0
B01406,21,53492.0,122303.0,29725.0,7.5,4,0,0,-1,-1,0,-1,0,0,4,0,1,-1
B01407,65,46887.0,96791.0,55877.0,7.2,2,-1,0,-1,-1,0,3,4,3,2,2,-1,-1
B01408,22,55571.0,111799.0,24958.0,11.9,3,-1,-1,0,0,0,0,0,0,-1,-1,-1,0
B01409,46,63869.0,363067.0,111416.0,5.0,1,0,-1,0,0,4,0,-1,0,-1,-1,-1,0
B01410,66,51122.0,286655.0,105035.0,24.9,2,0,-1,-1,0,-1,-1,-1,0,-1,-1,0,0
B01411,25,71595.0,248041.0,72572.0,10.4,2,0,0,0,0,-1,0,-1,0,0,-1,0,-1
B01412,53,39717.0,71248.0,38632.0,2.7,5,4,4,4,-1,-1,1,1,3,3,2,2,3
B01413,36,25127.0,54142.0,24593.0,20.4,0,2,1,3,1,4,3,3,4,4,2,2,1
B01414,49,32876.0,148181.0,118630.0,10.6,3,0,1,-1,4,2,4,0,-1,-1,0,-1,0
B01415,40,64236.0,107410.0,33542.0,1.4,0,-1,-1,-1,-1,1,-1,2,4,1,0,0,3
B01416,57,26195.0,54471.0,21409.0,5.8,1,-1,2,3,3,4,3,1,-1,4,2,1,3
B01417,22,34136.0,188837.0,65232.0,3.9,3,3,1,2,3,0,2,2,4,-1,-1,-1,1
B01418,59,44917.0,218231.0,73205.0,4.8,2,0,4,2,0,0,0,-1,-1,0,0,0,-1
B01419,38,55177.0,127696.0,8663.0,7.8,2,4,1,0,-1,1,3,3,0,0,4,4,1
B01420,44,27210.0,66089.0,24690.0,10.4,5,0,-1,-1,0,0,0,0,-1,-1,0,-1,-1
B01421,54,46002.0,69194.0,13434.0,3.0,4,-1,0,-1,-1,-1,0,0,-1,-1,0,-1,0
B01422,57,69635.0,375150.0,276257.0,8.6,5,4,2,1,-1,0,0,-1,0,-1,-1,-1,3
B01423,62,24700.0,84663.0,31021.0,10.9,2,-1,0,-1,-1,0,-1,0,0,-1,-1,0,-1
B01424,65,56720.0,284622.0,130063.0,11.9,1,-1,-1,-1,0,-1,0,0,0,0,0,0,-1
B01425,41,23559.0,135036.0,79422.0,7.5,2,-1,3,-1,3,3,1,-1,1,-1,1,2,1
B01426,57,60178.0,113434.0,2253.0,3.0,2,-1,0,-1,0,1,-1,0,-1,-1,-1,0,-1
B01427,55,58273.0,148360.0,28674.0,8.0,5,2,-1,-1,0,0,-1,-1,0,0,0,-1,-1
B01428,47,14021.0,63227.0,31968.0,6.8,3,0,-1,0,-1,0,-1,0,-1,-1,0,4,3
B01429,29,16423.0,49562.0,18036.0,14.1,0,0,0,0,0,0,0,0,-1,0,0,0,0
B01430,46,122065.0,593905.0,260835.0,9.9,4,0,2,0,-1,0,-1,-1,-1,-1,0,0,-1
B01431,60,87975.0,146078.0,51796.0,1.8,1,-1,0,-1,0,0,-1,-1,-1,0,0,0,0
B01432,56,47612.0,266969.0,118811.0,2.2,5,-1,1,-1,1,-1,-1,-1,1,-1,4,0,0
B01433,68,26360.0,106426.0,40342.0,8.3,0,-1,-1,0,0,-1,0,0,0,0,0,-1,0
B01434,64,47657.0,159387.0,36118.0,9.7,2,0,-1,-1,0,3,1,1,2,4,-1,4,1
B01435,32,18951.0,98920.0,32479.0,4.1,2,-1,0,0,0,-1,-1,0,-1,-1,0,-1,0
B01436,66,36200.0,82678.0,33258.0,5.0,0,4,1,4,1,3,3,3,4,4,4,2,2
B01437,59,72053.0,119768.0,54465.0,4.9,0,-1,0,0,3,3,0,0,-1,-1,0,3,0
B01438,52,79247.0,442828.0,262165.0,2.1,4,0,0,3,0,-1,-1,-1,0,0,3,0,-1
B01439,62,47571.0,171214.0,46897.0,14.7,1,0,-1,3,-1,0,-1,0,0,-1,-1,4,0
B01440,50,96702.0,321819.0,185421.0,8.8,2,1,2,3,4,4,2,2,-1,-1,2,2,2
B01441,32,28035.0,82805.0,19549.0,0.9,4,0,-1,0,3,-1,3,0,-1,-1,0,0,0
B01442,34,81502.0,315418.0,51114.0,6.9,2,-1,-1,1,0,0,0,0,0,-1,0,-1,0
B01443,47,25324.0,41127.0,31002.0,14.0,1,-1,0,3,4,2,3,0,0,-1,0,-1,-1
B01444,45,15034.0,78922.0,47669.0,10.4,0,-1,-1,0,-1,-1,-1,-1,2,-1,-1,0,0
B01445,35,30590.0,113578.0,89815.0,5.4,1,1,3,4,4,1,3,0,2,4,0,3,1
B01446,55,77591.0,315660.0,21060.0,8.1,1,0,2,0,0,0,-1,0,-1,0,4,3,4
B01447,21,99614.0,273903.0,121068.0,1.4,0,0,-1,0,0,-1,0,-1,-1,-1,-1,-1,-1
B01448,39,24894.0,143199.0,40170.0,6.6,1,-1,-1,-1,0,0,-1,4,-1,-1,3,0,0
B01449,38,37475.0,117498.0,57562.0,4.2,3,2,0,-1,0,-1,0,0,-1,-1,-1,0,0
B01450,48,37569.0,173900.0,110817.0,8.8,2,0,0,-1,-1,0,0,0,3,0,0,-1,0
B01451,48,125635.0,334923.0,16534.0,14.6,8,4,0,0,4,1,0,3,-1,1,2,3,4
B01452,42,30800.0,111044.0,61175.0,0.9,2,4,4,2,3,1,1,3,0,2,0,-1,4
B01453,48,36890.0,172869.0,130902.0,16.3,6,-1,0,-1,0,-1,0,-1,-1,0,-1,0,0
B01454,54,31051.0,94724.0,11943.0,19.8,0,0,-1,-1,0,-1,0,-1,0,0,0,0,0
B01455,65,45964.0,235151.0,30651.0,7.7,3,-1,0,3,-1,-1,0,-1,-1,-1,3,1,-1
B01456,24,58373.0,176096.0,48040.0,4.0,1,-1,-1,-1,2,0,2,0,-1,0,0,0,0
B01457,47,47401.0,223874.0,126557.0,5.1,2,0,-1,0,0,1,-1,-1,0,2,0,0,0
B01458,24,28016.0,137969.0,93239.0,22.0,3,3,0,-1,-1,0,0,0,0,-1,-1,0,0
B01459,44,9808.0,41125.0,4833.0,7.1,0,3,1,4,2,1,2,1,2,3,4,2,2
B01460,55,33097.0,147147.0,58016.0,5.2,2,0,0,-1,-1,3,0,0,0,-1,0,0,0
B01461,32,51777.0,149137.0,23980.0,10.3,2,0,-1,-1,0,0,0,-1,-1,-1,-1,-1,-1
B01462,69,74663.0,433428.0,196747.0,3.3,2,4,2,-1,-1,0,0,-1,-1,0,-1,-1,0
B01463,54,87409.0,151347.0,11036.0,5.6,1,0,0,-1,-1,0,0,4,-1,0,-1,-1,-1
B01464,43,67768.0,124007.0,18605.0,2.7,4,-1,3,1,3,1,0,3,2,-1,-1,0,0
B01465,67,106967.0,357545.0,143898.0,3.2,5,-1,-1,0,-1,0,-1,0,0,0,-1,0,-1
B01466,28,51623.0,89204.0,44002.0,2.7,0,-1,-1,0,-1,0,-1,0,0,0,0,0,0
B01467,29,66902.0,235701.0,140423.0,8.9,4,-1,-1,0,0,0,0,0,0,-1,-1,0,0
B01468,63,37432.0,151882.0,55901.0,2.4,1,-1,-1,0,0,-1,-1,0,0,0,-1,0,0
B01469,33,14725.0,38141.0,3271.0,8.4,1,4,3,1,4,3,3,4,2,1,3,4,3
B01470,37,43602.0,257250.0,142192.0,0.6,2,-1,0,0,-1,0,0,0,-1,-1,2,1,2
B01471,63,49320.0,219370.0,55091.0,2.6,3,4,-1,-1,-1,-1,-1,-1,-1,0,0,0,0
B01472,30,68124.0,183826.0,35310.0,4.6,3,0,-1,0,1,-1,0,4,3,2,-1,-1,1
B01473,62,28060.0,123291.0,52955.0,2.7,1,-1,0,0,-1,0,2,-1,4,0,-1,-1,0
B01474,66,54090.0,81653.0,19430.0,1.7,3,1,-1,3,2,-1,-1,1,-1,-1,0,4,1
B01475,33,53281.0,230864.0,143939.0,3.1,2,-1,-1,0,0,0,0,0,-1,-1,-1,0,-1
B01476,42,56032.0,186949.0,106712.0,12.9,0,0,-1,0,0,1,-1,0,0,0,1,-1,4
B01477,46,52469.0,147408.0,75795.0,9.3,2,-1,2,3,2,-1,-1,0,0,0,-1,-1,0
B01478,46,32776.0,148962.0,87830.0,7.6,0,0,0,-1,0,0,0,0,-1,0,0,0,0
B01479,48,41465.0,170079.0,134108.0,4.4,0,-1,-1,0,1,2,0,0,0,0,-1,3,-1
B01480,26,47112.0,257391.0,122948.0,9.6,1,-1,-1,0,-1,0,-1,-1,0,0,0,0,-1
B01481,24,59903.0,308578.0,82902.0,3.0,2,1,4,1,2,-1,0,0,4,2,3,2,4
B01482,66,36684.0,185299.0,110000.0,5.4,2,-1,1,1,-1,3,3,0,1,-1,4,1,-1
B01483,42,45585.0,92591.0,30416.0,10.0,3,0,0,0,0,-1,0,-1,-1,0,0,-1,0
B01484,48,33875.0,127795.0,39473.0,3.9,1,0,-1,-1,0,0,-1,0,1,-1,1,0,0
B01485,50,47018.0,75167.0,25766.0,3.4,1,0,-1,3,1,0,-1,0,0,-1,0,0,0
B01486,28,21563.0,105489.0,81886.0,10.1,0,2,-1,0,0,1,2,0,2,-1,4,4,3
B01487,47,40836.0,113695.0,26633.0,10.4,1,-1,0,0,0,0,-1,0,0,-1,0,0,0
B01488,38,41945.0,209222.0,65383.0,10.6,1,-1,0,2,2,-1,-1,0,-1,4,0,1,-1
B01489,45,36624.0,137887.0,50696.0,2.6,1,-1,-1,0,-1,-1,0,-1,0,-1,0,-1,0
B01490,32,64382.0,248544.0,100010.0,1.6,2,3,3,2,0,-1,4,-1,1,3,1,0,0
B01491,32,47548.0,123545.0,91996.0,13.6,0,-1,-1,0,0,0,0,0,2,2,0,-1,-1
B01492,36,41486.0,105791.0,49545.0,6.1,2,-1,0,1,0,4,4,0,-1,3,0,3,2
B01493,67,50775.0,77604.0,54127.0,8.7,1,-1,0,-1,-1,-1,-1,-1,1,-1,-1,-1,-1
B01494,68,58042.0,309780.0,177164.0,6.3,3,0,0,4,0,0,0,-1,2,0,-1,-1,-1
B01495,38,26312.0,44355.0,16290.0,6.7,3,4,3,1,0,1,2,-1,-1,-1,2,4,3
B01496,36,37632.0,86605.0,52687.0,8.5,4,-1,4,4,0,0,-1,0,2,1,2,3,4
B01497,62,40220.0,140568.0,66949.0,8.3,3,2,3,3,1,4,-1,1,4,4,4,-1,2
B01498,47,44628.0,244806.0,119373.0,5.9,1,-1,2,0,4,-1,-1,2,1,4,4,4,4
B01499,68,56952.0,165143.0,41741.0,3.0,2,0,2,2,-1,-1,0,-1,0,-1,-1,0,0
B01500,34,66552.0,335631.0,105892.0,7.3,2,-1,0,3,3,3,4,0,0,2,4,0,2
B01501,38,16620.0,54332.0,26689.0,3.8,5,4,0,1,2,4,4,2,3,-1,3,1,1
B01502,40,122104.0,517364.0,418837.0,7.6,3,-1,-1,2,-1,4,3,3,2,0,0,-1,0
B01503,53,32994.0,191830.0,41817.0,5.3,3,-1,2,3,3,3,2,0,-1,-1,2,4,4
B01504,22,60905.0,121013.0,11819.0,13.8,1,-1,-1,-1,-1,4,-1,-1,0,0,-1,0,2
B01505,53,38354.0,79782.0,2792.0,11.4,4,0,-1,0,0,0,-1,-1,-1,0,0,-1,0
B01506,21,72295.0,331553.0,239013.0,0.8,2,-1,0,-1,-1,-1,0,-1,0,2,0,-1,0
B01507,28,52533.0,202986.0,130207.0,6.3,4,1,0,-1,-1,-1,-1,3,3,-1,1,0,-1
B01508,35,42585.0,162655.0,41859.0,5.0,0,-1,0,0,-1,-1,-1,0,-1,0,0,2,4
B01509,59,41656.0,84841.0,34658.0,9.0,3,3,1,2,4,3,4,0,4,3,4,2,0
B01510,38,33782.0,164004.0,46267.0,5.2,1,4,0,2,-1,4,4,3,3,4,4,-1,-1
B01511,57,67505.0,133402.0,23787.0,7.8,2,0,0,0,-1,-1,-1,0,4,4,3,1,2
B01512,54,49970.0,251306.0,120324.0,13.4,3,-1,-1,-1,0,0,0,0,-1,-1,0,0,0
B01513,26,63381.0,123045.0,22164.0,7.1,3,-1,-1,4,4,-1,0,0,4,2,3,4,4
B01514,35,107726.0,196365.0,134407.0,4.3,2,0,4,0,0,-1,-1,-1,-1,0,0,-1,-1
B01515,52,86867.0,500323.0,119651.0,8.6,1,0,3,-1,1,2,-1,3,3,2,-1,0,0
B01516,69,63535.0,123014.0,54636.0,24.3,4,4,3,2,4,2,1,3,-1,0,0,2,0
B01517,66,49010.0,269320.0,129691.0,6.8,1,-1,-1,4,0,0,4,0,-1,0,0,0,-1
B01518,21,101596.0,201113.0,94064.0,6.6,3,-1,0,0,-1,0,3,0,0,0,0,-1,0
B01519,69,18610.0,34883.0,13010.0,3.9,2,1,4,2,3,2,-1,1,-1,2,2,-1,-1
B01520,39,72032.0,319773.0,96916.0,0.9,2,-1,0,-1,1,0,1,-1,0,-1,-1,0,2
B01521,58,24366.0,135191.0,17703.0,17.1,1,1,1,4,-1,1,-1,0,3,2,3,4,3
B01522,61,61144.0,238415.0,81404.0,6.4,3,-1,-1,0,0,0,3,-1,-1,-1,0,0,3
B01523,24,20907.0,35632.0,14265.0,0.9,2,3,-1,-1,3,0,-1,3,-1,0,3,2,0
B01524,32,82556.0,314918.0,244818.0,4.4,3,0,0,-1,0,-1,-1,2,-1,-1,-1,-1,0
B01525,34,75343.0,326970.0,99471.0,6.5,3,0,-1,0,-1,0,0,-1,0,-1,0,0,-1
B01526,58,36785.0,147540.0,57266.0,4.9,4,-1,1,2,-1,-1,0,0,0,1,4,2,4
B01527,64,45535.0,177371.0,75155.0,4.3,1,4,0,-1,4,0,0,0,-1,-1,-1,-1,0
B01528,46,72552.0,257103.0,127160.0,5.7,2,0,-1,0,-1,4,0,0,-1,-1,-1,0,0
B01529,53,20947.0,98274.0,16356.0,2.4,2,0,-1,-1,-1,0,2,0,-1,-1,-1,-1,-1
B01530,42,27718.0,77081.0,19991.0,3.9,1,0,0,2,-1,0,0,-1,0,0,0,-1,-1
B01531,28,77464.0,450343.0,97036.0,3.9,3,-1,0,-1,-1,-1,-1,0,1,-1,0,-1,-1
B01532,48,40582.0,118600.0,101019.0,13.9,6,0,2,0,0,4,4,4,2,1,4,4,2
B01533,61,36137.0,184556.0,93969.0,12.6,3,0,-1,1,0,0,4,3,0,-1,2,-1,0
B01534,56,53624.0,190960.0,19496.0,3.9,1,-1,-1,0,0,-1,0,-1,3,3,0,-1,0
B01535,26,39177.0,83691.0,26440.0,6.5,4,0,-1,-1,2,-1,4,2,4,2,0,0,-1
B01536,40,57691.0,107059.0,50893.0,5.0,1,3,-1,0,0,4,-1,-1,0,-1,-1,0,0
B01537,38,25554.0,68906.0,12688.0,4.8,3,-1,-1,-1,-1,-1,4,1,1,0,-1,-1,0
B01538,24,58836.0,316839.0,259988.0,6.9,2,1,3,3,-1,-1,2,1,2,4,4,4,4
B01539,36,32953.0,124142.0,43204.0,2.7,3,3,4,0,3,4,3,4,1,4,4,0,-1
B01540,56,29583.0,68425.0,27887.0,11.0,1,-1,0,0,-1,-1,0,3,2,2,0,-1,-1
B01541,39,24451.0,84488.0,58671.0,2.0,1,-1,1,-1,4,4,-1,2,0,0,-1,0,0
B01542,51,49512.0,262266.0,73819.0,9.2,0,0,0,2,0,-1,2,2,-1,0,-1,-1,0
B01543,23,18388.0,60367.0,3624.0,3.2,4,-1,0,-1,0,-1,-1,0,-1,0,-1,-1,-1
B01544,25,59438.0,212423.0,180511.0,1.3,1,-1,3,2,-1,-1,0,3,2,2,3,3,4
B01545,32,57921.0,243671.0,102774.0,1.1,1,2,2,4,4,0,1,4,3,1,0,4,4
B01546,54,31500.0,185704.0,53389.0,6.0,3,4,2,4,4,2,3,1,4,3,0,3,3
B01547,45,57342.0,108657.0,27596.0,8.3,1,0,0,-1,0,-1,0,3,2,1,-1,0,-1
B01548,43,40385.0,91705.0,36843.0,6.5,1,3,2,1,-1,4,-1,0,0,-1,0,-1,0
B01549,25,46703.0,270085.0,155869.0,22.4,1,3,4,0,4,3,0,-1,-1,0,-1,-1,0
B01550,54,40659.0,119756.0,23128.0,2.2,4,0,0,0,-1,0,-1,0,-1,0,-1,0,-1
B01551,45,42165.0,234113.0,163331.0,5.5,0,0,0,-1,-1,0,-1,0,0,0,-1,0,0
B01552,49,108957.0,515083.0,219279.0,2.2,1,0,0,0,-1,0,-1,-1,-1,0,0,0,0
B01553,65,36901.0,85356.0,42953.0,7.8,0,0,4,1,0,0,-1,-1,-1,1,2,-1,-1
B01554,36,38792.0,125467.0,91477.0,9.9,2,-1,0,0,4,4,0,-1,0,-1,-1,0,0
B01555,39,24150.0,126090.0,20934.0,11.9,3,3,0,0,0,2,4,-1,-1,0,0,0,4
B01556,57,38699.0,71066.0,16462.0,10.8,4,0,0,0,0,-1,0,0,-1,0,-1,0,0
B01557,36,19532.0,95404.0,30371.0,3.4,0,1,3,1,4,2,0,-1,1,4,0,3,1
B01558,32,109202.0,165399.0,124398.0,3.4,4,-1,1,2,4,1,4,1,1,4,2,4,3
B01559,50,46489.0,116452.0,33438.0,7.6,1,-1,-1,0,4,-1,0,1,-1,0,-1,-1,-1
B01560,31,60972.0,291498.0,174100.0,8.6,2,-1,0,-1,3,0,3,2,4,1,-1,0,0
B01561,40,33929.0,199867.0,62084.0,3.2,2,0,1,4,0,4,1,0,0,0,0,-1,4
B01562,31,84411.0,359634.0,46800.0,14.9,0,-1,-1,2,3,1,0,-1,-1,0,-1,0,-1
B01563,32,34631.0,123674.0,14438.0,4.0,4,2,1,1,4,1,4,3,2,1,2,3,1
B01564,24,23822.0,135341.0,85641.0,5.2,2,3,1,1,1,3,1,4,2,2,1,4,2
B01565,64,24928.0,114150.0,62657.0,3.8,4,-1,-1,0,-1,-1,0,-1,0,0,0,-1,-1
B01566,61,15625.0,25715.0,8009.0,13.9,0,-1,-1,0,-1,4,3,0,0,0,-1,-1,-1
B01567,63,47403.0,234455.0,51110.0,7.3,2,-1,-1,0,-1,3,1,0,2,-1,-1,0,-1
B01568,51,14381.0,85175.0,14943.0,3.9,2,-1,-1,0,0,3,0,4,2,4,2,3,0
B01569,48,37982.0,169419.0,86345.0,7.4,0,4,0,0,0,1,3,3,3,1,3,1,2
B01570,27,30584.0,126624.0,59700.0,1.5,2,1,4,2,2,-1,-1,3,4,2,1,3,4
B01571,34,19414.0,91315.0,13475.0,1.8,1,4,-1,0,-1,2,3,-1,3,1,4,-1,2
B01572,42,24547.0,132792.0,54419.0,5.4,1,0,4,4,3,4,3,2,-1,1,4,4,1
B01573,65,54044.0,269890.0,106571.0,4.7,1,-1,0,-1,-1,-1,-1,-1,-1,-1,0,0,-1
B01574,67,46145.0,129602.0,5444.0,1.6,1,-1,0,-1,-1,0,-1,0,0,-1,-1,-1,-1
B01575,32,81171.0,158875.0,122468.0,5.6,2,0,1,0,3,2,1,3,4,1,0,4,-1
B01576,40,24195.0,94904.0,20067.0,12.0,1,0,0,0,0,4,4,0,-1,0,0,0,-1
B01577,29,15797.0,58252.0,24815.0,14.2,2,0,3,0,3,3,2,2,-1,1,4,-1,1
B01578,31,74627.0,267878.0,206163.0,5.5,6,-1,2,-1,0,0,-1,-1,-1,0,0,0,0
B01579,69,50009.0,176622.0,43048.0,8.2,3,-1,1,0,0,-1,-1,0,1,0,-1,0,-1
B01580,28,30039.0,122403.0,13913.0,7.2,1,0,1,0,-1,-1,-1,0,0,0,0,-1,0
B01581,27,56845.0,166167.0,16515.0,6.1,1,0,0,0,0,-1,0,0,-1,0,1,-1,0
B01582,29,35412.0,163298.0,37617.0,10.8,2,0,0,0,0,-1,-1,-1,-1,0,0,-1,-1
B01583,62,34350.0,78121.0,10120.0,4.4,2,3,4,3,4,1,-1,4,1,0,4,2,1
B01584,46,18377.0,92101.0,36019.0,14.6,0,0,0,-1,0,0,-1,0,-1,-1,0,-1,0
B01585,49,32010.0,90806.0,73386.0,20.3,1,3,3,1,0,0,-1,-1,2,0,4,3,-1
B01586,31,86121.0,223661.0,144410.0,3.0,4,0,-1,-1,-1,0,0,-1,0,0,0,0,-1
B01587,48,30490.0,133684.0,50150.0,16.3,2,-1,2,-1,-1,-1,-1,4,-1,-1,-1,0,0
B01588,33,77726.0,318822.0,202305.0,10.3,3,3,3,4,4,1,4,2,1,-1,0,0,2
B01589,61,40559.0,188475.0,62361.0,4.1,2,-1,2,0,0,1,4,0,-1,2,0,4,-1
B01590,62,44803.0,67791.0,43420.0,1.4,0,2,1,-1,-1,0,1,0,0,0,-1,0,-1
B01591,54,33006.0,91085.0,66657.0,1.5,4,-1,-1,-1,0,0,-1,-1,0,0,0,0,-1
B01592,42,25641.0,118567.0,7636.0,1.2,4,-1,3,2,1,0,0,4,0,0,0,0,-1
B01593,46,35170.0,126615.0,34953.0,7.2,2,-1,-1,0,0,-1,0,-1,0,0,0,4,2
B01594,47,69323.0,386261.0,85976.0,2.9,1,-1,-1,-1,-1,2,0,-1,0,-1,0,-1,1
B01595,45,41842.0,196629.0,79494.0,11.1,0,0,0,-1,-1,-1,0,-1,-1,0,-1,0,0
B01596,38,31711.0,98937.0,36525.0,17.5,0,0,0,0,-1,-1,0,-1,0,-1,0,-1,-1
B01597,50,34380.0,82555.0,15208.0,1.1,5,1,1,4,3,1,3,4,4,3,1,0,3
B01598,58,28991.0,137360.0,52519.0,2.9,2,3,4,0,4,2,1,1,1,1,1,0,1
B01599,55,39516.0,185343.0,18499.0,8.0,4,-1,0,0,-1,-1,-1,-1,0,0,0,0,-1
B01600,41,50473.0,180934.0,120309.0,6.8,4,-1,0,-1,-1,0,0,0,-1,0,3,0,-1
B01601,34,32236.0,96246.0,12015.0,9.8,2,-1,0,-1,0,0,0,0,-1,-1,0,0,0
B01602,62,57421.0,170415.0,31540.0,13.6,2,0,0,0,-1,-1,0,2,-1,0,-1,-1,-1
B01603,59,83856.0,137798.0,70643.0,7.7,1,0,0,0,0,-1,-1,0,-1,0,-1,-1,0
B01604,68,25016.0,121587.0,47851.0,13.8,1,0,1,4,3,4,3,2,2,4,1,3,2
B01605,51,37781.0,68585.0,28044.0,5.0,1,0,1,-1,1,-1,2,4,4,1,3,3,0
B01606,52,116881.0,484982.0,41237.0,8.2,1,-1,0,0,-1,-1,-1,0,0,-1,0,-1,0
B01607,66,38052.0,97202.0,29342.0,7.2,4,-1,0,0,-1,-1,-1,0,0,-1,-1,-1,4
B01608,65,76535.0,142280.0,37338.0,6.9,0,-1,-1,1,-1,-1,0,-1,-1,3,0,3,4
B01609,69,73011.0,392834.0,290492.0,7.3,2,-1,0,0,-1,3,2,-1,0,3,4,0,-1
B01610,48,68482.0,402442.0,183267.0,3.1,4,-1,-1,0,0,-1,0,-1,0,-1,0,-1,0
B01611,57,54272.0,94543.0,27457.0,2.7,1,0,3,0,2,4,2,4,1,3,0,3,2
B01612,64,41663.0,85062.0,3966.0,9.8,3,0,0,-1,3,1,-1,2,2,0,0,0,0
B01613,21,46014.0,127813.0,34160.0,12.1,2,0,-1,-1,0,0,0,-1,0,0,0,0,-1
B01614,59,25273.0,86900.0,23481.0,4.2,4,4,4,2,2,2,2,0,-1,-1,4,1,2
B01615,29,27731.0,84103.0,59692.0,6.5,3,3,0,0,3,1,0,-1,4,2,-1,2,0
B01616,65,87111.0,137099.0,21520.0,0.8,3,1,3,1,0,4,4,1,2,4,2,2,3
B01617,32,79636.0,380879.0,54199.0,7.6,2,0,-1,0,0,2,1,-1,2,-1,-1,-1,-1
B01618,43,48596.0,185247.0,152130.0,5.7,2,3,3,1,1,0,4,1,2,4,3,1,0
B01619,46,22342.0,118822.0,76871.0,6.1,2,0,0,-1,-1,-1,0,0,-1,0,-1,4,-1
B01620,28,33953.0,81941.0,42199.0,2.8,2,-1,1,4,4,3,2,4,3,0,-1,4,2
B01621,24,47110.0,149362.0,47060.0,2.4,3,-1,1,1,4,2,2,4,3,3,1,-1,0
B01622,51,120483.0,577717.0,147088.0,7.3,2,0,0,-1,0,0,-1,-1,0,-1,-1,3,-1
B01623,31,72557.0,194662.0,13992.0,5.8,2,-1,0,-1,2,1,0,-1,3,2,4,-1,-1
B01624,69,25614.0,144124.0,39016.0,5.0,2,-1,3,1,3,4,2,1,2,4,2,2,3
B01625,63,81425.0,273046.0,191040.0,7.2,2,0,-1,3,-1,0,0,-1,-1,-1,0,2,4
B01626,63,22924.0,126249.0,83838.0,21.1,1,1,-1,-1,3,0,4,3,1,4,1,3,3
B01627,48,55997.0,331127.0,163790.0,5.9,4,0,0,-1,0,0,0,0,-1,0,0,0,-1
B01628,34,51455.0,124447.0,9410.0,2.8,2,0,-1,4,0,3,0,-1,0,0,-1,0,-1
B01629,24,82535.0,201018.0,115358.0,3.7,2,0,-1,-1,-1,3,1,0,0,0,-1,0,0
B01630,42,25320.0,57879.0,35620.0,4.6,4,0,0,0,-1,0,-1,0,-1,-1,-1,-1,0
B01631,43,66041.0,284185.0,67751.0,8.7,2,1,3,4,-1,2,3,3,-1,-1,1,-1,4
B01632,37,44175.0,228721.0,17994.0,2.0,3,2,4,1,-1,4,0,0,3,2,-1,0,-1
B01633,67,38980.0,195926.0,116454.0,4.8,4,-1,-1,3,0,-1,-1,0,-1,0,0,-1,0
B01634,22,20015.0,36006.0,15255.0,12.2,2,1,2,1,-1,-1,2,3,4,3,4,-1,0
B01635,37,39471.0,111949.0,27582.0,5.9,2,-1,-1,3,4,1,-1,-1,0,0,-1,-1,0
B01636,40,23038.0,66315.0,13715.0,2.7,0,-1,-1,-1,0,-1,-1,-1,4,0,0,3,0
B01637,45,32977.0,179099.0,82323.0,8.1,2,3,1,4,2,3,3,4,2,0,1,1,3
B01638,33,27358.0,145664.0,68185.0,4.0,3,-1,-1,0,0,0,3,1,0,0,-1,-1,2
B01639,60,42147.0,170386.0,48870.0,10.5,1,-1,-1,-1,0,0,-1,-1,-1,0,0,-1,-1
B01640,33,49152.0,186673.0,90498.0,5.2,1,1,3,3,3,-1,0,3,3,-1,-1,-1,4
B01641,61,95665.0,372546.0,50383.0,4.0,0,-1,0,-1,1,-1,-1,0,0,0,0,0,-1
B01642,59,39430.0,169642.0,56474.0,6.8,1,0,-1,4,0,-1,-1,-1,0,-1,0,-1,-1
B01643,66,46650.0,91310.0,64750.0,0.6,1,3,2,1,-1,3,2,4,1,1,1,1,2
B01644,54,37677.0,100515.0,26773.0,1.0,0,-1,0,-1,-1,-1,0,0,-1,0,0,-1,0
B01645,51,44645.0,243242.0,95180.0,1.8,2,-1,2,2,0,4,4,2,3,2,2,3,2
B01646,59,34401.0,116000.0,37482.0,3.6,3,0,0,2,-1,1,-1,0,0,0,-1,-1,0
B01647,23,49250.0,111677.0,18367.0,7.5,0,0,-1,0,4,1,0,0,0,0,-1,4,2
B01648,35,37484.0,223292.0,136942.0,7.3,1,0,-1,-1,-1,3,3,4,0,0,-1,-1,-1
B01649,62,96505.0,156170.0,68152.0,0.8,4,-1,0,-1,0,-1,-1,-1,0,0,-1,-1,-1
B01650,49,49651.0,115636.0,40190.0,1.6,4,-1,4,-1,-1,-1,0,4,-1,3,-1,-1,-1
B01651,61,33873.0,162247.0,78567.0,5.9,2,0,1,-1,1,-1,0,0,0,-1,2,2,2
B01652,28,60183.0,200022.0,61218.0,3.0,2,-1,-1,-1,2,3,3,0,0,0,2,3,3
B01653,57,51907.0,289281.0,79871.0,1.2,1,0,-1,-1,2,-1,2,3,0,-1,0,-1,0
B01654,28,32794.0,108022.0,53264.0,10.2,1,4,3,4,2,3,3,3,2,4,-1,4,3
B01655,47,25040.0,149579.0,3641.0,4.2,3,0,2,0,-1,0,-1,0,0,1,-1,0,0
B01656,22,64726.0,280005.0,84244.0,1.7,2,-1,0,-1,2,0,0,-1,-1,3,-1,-1,-1
B01657,52,14912.0,74336.0,30530.0,1.1,3,4,4,1,2,4,3,2,0,2,0,1,3
B01658,59,38611.0,122209.0,11047.0,9.5,2,-1,-1,-1,0,-1,0,0,0,0,0,-1,0
B01659,68,64341.0,228181.0,109331.0,6.4,3,1,4,1,0,1,4,1,4,2,4,1,1
B01660,43,55005.0,302890.0,231878.0,10.4,3,-1,-1,-1,0,0,-1,0,-1,0,0,-1,-1
B01661,47,29699.0,149670.0,27739.0,0.9,2,0,-1,-1,-1,4,-1,4,0,-1,-1,0,0
B01662,24,40560.0,170785.0,38296.0,1.6,3,0,1,0,1,0,2,4,-1,4,4,3,2
B01663,48,35457.0,82272.0,39900.0,7.7,0,4,4,1,4,3,1,3,-1,2,4,4,2
B01664,67,31948.0,86371.0,16987.0,12.4,0,-1,0,4,-1,2,2,0,0,0,4,1,-1
B01665,22,40739.0,204868.0,56127.0,7.4,4,-1,1,4,2,-1,-1,2,1,0,2,4,2
B01666,24,64419.0,209021.0,61753.0,2.8,2,4,1,0,2,0,2,1,1,4,0,2,-1
B01667,31,28953.0,168568.0,102340.0,4.4,2,1,4,-1,-1,4,-1,4,1,0,0,0,2
B01668,43,31690.0,147781.0,44479.0,2.5,0,0,0,0,-1,-1,-1,0,0,0,0,0,-1
B01669,43,63887.0,102164.0,57085.0,2.0,4,-1,0,-1,-1,0,-1,0,0,0,0,0,0
B01670,54,36470.0,149249.0,105341.0,3.8,2,2,3,2,1,1,1,-1,0,2,2,3,1
B01671,32,70903.0,110741.0,45744.0,2.1,7,0,4,4,3,4,3,2,3,4,4,3,3
B01672,59,114788.0,373870.0,54893.0,5.2,2,0,0,0,0,0,0,0,-1,0,-1,-1,1
B01673,56,31648.0,158827.0,46807.0,0.7,0,0,-1,-1,0,-1,-1,0,-1,-1,0,0,-1
B01674,47,35994.0,57197.0,6083.0,13.2,1,2,-1,-1,-1,0,0,0,-1,2,0,-1,0
B01675,49,63703.0,278940.0,114646.0,1.6,2,-1,0,-1,-1,0,4,0,-1,0,-1,0,3
B01676,61,66875.0,199254.0,116055.0,5.9,2,2,4,0,-1,-1,-1,-1,-1,-1,-1,2,0
B01677,64,50737.0,249113.0,115669.0,2.5,0,0,3,3,1,1,-1,-1,0,-1,1,2,1
B01678,32,61286.0,187226.0,72600.0,14.0,1,-1,-1,-1,-1,-1,4,1,0,-1,0,-1,0
B01679,35,34147.0,197406.0,70997.0,0.2,0,3,1,2,2,2,0,0,-1,0,1,1,3
B01680,37,36119.0,204547.0,173679.0,5.9,0,3,2,4,1,1,-1,1,1,3,4,4,1
B01681,42,55961.0,270381.0,193784.0,5.9,4,4,1,1,3,4,2,4,1,3,1,3,2
B01682,48,38806.0,195945.0,150573.0,6.2,2,-1,-1,3,-1,0,0,0,-1,2,0,0,-1
B01683,41,55666.0,147134.0,40018.0,8.6,1,0,0,4,0,-1,0,0,-1,0,0,0,-1
B01684,66,45031.0,253454.0,220762.0,14.0,2,0,0,0,-1,-1,3,2,1,0,-1,1,-1
B01685,50,37983.0,132586.0,47169.0,3.4,2,0,-1,0,0,0,0,-1,-1,0,0,-1,0
B01686,38,64354.0,99401.0,54572.0,8.2,1,-1,2,4,3,0,0,-1,-1,0,3,1,3
B01687,33,76807.0,234447.0,45572.0,9.2,2,0,0,0,0,3,-1,0,-1,0,-1,0,0
B01688,41,47323.0,106992.0,39262.0,12.5,0,-1,0,2,3,3,0,-1,-1,-1,0,3,4
B01689,35,28701.0,82615.0,32343.0,3.9,1,-1,0,-1,0,-1,-1,0,0,-1,0,-1,0
B01690,41,31450.0,187759.0,76855.0,9.2,1,4,-1,-1,4,-1,-1,1,0,-1,-1,0,1
B01691,51,64167.0,241295.0,88067.0,5.6,2,-1,4,4,4,4,2,4,0,4,-1,4,2
B01692,27,24797.0,67727.0,25435.0,5.8,0,-1,3,1,4,2,4,-1,1,3,0,-1,-1
B01693,46,34467.0,90635.0,47750.0,9.3,2,1,-1,0,-1,3,4,1,-1,3,1,2,4
B01694,46,30120.0,51497.0,15691.0,4.5,2,-1,0,0,-1,-1,1,0,-1,0,-1,1,0
B01695,62,20771.0,102586.0,35656.0,2.8,2,-1,-1,3,0,0,0,0,-1,0,-1,-1,0
B01696,31,71524.0,189015.0,105422.0,6.3,5,0,0,3,-1,0,0,0,0,-1,0,0,0
B01697,33,48738.0,289606.0,151429.0,26.6,5,0,-1,0,0,-1,0,0,0,-1,-1,0,0
B01698,62,15483.0,80608.0,48462.0,6.7,0,0,0,-1,0,4,-1,0,-1,-1,-1,0,-1
B01699,36,74421.0,261554.0,122333.0,1.0,3,-1,0,-1,1,-1,-1,-1,0,0,0,-1,-1
B01700,58,15744.0,26226.0,6679.0,1.5,3,2,3,-1,0,2,2,4,4,0,2,3,-1
B01701,65,93253.0,417218.0,134363.0,17.1,2,0,0,0,0,1,-1,0,-1,0,0,-1,4
B01702,58,72750.0,236855.0,35878.0,5.0,0,1,0,-1,0,0,0,0,-1,0,0,0,-1
B01703,63,54640.0,299770.0,241026.0,5.8,1,4,-1,0,0,2,-1,-1,-1,-1,-1,-1,-1
B01704,56,40209.0,85935.0,13277.0,0.7,1,0,4,-1,3,4,-1,0,1,3,2,0,-1
B01705,69,28424.0,168510.0,34579.0,5.4,0,0,0,-1,0,-1,0,0,2,3,-1,0,0
B01706,66,30278.0,103742.0,10652.0,6.7,2,-1,0,-1,-1,0,-1,0,0,-1,0,-1,-1
B01707,25,66589.0,122598.0,41761.0,6.5,3,2,-1,1,0,3,3,1,0,0,0,0,4
B01708,38,22102.0,57596.0,8088.0,1.6,1,2,-1,0,0,0,0,-1,-1,-1,-1,0,-1
B01709,63,59847.0,350683.0,4962.0,11.1,1,0,3,1,4,0,-1,3,-1,1,0,-1,-1
B01710,33,36893.0,200654.0,65250.0,4.2,0,2,3,1,3,4,1,-1,0,0,-1,0,3
B01711,63,40060.0,238653.0,32920.0,1.3,3,0,-1,0,3,0,-1,0,0,0,-1,0,3
B01712,53,31151.0,144466.0,60510.0,2.4,3,-1,0,-1,-1,0,-1,0,-1,0,2,-1,0
B01713,25,54561.0,195139.0,45710.0,4.2,2,0,-1,2,-1,0,-1,-1,-1,-1,3,3,2
B01714,35,13419.0,50351.0,10592.0,1.9,2,0,0,-1,0,-1,-1,0,-1,0,-1,4,-1
B01715,46,26971.0,137962.0,59482.0,4.9,0,0,0,-1,0,0,-1,0,0,0,-1,-1,-1
B01716,37,64272.0,218950.0,100818.0,5.7,3,0,-1,-1,0,-1,-1,-1,0,2,-1,1,-1
B01717,30,40268.0,229318.0,90521.0,23.9,2,-1,-1,0,1,0,-1,-1,1,-1,-1,-1,3
B01718,39,30774.0,139345.0,42389.0,6.9,5,3,1,0,0,-1,1,4,2,0,2,0,2
B01719,62,41429.0,76176.0,41243.0,4.0,1,1,3,3,2,4,2,4,1,4,3,0,-1
B01720,42,64518.0,253912.0,63374.0,7.0,2,0,-1,-1,-1,3,-1,2,1,4,0,0,2
B01721,64,99721.0,155430.0,16295.0,1.6,2,-1,4,2,0,-1,-1,0,4,-1,0,0,0
B01722,67,53283.0,101308.0,11034.0,3.5,2,0,-1,0,-1,-1,0,-1,-1,-1,-1,0,-1
B01723,36,41428.0,105320.0,64152.0,4.6,2,-1,0,2,0,-1,-1,1,0,0,-1,2,-1
B01724,50,59821.0,218203.0,52146.0,5.7,3,-1,0,-1,-1,-1,0,-1,0,0,0,-1,0
B01725,33,100139.0,247444.0,180040.0,6.1,2,-1,-1,0,-1,2,0,0,-1,0,-1,-1,-1
B01726,30,62688.0,294766.0,85893.0,9.7,1,-1,3,0,0,0,-1,-1,0,0,-1,-1,-1
B01727,62,49826.0,141436.0,80161.0,5.6,2,0,0,-1,-1,0,0,-1,-1,0,0,-1,-1
B01728,39,25049.0,48580.0,5402.0,3.7,1,0,0,-1,0,0,4,3,4,3,1,-1,-1
B01729,25,41080.0,142914.0,46690.0,5.5,2,0,3,3,0,0,1,1,2,-1,4,0,-1
B01730,37,52689.0,151243.0,33404.0,2.6,0,3,1,4,1,2,1,1,1,-1,2,3,1
B01731,68,22420.0,122759.0,76927.0,3.0,1,0,0,-1,-1,0,-1,-1,-1,0,0,-1,0
B01732,46,49297.0,220694.0,143674.0,6.3,4,-1,2,1,1,3,2,3,4,3,2,0,1
B01733,36,46100.0,150149.0,21955.0,2.3,0,-1,-1,-1,4,3,2,-1,3,-1,0,0,-1
B01734,52,34354.0,167682.0,60501.0,8.5,1,3,1,-1,4,-1,0,-1,0,1,2,2,-1
B01735,36,42158.0,111969.0,32290.0,2.4,3,3,0,-1,0,0,0,-1,0,0,-1,-1,-1
B01736,27,22385.0,41182.0,9137.0,2.1,3,-1,0,-1,0,0,-1,-1,0,-1,-1,0,0
B01737,31,97676.0,566658.0,322829.0,9.3,3,-1,-1,-1,-1,0,-1,0,4,2,0,4,-1
B01738,47,16427.0,59028.0,32495.0,12.2,2,-1,-1,-1,0,0,-1,0,-1,-1,0,0,-1
B01739,35,48954.0,100320.0,27163.0,5.6,1,-1,0,-1,0,0,-1,-1,-1,-1,0,-1,0
B01740,40,66819.0,200568.0,136658.0,6.4,5,-1,0,-1,0,0,-1,0,-1,0,-1,-1,0
B01741,25,63777.0,132502.0,36290.0,0.7,2,0,4,0,0,0,-1,-1,-1,-1,-1,-1,-1
B01742,42,74408.0,358965.0,140124.0,1.3,3,0,3,4,2,1,3,4,0,4,1,4,1
B01743,48,40346.0,172659.0,107864.0,3.3,1,-1,0,4,2,-1,4,0,1,4,-1,-1,1
B01744,37,71200.0,130342.0,30318.0,8.0,3,0,0,0,-1,-1,-1,-1,0,3,-1,3,1
B01745,67,110580.0,554536.0,276804.0,6.6,5,-1,0,3,1,1,4,1,-1,-1,0,2,0
B01746,66,37609.0,215759.0,109182.0,1.4,5,-1,0,0,0,-1,0,0,-1,0,0,0,0
B01747,60,62080.0,141268.0,59321.0,2.8,2,-1,-1,-1,-1,0,-1,0,0,0,0,0,-1
B01748,44,27823.0,111504.0,54880.0,5.6,3,4,-1,-1,0,0,0,-1,-1,-1,0,0,-1
B01749,36,54753.0,295358.0,86253.0,2.4,3,1,0,0,4,0,-1,-1,3,4,0,-1,0
B01750,61,62816.0,108364.0,73897.0,2.9,1,0,0,0,0,-1,0,-1,0,-1,0,0,0
B01751,62,32945.0,63913.0,23221.0,9.7,0,4,-1,-1,0,0,0,-1,-1,1,2,0,-1
B01752,55,17246.0,62028.0,13220.0,5.0,0,1,-1,0,-1,4,0,0,0,1,-1,2,-1
B01753,67,45665.0,82353.0,25970.0,8.6,1,4,2,1,-1,-1,4,2,3,-1,0,4,4
B01754,59,43347.0,210915.0,12362.0,19.0,2,-1,0,0,4,3,2,-1,2,0,0,3,0
B01755,54,46905.0,124190.0,48768.0,1.1,1,-1,3,4,4,3,-1,-1,-1,3,-1,3,4
B01756,33,27142.0,155645.0,37731.0,14.0,3,1,3,3,4,2,0,3,1,-1,-1,-1,4
B01757,46,83619.0,473149.0,3923.0,4.3,4,-1,-1,-1,0,0,1,0,0,-1,-1,-1,4
B01758,66,20786.0,123579.0,38436.0,4.3,1,-1,2,-1,1,0,-1,0,0,-1,-1,-1,-1
B01759,28,50740.0,239407.0,93391.0,10.1,2,0,-1,-1,-1,0,-1,-1,-1,0,-1,-1,0
B01760,34,68393.0,159479.0,123920.0,6.9,0,0,0,2,0,-1,1,4,-1,0,-1,3,2
B01761,27,59668.0,238725.0,129246.0,4.5,1,1,4,0,2,3,4,3,-1,-1,-1,0,0
B01762,57,25853.0,112244.0,36085.0,15.5,4,1,-1,4,-1,-1,0,2,3,1,3,0,2
B01763,27,23766.0,117889.0,81709.0,4.9,1,2,1,4,2,1,1,2,2,1,1,2,1
B01764,67,101527.0,250792.0,92463.0,1.8,1,-1,0,-1,-1,0,-1,-1,4,1,2,-1,0
B01765,50,25751.0,44010.0,26113.0,1.9,1,-1,0,0,4,3,4,0,-1,1,0,3,2
B01766,61,35789.0,139991.0,29360.0,3.1,3,-1,1,0,-1,0,-1,1,0,0,-1,3,-1
B01767,62,72498.0,201939.0,108789.0,1.8,1,-1,-1,-1,-1,0,0,-1,-1,0,0,-1,0
B01768,55,65544.0,384995.0,140386.0,2.7,2,-1,0,0,-1,0,-1,0,-1,-1,-1,-1,-1
B01769,67,29002.0,87911.0,10275.0,1.2,2,-1,-1,0,0,-1,-1,0,0,-1,-1,-1,-1
B01770,46,51284.0,87594.0,29699.0,2.7,0,0,-1,-1,-1,-1,-1,0,0,0,-1,-1,-1
B01771,60,27917.0,93417.0,60159.0,20.5,2,-1,-1,0,-1,-1,-1,-1,0,0,-1,-1,0
B01772,54,29485.0,92612.0,40599.0,4.1,2,0,3,3,1,2,1,-1,0,-1,0,-1,-1
B01773,54,65601.0,316639.0,139765.0,5.3,2,-1,0,4,0,3,4,0,0,-1,-1,0,-1
B01774,64,33353.0,152940.0,102769.0,7.1,1,0,0,3,-1,0,-1,0,-1,-1,0,-1,0
B01775,64,82300.0,435649.0,345407.0,8.3,2,-1,-1,0,-1,0,-1,0,0,-1,-1,-1,-1
B01776,22,51751.0,97354.0,27532.0,2.9,3,-1,0,-1,-1,0,-1,-1,0,-1,-1,-1,0
B01777,34,37568.0,215355.0,17796.0,6.2,4,-1,-1,0,-1,-1,3,4,0,3,0,-1,2
B01778,24,47235.0,137970.0,49078.0,3.1,5,4,1,1,0,0,3,0,-1,3,0,-1,4
B01779,69,26020.0,45311.0,26876.0,6.2,3,0,-1,-1,-1,0,-1,0,-1,0,-1,0,0
B01780,28,38979.0,146788.0,51863.0,5.0,3,0,-1,-1,0,0,0,-1,0,-1,0,3,-1
B01781,28,46334.0,78422.0,11747.0,2.2,1,-1,0,-1,-1,-1,-1,0,-1,-1,0,-1,0
B01782,51,33934.0,202248.0,85786.0,13.5,1,2,3,0,1,1,2,1,1,-1,0,3,1
B01783,35,165357.0,653387.0,144622.0,2.3,2,-1,0,-1,0,-1,2,2,3,0,0,0,-1
B01784,25,34068.0,160648.0,52267.0,6.9,1,3,0,-1,0,-1,0,0,0,-1,2,3,0
B01785,44,46799.0,275683.0,102870.0,2.2,0,-1,2,2,0,-1,2,2,4,2,2,2,-1
B01786,65,60772.0,187471.0,62394.0,7.5,1,-1,-1,-1,-1,0,0,0,-1,-1,0,-1,0
B01787,65,44962.0,96849.0,28915.0,3.4,0,-1,-1,0,-1,0,0,0,4,0,-1,-1,-1
B01788,62,31228.0,78680.0,17204.0,1.1,2,0,3,-1,0,0,0,-1,1,0,-1,0,2
B01789,56,24652.0,102574.0,2804.0,2.6,1,-1,-1,-1,0,-1,-1,-1,-1,0,1,4,-1
B01790,50,96691.0,400803.0,294595.0,0.2,1,0,3,0,2,0,-1,4,1,0,-1,0,0
B01791,33,62779.0,337789.0,88850.0,4.2,3,-1,3,-1,0,-1,0,0,-1,-1,0,-1,0
B01792,30,60059.0,134252.0,90992.0,2.8,1,1,2,4,4,0,-1,0,-1,2,-1,1,2
B01793,28,62842.0,215429.0,63302.0,14.7,0,2,-1,4,4,0,0,0,3,3,3,0,0
B01794,36,26296.0,64914.0,20806.0,9.2,2,3,4,1,1,2,1,1,2,2,2,4,2
B01795,44,18540.0,80328.0,37993.0,5.3,0,3,1,0,2,-1,2,-1,0,-1,-1,2,-1
B01796,66,49032.0,135042.0,86888.0,7.9,1,-1,0,0,-1,-1,-1,2,4,-1,-1,-1,-1
B01797,64,37416.0,194005.0,146826.0,5.4,3,-1,-1,0,0,-1,0,0,0,-1,0,-1,3
B01798,65,138442.0,830327.0,353094.0,5.9,3,-1,-1,-1,0,-1,0,4,-1,-1,-1,-1,-1
B01799,53,19701.0,79966.0,51486.0,3.4,4,0,-1,-1,-1,0,0,0,3,3,0,-1,-1
B01800,42,38159.0,109907.0,22414.0,5.7,2,3,4,3,2,-1,-1,-1,-1,0,1,2,3
B01801,24,40471.0,188005.0,108418.0,2.6,2,0,1,-1,3,1,1,-1,1,2,1,4,-1
B01802,26,37970.0,70547.0,10142.0,0.8,0,2,1,1,-1,-1,0,-1,-1,0,0,-1,2
B01803,63,155184.0,576182.0,209086.0,2.1,3,1,0,4,2,0,3,0,0,1,0,-1,0
B01804,32,53154.0,235788.0,89156.0,2.8,1,-1,-1,-1,0,-1,0,0,0,0,0,0,-1
B01805,35,42477.0,143709.0,43730.0,8.0,2,0,-1,0,-1,-1,2,-1,-1,0,-1,-1,0
B01806,43,35576.0,102399.0,73686.0,10.6,3,4,2,0,-1,0,0,-1,0,-1,3,-1,0
B01807,60,49843.0,151889.0,63776.0,3.3,2,-1,0,0,-1,0,-1,0,-1,0,-1,0,0
B01808,61,62650.0,226461.0,28285.0,15.4,2,-1,-1,-1,0,4,4,0,0,-1,1,-1,-1
B01809,40,30301.0,119060.0,61122.0,2.0,4,2,2,4,2,3,4,1,3,2,3,1,1
B01810,43,81227.0,338956.0,145946.0,16.1,0,0,0,0,0,0,-1,2,0,-1,0,0,4
B01811,50,44922.0,205535.0,123248.0,0.7,0,0,-1,0,2,1,-1,1,0,4,1,-1,0
B01812,59,18006.0,44114.0,27971.0,2.4,1,2,2,3,3,1,0,2,-1,2,2,1,3
B01813,63,36042.0,155924.0,28457.0,1.0,1,0,-1,0,-1,0,0,-1,0,-1,-1,0,-1
B01814,47,51499.0,197169.0,130191.0,0.8,2,3,1,4,1,4,3,2,1,1,2,1,4
B01815,57,40601.0,102732.0,48208.0,9.7,3,4,3,-1,0,-1,0,3,-1,-1,0,0,2
B01816,32,74107.0,415450.0,72925.0,2.8,3,1,3,4,1,0,2,3,2,4,-1,4,1
B01817,33,62164.0,124694.0,42894.0,11.7,3,-1,-1,-1,0,0,-1,-1,0,0,0,-1,0
B01818,37,19618.0,110998.0,44777.0,7.5,4,4,2,1,1,3,1,1,2,-1,2,4,3
B01819,64,49501.0,147378.0,33916.0,4.0,1,4,4,1,2,4,4,1,1,3,2,1,1
B01820,65,25809.0,143293.0,62561.0,10.1,1,3,2,1,0,3,-1,0,-1,2,3,4,-1
B01821,44,35651.0,69486.0,23281.0,11.5,4,1,1,2,4,4,4,4,-1,1,2,3,0
B01822,51,74211.0,321599.0,179986.0,4.5,1,3,0,-1,0,0,-1,-1,0,0,0,0,2
B01823,35,36896.0,157468.0,55626.0,7.4,3,1,0,2,4,0,0,4,4,3,1,0,3
B01824,34,27079.0,52491.0,39773.0,16.3,2,0,0,-1,1,0,0,-1,0,0,-1,0,0
B01825,58,56043.0,131182.0,51989.0,4.6,2,-1,0,0,0,0,-1,0,-1,-1,0,0,0
B01826,46,27443.0,57127.0,15538.0,6.0,3,3,4,3,2,1,4,-1,2,-1,0,2,4
B01827,39,24471.0,56935.0,28343.0,4.2,0,2,2,2,2,4,1,4,3,4,4,2,0
B01828,69,18334.0,76032.0,45891.0,5.2,0,-1,4,0,-1,-1,-1,-1,1,0,0,-1,-1
B01829,58,58297.0,246591.0,66730.0,4.3,2,-1,-1,0,-1,4,0,0,0,0,0,-1,0
B01830,54,71074.0,361602.0,232190.0,8.6,1,0,3,1,4,3,2,3,3,3,3,4,4
B01831,24,39523.0,107238.0,8376.0,6.0,6,-1,4,2,4,4,3,4,4,2,-1,1,-1
B01832,30,51405.0,280807.0,155009.0,10.4,3,2,3,2,3,4,-1,-1,3,2,2,2,0
B01833,36,37512.0,139979.0,59577.0,13.8,1,-1,0,0,-1,-1,-1,2,-1,-1,2,-1,0
B01834,64,75730.0,269990.0,92627.0,4.6,4,-1,0,0,0,0,0,-1,-1,-1,-1,0,-1
B01835,34,19012.0,76308.0,41796.0,3.3,5,1,4,3,1,2,3,2,3,1,3,3,2
B01836,54,34598.0,57454.0,2193.0,8.3,6,0,2,-1,0,-1,0,-1,0,-1,0,-1,0
B01837,33,45039.0,71237.0,13627.0,3.5,2,0,-1,2,1,0,0,3,0,0,0,0,0
B01838,45,23987.0,117157.0,32305.0,8.6,4,-1,-1,3,3,1,4,3,0,-1,-1,0,-1
B01839,47,16027.0,86451.0,34406.0,8.7,2,1,0,0,1,2,1,-1,-1,0,-1,-1,3
B01840,21,42746.0,67574.0,31458.0,5.1,3,-1,-1,-1,-1,-1,0,0,-1,0,-1,-1,-1
B01841,56,26768.0,140801.0,73380.0,13.7,4,0,2,2,-1,2,-1,-1,-1,4,-1,3,-1
B01842,21,49295.0,127926.0,66155.0,9.5,1,0,-1,-1,0,-1,2,-1,0,0,0,3,-1
B01843,38,40203.0,69760.0,4497.0,3.1,2,0,0,2,1,-1,-1,3,3,3,0,0,-1
B01844,68,49789.0,173969.0,84222.0,4.3,1,3,0,3,3,1,-1,1,1,2,0,0,-1
B01845,54,76730.0,368248.0,139742.0,1.1,3,-1,0,0,-1,0,-1,0,-1,0,0,-1,0
B01846,37,22615.0,40694.0,27944.0,1.2,2,0,4,4,-1,0,-1,-1,-1,-1,-1,-1,-1
B01847,41,17238.0,101238.0,13266.0,1.8,2,2,2,3,2,0,-1,-1,3,-1,2,0,0
B01848,65,40816.0,77191.0,11671.0,1.3,3,0,-1,0,-1,0,-1,-1,0,-1,-1,-1,0
B01849,67,76075.0,151159.0,78030.0,2.6,2,0,3,4,4,2,0,2,1,3,2,3,4
B01850,22,31064.0,74634.0,19549.0,3.8,5,0,0,0,4,4,2,-1,2,3,4,1,0
B01851,42,57104.0,192781.0,79060.0,2.6,3,-1,0,3,3,0,2,3,4,0,0,0,0
B01852,55,17153.0,62079.0,4144.0,8.2,5,0,0,0,0,0,-1,0,0,-1,0,0,-1
B01853,66,115828.0,229307.0,79072.0,18.6,0,-1,1,-1,-1,1,-1,-1,-1,-1,0,-1,-1
B01854,22,70708.0,106779.0,23984.0,1.9,4,0,2,2,-1,4,0,0,-1,4,4,3,3
B01855,65,21777.0,127619.0,32414.0,3.3,4,-1,-1,-1,-1,-1,0,0,0,-1,-1,0,0
B01856,37,64117.0,158200.0,25780.0,12.0,5,-1,0,0,0,-1,0,0,3,-1,-1,4,-1
B01857,65,50765.0,117265.0,48495.0,5.7,3,-1,4,0,3,2,-1,0,-1,0,0,-1,-1
B01858,50,36118.0,83377.0,8132.0,8.5,2,-1,0,-1,0,0,1,2,0,1,1,1,0
B01859,39,36533.0,80900.0,43164.0,1.5,4,-1,1,4,2,3,1,3,4,1,3,1,3
B01860,25,37198.0,177391.0,74491.0,3.7,3,4,-1,0,-1,-1,0,2,2,1,-1,-1,4
B01861,51,50028.0,114342.0,49292.0,5.6,2,-1,0,-1,-1,-1,0,-1,-1,-1,0,-1,0
B01862,25,54073.0,124018.0,68708.0,2.9,3,4,3,-1,0,0,0,-1,-1,0,-1,-1,0
B01863,21,26045.0,106135.0,86940.0,13.8,0,2,2,4,4,1,1,1,0,4,4,1,1
B01864,66,32724.0,97926.0,55369.0,23.2,4,0,-1,3,1,4,-1,0,0,-1,3,2,3
B01865,31,48636.0,167465.0,85751.0,10.5,3,0,-1,0,0,0,-1,3,0,-1,-1,-1,-1
B01866,52,32189.0,82911.0,17496.0,6.7,3,0,0,0,0,0,-1,-1,3,1,4,-1,2
B01867,40,26081.0,134187.0,46186.0,5.3,0,0,-1,0,3,0,-1,-1,-1,0,1,-1,0
B01868,62,81573.0,156697.0,47879.0,5.7,4,4,-1,0,-1,-1,3,2,0,-1,-1,1,-1
B01869,63,59901.0,343708.0,173878.0,10.1,0,-1,0,0,-1,0,-1,-1,-1,0,-1,-1,-1
B01870,67,33169.0,102616.0,42414.0,4.1,1,0,-1,2,2,0,2,-1,3,4,0,0,3
B01871,56,25748.0,99275.0,46826.0,5.4,3,0,-1,2,1,4,3,1,0,2,2,1,3
B01872,67,36295.0,158541.0,27856.0,1.0,4,-1,0,0,-1,0,-1,0,0,0,0,0,1
B01873,53,41562.0,114956.0,42752.0,1.5,3,1,3,1,1,3,3,1,1,3,1,1,3
B01874,49,46918.0,91933.0,40499.0,8.1,2,-1,0,-1,0,3,4,-1,2,-1,-1,-1,2
B01875,23,35914.0,80210.0,67689.0,1.9,2,-1,4,2,-1,-1,-1,-1,0,0,-1,0,-1
B01876,46,30503.0,152479.0,111417.0,6.7,4,1,3,2,1,1,0,3,1,2,1,2,3
B01877,65,14448.0,71806.0,14022.0,2.2,2,0,-1,-1,2,0,-1,-1,0,0,-1,0,0
B01878,62,47033.0,222541.0,82873.0,16.6,2,0,-1,0,-1,-1,-1,-1,-1,0,1,0,0
B01879,43,17907.0,102096.0,12415.0,8.2,2,2,4,2,1,1,2,2,1,4,2,2,1
B01880,22,51363.0,235609.0,66895.0,7.2,2,-1,0,0,0,0,0,-1,0,0,-1,1,-1
B01881,36,74665.0,162341.0,53576.0,3.7,4,-1,-1,-1,-1,-1,-1,-1,0,4,1,0,-1
B01882,60,68379.0,260425.0,49267.0,1.7,1,4,2,-1,0,0,1,0,-1,0,0,0,0
B01883,69,44321.0,265450.0,74946.0,2.0,1,2,4,2,1,0,2,3,2,2,4,2,1
B01884,24,40044.0,79030.0,35411.0,4.0,1,0,-1,-1,0,-1,-1,0,-1,0,-1,-1,-1
B01885,61,23125.0,116798.0,35821.0,7.9,1,0,2,-1,0,-1,-1,-1,0,0,-1,-1,-1
B01886,41,83363.0,187730.0,37673.0,2.9,1,-1,-1,-1,0,0,2,0,-1,0,-1,-1,0
B01887,47,41407.0,75965.0,16163.0,12.7,1,3,2,3,4,4,1,2,2,4,3,1,2
B01888,26,26070.0,63554.0,47286.0,9.1,1,1,3,1,0,0,-1,2,3,3,3,4,2
B01889,22,25990.0,131356.0,60552.0,8.4,2,-1,0,-1,0,1,-1,0,2,3,4,4,-1
B01890,59,42481.0,71448.0,27990.0,3.4,2,0,-1,1,0,0,4,1,-1,2,0,-1,0
B01891,24,14549.0,32490.0,17083.0,2.9,0,0,3,4,2,3,4,2,0,-1,2,4,3
B01892,63,54473.0,202400.0,63560.0,3.8,5,1,-1,0,1,0,2,1,4,1,0,0,0
B01893,21,31437.0,139307.0,43838.0,18.6,4,0,0,0,-1,0,0,0,4,1,0,0,-1
B01894,69,61868.0,120876.0,73586.0,4.4,4,0,0,-1,0,0,-1,0,-1,0,0,0,-1
B01895,30,16544.0,65559.0,25904.0,7.1,0,2,-1,0,1,1,0,0,-1,0,1,4,-1
B01896,44,21524.0,87815.0,27606.0,17.3,1,4,2,2,1,-1,-1,-1,-1,0,0,-1,0
B01897,23,34091.0,181427.0,19785.0,7.6,1,-1,0,0,1,-1,-1,0,-1,0,0,-1,0
B01898,21,25088.0,143199.0,29914.0,9.9,2,-1,-1,0,0,0,0,-1,0,0,0,4,-1
B01899,27,34308.0,85157.0,64629.0,13.5,2,0,4,0,0,0,-1,1,-1,0,-1,4,-1
B01900,42,85268.0,453034.0,202503.0,7.3,2,-1,0,-1,-1,-1,-1,0,0,0,0,0,0
B01901,53,40898.0,213055.0,16453.0,2.1,0,1,3,2,2,2,3,1,2,4,2,4,4
B01902,66,61941.0,162476.0,64205.0,11.0,1,-1,0,-1,-1,-1,-1,-1,-1,4,-1,0,0
B01903,28,54666.0,97747.0,14392.0,6.3,3,4,4,1,4,3,1,4,1,3,2,2,3
B01904,52,84168.0,296964.0,232988.0,7.7,2,0,4,4,2,-1,0,4,2,-1,4,0,4
B01905,59,19507.0,73223.0,16335.0,2.7,2,-1,2,1,3,1,-1,-1,-1,-1,2,1,3
B01906,46,46603.0,175414.0,45542.0,4.5,1,-1,-1,-1,-1,4,-1,-1,0,0,0,-1,0
B01907,31,64491.0,179688.0,13293.0,1.5,1,0,-1,-1,-1,0,-1,-1,-1,0,0,0,0
B01908,45,37088.0,137344.0,34865.0,1.5,2,-1,3,-1,-1,0,-1,2,3,2,3,4,-1
B01909,43,15198.0,45572.0,14274.0,12.0,3,-1,0,0,-1,-1,-1,-1,2,3,-1,0,-1
B01910,55,83874.0,433298.0,143863.0,4.3,1,2,1,0,-1,-1,-1,-1,1,2,0,-1,4
B01911,32,23779.0,118801.0,99834.0,2.8,1,2,0,3,4,1,1,1,3,2,3,4,-1
B01912,24,35131.0,58707.0,11855.0,13.0,2,0,1,4,3,3,3,1,3,4,2,4,3
B01913,26,96868.0,160779.0,97170.0,1.9,1,-1,0,2,3,-1,1,-1,0,-1,-1,0,-1
B01914,32,46603.0,196243.0,39091.0,20.6,2,-1,-1,-1,0,0,2,0,0,-1,-1,0,4
B01915,55,35306.0,119497.0,49912.0,9.7,1,0,-1,0,-1,0,-1,0,-1,-1,-1,-1,-1
B01916,39,54093.0,247144.0,15807.0,5.7,1,-1,-1,0,0,4,-1,3,4,2,1,0,-1
B01917,32,35397.0,188927.0,24137.0,3.1,1,3,3,0,0,0,-1,-1,0,4,0,0,0
B01918,22,49556.0,137576.0,70216.0,13.3,0,-1,-1,0,-1,-1,-1,-1,0,-1,-1,-1,-1
B01919,25,47395.0,94775.0,19319.0,3.9,1,-1,0,-1,0,-1,-1,-1,1,-1,-1,-1,0
B01920,35,74610.0,389630.0,267693.0,7.7,2,2,2,-1,1,-1,0,0,-1,0,0,-1,-1
B01921,44,92808.0,514104.0,149285.0,18.3,2,-1,-1,1,0,-1,-1,0,-1,-1,0,-1,0
B01922,34,52928.0,267350.0,86364.0,4.5,3,0,2,1,2,3,2,4,1,1,0,1,-1
B01923,51,66718.0,280259.0,57982.0,3.7,1,3,-1,2,4,3,0,4,0,0,3,3,-1
B01924,69,221536.0,416296.0,230704.0,2.6,1,-1,3,4,3,0,-1,-1,-1,-1,-1,3,2
B01925,52,49880.0,280648.0,155846.0,13.0,2,0,1,0,-1,-1,4,0,3,0,0,4,0
B01926,59,11814.0,47345.0,5730.0,8.5,2,-1,0,-1,0,-1,0,0,-1,0,-1,-1,-1
B01927,60,38762.0,219440.0,112682.0,5.7,2,0,0,-1,-1,-1,0,-1,0,-1,0,-1,0
B01928,28,65717.0,222279.0,132965.0,2.1,3,-1,-1,-1,0,0,0,-1,0,-1,-1,-1,-1
B01929,21,48849.0,291109.0,94505.0,2.7,1,2,2,4,2,4,-1,0,-1,-1,-1,3,0
B01930,33,61376.0,328495.0,181308.0,7.7,3,-1,-1,0,0,-1,4,1,-1,-1,4,4,-1
B01931,60,53583.0,82646.0,33628.0,3.6,4,0,0,-1,-1,-1,0,-1,-1,-1,2,0,3
B01932,49,33587.0,76184.0,46341.0,2.9,0,-1,4,3,2,1,1,4,3,1,2,0,1
B01933,42,32277.0,58350.0,15748.0,10.8,1,-1,0,4,1,1,4,4,3,-1,-1,3,4
B01934,39,54914.0,266913.0,48965.0,11.3,0,-1,0,-1,1,0,0,-1,-1,0,-1,-1,0
B01935,31,45225.0,209822.0,70232.0,5.5,1,-1,0,0,0,0,-1,0,-1,-1,-1,0,-1
B01936,57,52815.0,254411.0,125261.0,2.7,7,3,-1,-1,-1,2,1,0,4,2,3,0,0
B01937,49,19611.0,32618.0,3213.0,5.0,2,0,0,0,-1,-1,-1,-1,0,-1,0,0,0
B01938,30,80629.0,271558.0,159634.0,0.5,3,4,4,-1,2,0,0,-1,-1,3,2,3,1
B01939,52,15679.0,80833.0,26936.0,1.6,3,2,2,1,2,2,3,4,4,1,4,1,0
B01940,29,73569.0,410376.0,21843.0,12.3,2,3,1,0,0,0,2,2,-1,-1,-1,-1,2
B01941,58,17421.0,37227.0,10354.0,3.1,2,4,-1,0,-1,0,4,0,-1,2,3,1,1
B01942,51,41181.0,62016.0,30891.0,20.6,5,0,-1,2,4,0,3,4,3,4,-1,4,3
B01943,55,82523.0,266248.0,44490.0,4.5,3,0,-1,-1,0,0,-1,-1,-1,0,0,-1,0
B01944,47,36695.0,173846.0,75766.0,3.5,2,4,3,0,0,1,-1,0,0,-1,0,1,0
B01945,50,45035.0,148730.0,59562.0,7.6,0,0,3,2,0,-1,1,-1,3,2,2,-1,-1
B01946,57,40294.0,240266.0,58477.0,13.1,2,0,0,2,0,0,-1,3,2,-1,0,-1,4
B01947,59,84571.0,227490.0,165873.0,14.8,1,-1,-1,0,0,-1,0,0,3,-1,-1,0,3
B01948,33,31751.0,84536.0,44036.0,7.2,4,0,1,1,3,1,1,3,3,3,2,0,1
B01949,43,37627.0,199062.0,107151.0,3.9,2,-1,-1,1,2,-1,0,-1,2,0,-1,-1,0
B01950,59,27308.0,121636.0,102008.0,1.7,1,-1,-1,0,0,0,-1,0,-1,0,0,0,-1
B01951,46,42862.0,237311.0,135270.0,3.9,1,0,-1,2,-1,-1,-1,-1,2,0,0,0,-1
B01952,32,57525.0,319057.0,134536.0,7.2,5,0,0,2,0,0,-1,-1,-1,-1,0,-1,-1
B01953,67,26189.0,119085.0,61952.0,5.1,1,0,0,-1,-1,-1,0,0,1,-1,0,-1,0
B01954,68,42803.0,107924.0,93714.0,11.2,3,0,0,1,4,0,-1,-1,4,0,0,1,2
B01955,24,107497.0,193268.0,71330.0,9.7,1,-1,-1,0,0,0,-1,-1,0,-1,-1,0,3
B01956,47,65031.0,294297.0,34745.0,4.5,1,0,-1,2,4,-1,-1,0,0,3,-1,-1,0
B01957,39,35146.0,179200.0,88588.0,6.2,4,2,1,-1,3,2,1,1,-1,3,3,1,-1
B01958,29,91430.0,152402.0,108049.0,3.2,3,-1,-1,0,0,0,-1,0,0,0,0,0,-1
B01959,43,85138.0,403888.0,266575.0,9.1,6,4,-1,3,2,4,2,2,1,-1,-1,1,3
B01960,38,199126.0,443577.0,259172.0,5.8,2,-1,0,-1,-1,0,0,-1,-1,-1,0,-1,-1
B01961,24,65935.0,123053.0,41506.0,2.7,1,2,0,3,-1,-1,-1,0,1,0,-1,-1,3
B01962,32,18425.0,104583.0,59289.0,4.7,1,-1,0,-1,0,0,1,3,0,-1,-1,0,0
B01963,62,105324.0,451239.0,65800.0,7.5,2,2,0,-1,-1,0,-1,2,-1,0,0,0,-1
B01964,43,37644.0,84761.0,22430.0,2.9,0,-1,0,0,-1,-1,0,-1,0,-1,-1,0,4
B01965,44,40747.0,160501.0,50258.0,6.9,2,0,0,0,-1,0,0,-1,0,-1,-1,0,0
B01966,39,69671.0,248622.0,90422.0,1.2,2,-1,0,-1,0,0,0,0,1,-1,0,0,0
B01967,21,58134.0,91100.0,41739.0,6.0,3,3,3,1,0,1,2,1,4,2,4,3,3
B01968,24,43941.0,227232.0,150273.0,12.3,1,-1,0,0,-1,0,-1,0,-1,0,0,-1,0
B01969,22,39681.0,170244.0,93649.0,4.8,3,3,0,1,-1,0,-1,0,-1,-1,-1,0,3
B01970,49,50684.0,204443.0,32973.0,5.4,3,0,-1,-1,0,-1,0,1,0,-1,-1,-1,0
B01971,59,31887.0,99137.0,19881.0,12.8,2,0,3,0,-1,-1,-1,4,3,3,3,3,3
B01972,45,15700.0,86461.0,32272.0,4.9,1,-1,-1,-1,-1,-1,0,0,1,0,0,-1,0
B01973,24,36275.0,161102.0,29323.0,3.8,1,-1,-1,-1,-1,-1,3,0,-1,0,-1,-1,-1
B01974,66,51776.0,116387.0,90805.0,18.1,1,-1,-1,-1,-1,-1,-1,0,-1,-1,0,-1,-1
B01975,33,32431.0,184841.0,71409.0,1.8,1,1,3,3,4,-1,2,1,4,3,2,2,4
B01976,42,23451.0,52551.0,19974.0,18.3,0,0,-1,2,1,-1,0,1,1,3,4,-1,4
B01977,50,27108.0,48038.0,35033.0,4.7,5,0,3,-1,1,-1,0,1,0,-1,4,0,0
B01978,66,42487.0,182603.0,139063.0,5.9,3,-1,0,4,3,3,3,1,-1,0,1,3,3
B01979,24,39186.0,196081.0,12959.0,2.3,1,-1,0,0,-1,0,-1,-1,-1,4,2,0,-1
B01980,64,23156.0,84907.0,33525.0,3.6,3,4,2,2,3,-1,0,1,4,2,2,2,0
B01981,27,41828.0,235318.0,99241.0,2.9,2,0,0,-1,0,0,0,4,2,3,2,0,-1
B01982,56,26086.0,105547.0,29367.0,2.1,1,0,0,-1,3,4,-1,0,0,-1,0,0,0
B01983,33,67368.0,294819.0,152272.0,3.8,0,1,-1,2,2,3,-1,2,1,4,3,3,3
B01984,58,72578.0,319700.0,82578.0,2.1,1,0,1,4,4,2,-1,0,3,1,0,0,3
B01985,49,56623.0,323941.0,150126.0,3.7,3,2,2,-1,-1,-1,2,0,3,4,0,2,0
B01986,62,42711.0,138518.0,74114.0,4.3,2,0,-1,4,0,2,3,0,4,1,2,2,1
B01987,23,36815.0,98606.0,70893.0,3.7,3,-1,-1,0,-1,-1,0,-1,-1,0,0,-1,0
B01988,68,35065.0,67981.0,6251.0,1.3,5,2,3,2,4,-1,0,-1,1,2,0,-1,-1
B01989,42,39906.0,221471.0,131856.0,7.9,2,0,4,2,1,0,1,0,3,3,1,3,2
B01990,50,62705.0,317930.0,87167.0,5.0,1,0,3,4,1,-1,2,-1,0,4,2,1,4
B01991,24,42379.0,223912.0,47898.0,23.5,5,0,-1,0,-1,-1,0,-1,-1,-1,-1,0,0
B01992,30,44303.0,214099.0,152902.0,3.4,1,0,-1,-1,0,0,-1,1,4,1,2,2,0
B01993,31,33911.0,112960.0,11867.0,5.8,1,0,2,-1,0,0,0,0,0,-1,4,0,0
B01994,68,15394.0,43406.0,30393.0,5.1,0,0,-1,0,-1,-1,0,0,0,1,-1,-1,-1
B01995,61,20342.0,92310.0,28324.0,3.6,2,4,1,2,4,1,3,3,1,2,4,1,3
B01996,56,34113.0,130662.0,87430.0,1.7,1,-1,4,-1,0,-1,-1,-1,0,0,-1,-1,-1
B01997,32,38381.0,196400.0,28483.0,9.3,1,-1,-1,0,-1,-1,0,0,2,-1,-1,3,1
B01998,62,26435.0,152306.0,21749.0,7.4,0,-1,0,-1,-1,0,-1,0,0,0,-1,-1,-1
B01999,46,26645.0,144259.0,106467.0,5.8,3,0,2,1,-1,0,0,2,2,-1,-1,-1,0
B02000,30,18424.0,45581.0,31996.0,5.0,1,-1,-1,2,0,2,0,2,2,2,1,3,1
B02001,57,79811.0,460290.0,365661.0,5.8,2,-1,-1,4,-1,-1,-1,-1,-1,0,-1,0,0
B02002,67,36000.0,193817.0,64211.0,2.9,5,0,-1,0,0,0,-1,-1,-1,-1,0,0,-1
B02003,68,58517.0,243482.0,13406.0,1.5,4,0,-1,0,0,-1,0,-1,-1,-1,-1,0,0
B02004,29,43730.0,213071.0,95746.0,2.9,2,-1,-1,-1,-1,-1,-1,-1,-1,1,0,-1,0
B02005,45,23994.0,116006.0,52891.0,3.5,1,3,-1,3,2,0,1,1,3,3,3,4,4
B02006,39,61641.0,318550.0,85922.0,3.2,2,3,0,3,3,2,3,4,4,1,1,1,2
B02007,37,117594.0,656276.0,60980.0,12.8,3,2,-1,3,-1,1,1,1,2,-1,-1,2,3
B02008,30,40857.0,75553.0,52354.0,1.6,3,1,3,2,1,3,4,2,3,3,3,1,3
B02009,43,119738.0,570001.0,265865.0,0.8,0,-1,0,0,1,-1,3,3,2,0,-1,-1,1
B02010,30,50845.0,167847.0,59563.0,5.8,4,0,-1,-1,2,3,2,-1,3,4,4,4,-1
B02011,25,56792.0,170020.0,87811.0,2.1,3,-1,3,3,2,2,-1,3,-1,4,2,1,-1
B02012,39,67373.0,198886.0,98804.0,7.1,4,0,-1,-1,-1,-1,1,-1,3,3,4,-1,2
B02013,62,27110.0,152422.0,68861.0,11.0,0,-1,0,-1,0,0,-1,-1,-1,-1,0,-1,-1
B02014,53,43980.0,137011.0,7160.0,1.5,2,1,-1,-1,0,3,1,-1,2,0,-1,4,3
B02015,61,31598.0,159742.0,80672.0,5.0,4,2,3,2,1,2,0,-1,0,-1,0,2,3
B02016,34,51790.0,82485.0,15056.0,5.4,1,0,-1,3,1,1,0,0,1,-1,0,-1,-1
B02017,24,21295.0,67012.0,11397.0,12.2,1,-1,-1,-1,-1,2,0,-1,0,-1,-1,0,-1
B02018,40,24845.0,93987.0,30256.0,10.4,3,0,-1,0,0,0,-1,-1,-1,-1,0,-1,-1
B02019,65,29021.0,48664.0,15304.0,1.8,3,-1,0,-1,0,0,-1,-1,-1,-1,-1,-1,-1
B02020,32,55160.0,296638.0,63055.0,1.9,3,-1,0,-1,2,-1,2,2,-1,2,0,-1,0
B02021,34,59943.0,264272.0,101669.0,9.7,2,0,0,3,0,4,2,-1,2,1,-1,0,-1
B02022,49,58196.0,186959.0,125496.0,2.1,2,-1,0,1,0,-1,0,0,0,-1,-1,0,-1
B02023,62,45084.0,190176.0,56489.0,2.2,1,3,2,1,2,4,1,4,1,1,4,1,1
B02024,43,56956.0,253089.0,83064.0,1.6,1,4,4,-1,0,0,0,4,3,1,-1,-1,-1
B02025,55,110848.0,638680.0,372685.0,8.2,2,1,1,-1,-1,0,2,0,4,3,0,-1,0
B02026,64,72639.0,410740.0,147241.0,8.6,1,-1,0,-1,0,-1,0,-1,0,-1,0,-1,0
B02027,47,13052.0,27244.0,12103.0,2.4,2,3,-1,2,-1,0,-1,0,0,-1,-1,-1,-1
B02028,63,45541.0,229827.0,32454.0,2.2,2,-1,0,-1,0,-1,0,0,0,-1,-1,0,0
B02029,37,28584.0,141040.0,113321.0,3.5,2,1,1,2,3,4,2,1,4,4,3,1,-1
B02030,53,77960.0,206414.0,97852.0,3.3,4,-1,3,-1,-1,-1,-1,-1,0,-1,0,-1,0
B02031,50,58957.0,334835.0,186786.0,4.5,6,3,3,3,1,0,0,0,2,3,3,3,2
B02032,35,43501.0,126362.0,8088.0,1.5,1,-1,0,-1,0,0,0,-1,-1,0,-1,0,0
B02033,62,73707.0,366581.0,165046.0,3.7,0,-1,-1,-1,-1,0,-1,0,0,-1,-1,0,0
B02034,28,66094.0,302680.0,115687.0,1.2,0,4,2,4,2,3,2,3,3,3,1,4,2
B02035,49,50278.0,277324.0,72620.0,2.1,1,3,2,2,4,2,2,4,1,3,3,1,3
B02036,21,82172.0,306291.0,136898.0,5.8,1,2,0,-1,3,3,1,4,3,2,4,3,3
B02037,59,55860.0,231345.0,76092.0,2.6,3,0,-1,-1,0,-1,-1,-1,3,-1,2,0,-1
B02038,31,41567.0,78421.0,45477.0,5.4,1,-1,0,0,0,-1,-1,-1,-1,0,-1,0,-1
B02039,44,99461.0,394235.0,214123.0,8.2,4,4,-1,-1,3,4,3,1,-1,2,0,0,-1
B02040,58,51498.0,218835.0,96773.0,2.3,1,1,4,0,4,3,2,1,2,4,4,2,-1
B02041,47,48844.0,133735.0,63004.0,1.0,1,3,-1,-1,-1,0,0,-1,0,-1,0,-1,0
B02042,55,45675.0,121087.0,14804.0,4.8,3,4,3,2,3,3,4,0,0,1,4,3,-1
B02043,28,34863.0,189048.0,33791.0,0.9,1,0,2,-1,0,2,1,3,1,-1,-1,-1,0
B02044,40,134640.0,307156.0,212600.0,1.5,1,0,-1,-1,1,-1,1,0,-1,1,-1,-1,-1
B02045,23,51900.0,305073.0,13398.0,5.5,1,0,0,0,-1,0,-1,-1,0,-1,3,0,0
B02046,43,29833.0,172396.0,37705.0,4.0,1,-1,3,2,4,1,3,-1,4,3,1,2,3
B02047,53,35781.0,197641.0,66631.0,1.3,2,-1,-1,4,-1,1,0,4,2,1,-1,0,-1
B02048,26,38720.0,217344.0,64312.0,12.2,4,0,-1,0,-1,-1,4,0,-1,0,-1,0,-1
B02049,65,72830.0,199583.0,75589.0,2.3,1,-1,0,0,0,0,0,0,0,0,-1,-1,0
B02050,40,51680.0,307244.0,184480.0,0.8,5,4,3,0,-1,0,-1,-1,0,0,-1,3,0
B02051,68,62854.0,184996.0,65800.0,2.4,3,0,-1,0,0,0,-1,0,0,-1,-1,0,-1
B02052,29,23104.0,111803.0,25136.0,5.9,1,0,-1,0,-1,-1,4,2,0,1,4,1,0
B02053,23,44575.0,243390.0,34972.0,1.0,2,-1,0,-1,-1,0,0,3,2,-1,-1,0,4
B02054,40,14898.0,52633.0,22303.0,2.7,1,-1,0,-1,0,0,-1,-1,3,0,-1,-1,-1
B02055,25,41665.0,184060.0,60959.0,1.8,5,2,-1,0,2,-1,0,0,0,-1,-1,2,-1
B02056,28,37666.0,159027.0,126588.0,31.2,1,-1,2,1,-1,-1,4,-1,-1,-1,-1,-1,0
B02057,21,88806.0,377786.0,141223.0,2.9,4,1,-1,2,3,2,1,3,3,1,4,3,2
B02058,29,29686.0,60642.0,6247.0,9.7,1,0,-1,0,-1,-1,1,-1,0,-1,0,-1,0
B02059,61,28577.0,55434.0,24928.0,4.8,0,3,2,3,1,2,1,2,2,4,3,2,4
B02060,23,49432.0,216621.0,106225.0,7.7,7,2,0,0,-1,-1,0,0,0,0,0,-1,0
B02061,56,32098.0,82542.0,38290.0,2.5,4,2,2,1,4,1,1,-1,2,3,-1,0,-1
B02062,32,45102.0,130057.0,36163.0,7.5,2,0,2,0,0,-1,0,1,-1,-1,-1,0,1
B02063,58,29106.0,151246.0,7681.0,3.2,1,-1,0,0,0,0,0,-1,0,0,0,-1,0
B02064,50,47607.0,107383.0,22054.0,11.5,1,-1,-1,0,0,-1,-1,0,0,-1,-1,-1,0
B02065,22,132808.0,613619.0,146838.0,2.8,3,1,0,0,0,0,0,2,1,-1,-1,-1,0
B02066,47,37633.0,185959.0,88288.0,2.4,2,0,0,0,0,0,-1,0,0,0,-1,-1,0
B02067,53,76165.0,346629.0,60786.0,3.2,2,4,1,1,-1,0,0,1,0,-1,0,0,3
B02068,26,38192.0,194656.0,47897.0,1.0,0,0,2,1,4,3,4,1,2,3,-1,2,4
B02069,43,58411.0,138800.0,94518.0,7.6,7,0,-1,-1,-1,0,-1,4,2,4,1,4,-1
B02070,64,70500.0,316833.0,69461.0,5.2,1,-1,-1,-1,0,0,-1,0,0,0,-1,0,0
B02071,22,34261.0,84895.0,57864.0,12.1,2,0,-1,-1,-1,0,0,2,-1,0,0,-1,2
B02072,49,25262.0,106115.0,51739.0,2.9,0,-1,0,-1,0,4,1,2,-1,-1,-1,0,-1
B02073,67,185534.0,694170.0,285850.0,6.5,2,0,0,-1,-1,-1,0,0,-1,-1,0,3,0
B02074,21,20611.0,76373.0,7033.0,7.0,0,-1,0,-1,-1,0,0,0,-1,-1,-1,-1,-1
B02075,28,45099.0,205352.0,73668.0,8.5,2,-1,-1,0,0,0,0,0,0,-1,0,0,3
B02076,26,21498.0,124931.0,75095.0,16.1,3,3,-1,0,2,3,3,-1,-1,0,-1,4,2
B02077,28,82496.0,138411.0,59026.0,8.4,4,3,4,2,0,3,4,2,-1,0,0,1,2
B02078,44,41816.0,226324.0,74863.0,1.3,0,2,2,2,2,1,4,3,3,2,3,3,2
B02079,53,20726.0,102109.0,61668.0,4.9,0,2,2,2,1,2,3,2,0,4,2,2,2
B02080,31,34863.0,78508.0,23711.0,4.5,0,0,0,1,3,3,4,3,1,0,2,0,-1
B02081,58,59865.0,173914.0,22515.0,7.0,3,0,0,-1,0,0,4,-1,0,-1,-1,-1,0
B02082,23,41406.0,166852.0,46759.0,7.6,2,1,0,0,4,0,0,0,0,0,-1,3,-1
B02083,48,41889.0,83544.0,4061.0,5.2,2,0,1,3,0,-1,2,0,4,1,4,4,-1
B02084,58,110326.0,513876.0,53796.0,3.2,1,-1,-1,-1,0,-1,0,0,-1,4,-1,-1,-1
B02085,47,32411.0,170212.0,61320.0,1.3,2,-1,2,-1,-1,-1,-1,-1,0,3,1,3,4
B02086,56,38635.0,59985.0,17265.0,5.7,3,0,0,-1,-1,0,-1,0,-1,-1,-1,0,0
B02087,26,92306.0,174925.0,75558.0,1.0,3,4,-1,0,0,1,-1,-1,1,0,0,-1,0
B02088,27,69184.0,181821.0,20533.0,3.1,0,0,-1,-1,0,0,0,-1,0,-1,0,0,0
B02089,54,65881.0,311882.0,53336.0,0.9,2,-1,3,2,-1,1,3,4,-1,-1,-1,4,2
B02090,31,77370.0,180513.0,28849.0,1.5,2,-1,-1,0,0,-1,0,0,-1,-1,0,-1,1
B02091,69,38288.0,199020.0,146209.0,2.3,3,-1,2,3,0,-1,-1,0,-1,-1,-1,1,-1
B02092,27,50160.0,225516.0,37484.0,12.1,0,-1,-1,-1,0,-1,0,0,-1,0,0,0,-1
B02093,57,18100.0,62157.0,14314.0,6.0,0,-1,-1,0,-1,-1,2,1,0,3,1,0,2
B02094,49,71987.0,360325.0,154640.0,7.5,2,1,2,-1,-1,0,3,1,-1,0,1,2,1
B02095,68,64670.0,331699.0,79634.0,4.8,0,-1,0,0,0,-1,0,0,-1,0,0,0,0
B02096,68,38092.0,146222.0,28253.0,11.0,0,-1,0,-1,1,4,0,0,0,0,-1,0,-1
B02097,26,27396.0,89569.0,25421.0,5.1,2,-1,0,-1,-1,-1,0,-1,-1,0,0,0,-1
B02098,35,19888.0,93481.0,51641.0,7.2,3,0,-1,0,0,-1,0,-1,0,0,0,0,0
B02099,22,42644.0,207635.0,106081.0,12.0,1,1,-1,2,2,3,4,-1,2,4,2,3,0
B02100,29,52407.0,243303.0,130467.0,7.7,0,-1,4,1,4,3,1,1,4,1,4,4,2
B02101,51,53794.0,90549.0,50674.0,7.3,4,0,2,1,-1,0,2,1,4,0,-1,-1,-1
B02102,67,92600.0,305489.0,221447.0,3.7,2,0,3,2,0,4,3,0,0,-1,1,4,1
B02103,66,32873.0,195453.0,56657.0,8.2,2,2,4,1,1,1,1,4,3,1,2,1,3
B02104,37,30345.0,178980.0,120795.0,2.4,3,0,-1,2,2,4,4,3,3,-1,-1,-1,4
B02105,21,50782.0,150822.0,58433.0,5.5,2,-1,0,0,-1,-1,0,0,-1,0,0,0,-1
B02106,52,54152.0,113168.0,48054.0,4.7,3,3,1,1,1,2,2,1,4,1,3,2,4
B02107,45,23133.0,108936.0,23765.0,15.2,6,-1,4,0,-1,-1,4,1,-1,3,-1,-1,0
B02108,40,111641.0,258118.0,72667.0,3.2,2,0,-1,0,0,0,0,0,0,-1,0,-1,0
B02109,53,21004.0,104871.0,48838.0,3.5,1,-1,-1,-1,-1,0,0,-1,-1,-1,0,-1,0
B02110,32,29312.0,61911.0,19615.0,6.0,2,0,-1,-1,0,-1,0,0,-1,-1,0,-1,0
B02111,68,43918.0,73572.0,29176.0,2.8,3,0,-1,-1,-1,0,-1,-1,0,-1,-1,-1,0
B02112,63,162464.0,279613.0,114623.0,6.6,1,-1,0,-1,-1,-1,0,-1,0,0,0,0,-1
B02113,44,54819.0,196024.0,102092.0,3.1,1,1,4,0,3,2,3,2,0,-1,0,0,4
B02114,27,41001.0,173739.0,101715.0,7.0,3,0,-1,-1,0,0,0,-1,-1,0,-1,0,-1
B02115,59,32504.0,156277.0,56299.0,0.9,0,-1,0,-1,0,-1,0,-1,0,-1,-1,1,4
B02116,26,32767.0,138361.0,67387.0,6.5,3,2,0,0,3,0,1,-1,1,0,4,3,4
B02117,52,24466.0,44272.0,25053.0,7.9,3,0,3,2,1,4,2,1,0,0,3,1,0
B02118,42,58383.0,278796.0,79950.0,13.7,0,0,-1,0,-1,-1,-1,0,-1,0,0,2,4
B02119,64,63820.0,365489.0,103294.0,5.3,2,0,1,1,-1,-1,0,-1,0,3,4,-1,-1
B02120,64,60688.0,229578.0,86340.0,10.2,4,0,3,3,0,4,1,-1,0,-1,4,-1,0
B02121,66,71316.0,208219.0,115817.0,16.7,1,-1,1,0,-1,0,4,-1,-1,0,-1,1,0
B02122,41,121351.0,221095.0,60686.0,3.0,4,0,-1,-1,3,-1,0,-1,-1,-1,-1,-1,-1
B02123,69,104138.0,316290.0,154144.0,2.8,1,0,0,0,4,3,2,0,0,-1,-1,0,2
B02124,51,128980.0,513132.0,173032.0,9.8,5,-1,0,-1,-1,-1,-1,0,3,2,0,0,-1
B02125,51,25250.0,142569.0,121314.0,8.3,3,1,-1,3,2,3,3,1,-1,3,4,4,1
B02126,50,35371.0,79230.0,14122.0,16.0,2,0,1,-1,-1,0,-1,-1,-1,-1,0,-1,0
B02127,39,63021.0,279171.0,36815.0,8.0,0,0,2,2,3,0,-1,1,-1,0,0,1,3
B02128,68,43546.0,185227.0,110541.0,2.8,2,0,2,-1,0,-1,0,-1,0,0,-1,-1,-1
B02129,60,35822.0,65279.0,16971.0,15.9,2,0,-1,0,0,-1,-1,-1,-1,-1,0,4,2
B02130,63,50350.0,172615.0,26029.0,0.5,1,-1,-1,0,-1,-1,-1,2,0,-1,0,0,-1
B02131,39,19921.0,115909.0,33621.0,7.7,3,0,-1,-1,2,0,0,0,0,1,4,2,1
B02132,27,22292.0,119021.0,35128.0,1.7,1,2,4,2,4,0,0,0,-1,-1,-1,0,-1
B02133,61,69148.0,245445.0,128993.0,2.8,1,2,3,3,4,2,2,2,3,1,1,1,3
B02134,64,59356.0,213505.0,127152.0,6.4,3,-1,0,-1,-1,-1,0,-1,0,0,0,-1,0
B02135,28,18984.0,101115.0,68876.0,5.1,3,2,4,4,1,0,1,2,3,1,-1,2,3
B02136,50,26161.0,155542.0,69165.0,8.8,3,1,3,3,2,4,2,1,3,4,0,2,2
B02137,41,54429.0,285197.0,44146.0,2.9,2,-1,0,0,0,0,-1,1,0,-1,-1,0,0
B02138,64,35388.0,191947.0,54535.0,9.6,2,-1,1,-1,-1,0,0,3,0,-1,0,2,2
B02139,66,40626.0,129534.0,26333.0,5.5,0,3,4,4,4,3,4,2,1,1,3,1,3
B02140,45,31762.0,61217.0,38077.0,5.6,2,-1,-1,0,0,-1,0,0,3,0,0,-1,-1
B02141,28,56018.0,307642.0,137979.0,3.9,1,0,0,0,-1,-1,-1,0,-1,1,0,0,0
B02142,32,55956.0,169448.0,30926.0,7.6,0,3,4,4,0,0,2,0,0,1,0,4,1
B02143,36,66995.0,187220.0,27604.0,11.7,1,-1,0,-1,1,0,0,0,0,0,4,-1,-1
B02144,56,40681.0,141356.0,63722.0,8.1,1,-1,0,0,0,0,3,-1,-1,0,0,-1,0
B02145,50,60742.0,269053.0,67260.0,14.2,2,2,3,0,4,4,2,1,0,3,3,2,2
B02146,64,50744.0,111533.0,23897.0,16.0,0,0,-1,0,-1,-1,0,-1,0,0,-1,0,0
B02147,35,51701.0,96086.0,66765.0,15.0,3,-1,-1,3,1,-1,-1,-1,-1,-1,-1,3,1
B02148,27,36156.0,166920.0,43075.0,7.6,4,4,1,2,0,4,3,2,-1,1,4,2,4
B02149,40,25231.0,88935.0,66895.0,4.8,2,3,1,1,3,1,4,3,2,0,4,3,2
B02150,67,19601.0,72101.0,28901.0,1.8,0,1,0,0,0,0,-1,0,0,0,-1,-1,-1
B02151,61,44842.0,114815.0,86420.0,2.7,3,-1,-1,3,-1,-1,0,0,0,0,0,2,-1
B02152,66,44634.0,213099.0,20083.0,8.0,3,-1,-1,0,-1,2,0,-1,0,0,0,-1,-1
B02153,57,56042.0,283294.0,98257.0,10.2,1,-1,-1,-1,0,0,-1,-1,0,0,-1,0,-1
B02154,56,61755.0,370239.0,160531.0,4.0,4,0,3,2,1,2,1,2,3,1,-1,0,0
B02155,52,22456.0,117864.0,22220.0,2.3,4,-1,1,0,0,3,4,4,2,2,4,3,1
B02156,47,35548.0,111634.0,28635.0,12.6,5,3,0,0,2,0,-1,-1,0,0,0,0,0
B02157,41,43676.0,211585.0,50176.0,3.3,2,4,3,1,4,0,1,4,3,3,3,1,1
B02158,31,71128.0,147974.0,24975.0,6.2,2,0,3,2,1,1,2,3,1,3,2,-1,3
B02159,49,80763.0,232354.0,37692.0,5.0,5,-1,-1,0,-1,0,0,-1,3,0,0,0,2
B02160,23,53166.0,184658.0,65951.0,8.0,3,4,4,2,2,0,0,4,-1,-1,-1,0,-1
B02161,30,20151.0,53141.0,7200.0,2.4,2,3,1,2,4,4,3,-1,0,1,0,0,-1
B02162,64,65625.0,255950.0,163912.0,3.1,0,-1,-1,-1,0,0,-1,0,-1,-1,0,-1,0
B02163,30,130624.0,740952.0,586728.0,7.3,1,0,0,2,3,-1,0,-1,-1,0,1,0,-1
B02164,43,40233.0,134179.0,37981.0,11.3,2,-1,0,-1,0,0,0,0,2,0,-1,4,0
B02165,66,88489.0,174257.0,68524.0,3.8,3,-1,0,0,-1,0,3,0,0,-1,0,0,-1
B02166,65,53118.0,263001.0,84030.0,5.3,2,0,0,0,0,-1,-1,0,0,-1,-1,-1,-1
B02167,29,27062.0,131565.0,10901.0,7.0,1,4,1,2,0,0,-1,0,1,1,1,3,-1
B02168,23,27240.0,123836.0,37810.0,8.4,2,3,-1,0,0,0,0,1,0,-1,0,0,0
B02169,38,42285.0,81573.0,29640.0,3.5,1,4,4,2,0,1,4,3,3,4,1,4,3
B02170,28,65144.0,196838.0,143927.0,12.7,2,0,0,0,-1,-1,-1,-1,0,0,0,0,0
B02171,39,44653.0,267449.0,96231.0,7.0,1,4,1,3,1,2,4,4,2,2,0,4,2
B02172,62,43656.0,158255.0,98008.0,6.0,1,-1,0,0,0,-1,-1,0,-1,0,0,-1,3
B02173,52,31695.0,50109.0,34484.0,23.1,3,-1,-1,-1,2,2,3,0,-1,0,1,0,-1
B02174,41,39820.0,233132.0,158970.0,1.4,3,0,0,-1,0,0,0,-1,1,-1,3,-1,-1
B02175,57,38826.0,98218.0,18534.0,5.3,5,-1,0,-1,-1,-1,-1,0,-1,-1,0,-1,0
B02176,42,30774.0,123651.0,43914.0,5.3,2,2,0,-1,-1,0,-1,-1,-1,-1,0,0,-1
B02177,57,37977.0,126307.0,69644.0,12.2,2,-1,0,0,0,-1,0,3,2,3,3,0,0
B02178,35,58993.0,163261.0,70894.0,7.3,1,-1,-1,-1,-1,0,0,0,0,3,2,0,0
B02179,31,85624.0,377117.0,116961.0,1.5,2,0,0,0,-1,0,0,0,-1,-1,0,0,-1
B02180,66,29145.0,77560.0,26986.0,3.8,1,-1,-1,-1,0,-1,0,-1,-1,0,-1,-1,0
B02181,33,37334.0,69255.0,7793.0,6.0,3,2,-1,0,0,-1,2,-1,-1,0,0,-1,-1
B02182,43,38057.0,123671.0,7893.0,7.6,2,4,3,1,4,-1,-1,2,2,3,1,1,1
B02183,69,39267.0,201272.0,74087.0,5.8,2,4,2,-1,2,-1,-1,0,-1,-1,3,-1,0
B02184,38,64757.0,296244.0,42633.0,1.2,2,-1,3,0,-1,-1,-1,0,-1,4,-1,-1,-1
B02185,41,27137.0,47401.0,16169.0,4.9,5,-1,0,1,1,0,-1,-1,-1,-1,2,-1,-1
B02186,68,49392.0,250262.0,192408.0,7.5,0,2,-1,-1,0,-1,-1,0,0,0,2,0,0
B02187,30,36572.0,149181.0,25284.0,7.7,0,0,-1,0,0,-1,-1,0,0,4,-1,0,0
B02188,24,34374.0,69512.0,16811.0,11.5,2,0,1,-1,2,0,3,1,-1,-1,4,-1,-1
B02189,35,46940.0,200981.0,168729.0,13.5,3,2,-1,0,0,0,0,-1,4,1,0,-1,-1
B02190,56,43358.0,84261.0,32022.0,8.3,1,0,0,-1,0,-1,-1,0,0,0,0,0,0
B02191,55,16656.0,32872.0,5744.0,5.1,1,-1,4,0,4,4,1,3,4,4,3,0,1
B02192,41,137035.0,601684.0,316509.0,1.0,3,0,0,-1,0,1,0,0,0,3,4,-1,0
B02193,24,30222.0,98138.0,49659.0,4.1,1,-1,0,0,0,-1,-1,-1,0,0,-1,-1,-1
B02194,55,86552.0,250777.0,168593.0,3.2,4,0,-1,0,-1,-1,-1,0,0,-1,0,-1,-1
B02195,32,106419.0,173873.0,66665.0,5.4,1,3,0,0,-1,-1,0,0,3,-1,-1,0,1
B02196,62,135604.0,611069.0,300006.0,4.0,5,-1,-1,-1,-1,0,-1,-1,3,-1,0,-1,0
B02197,64,41163.0,117242.0,40257.0,1.7,2,-1,-1,0,-1,0,-1,1,2,0,1,-1,-1
B02198,45,36799.0,104283.0,43985.0,7.8,4,0,0,0,-1,-1,0,0,0,0,3,2,-1
B02199,37,114011.0,607379.0,78194.0,10.6,0,-1,0,0,0,0,0,-1,0,-1,0,0,-1
B02200,43,68842.0,283592.0,143657.0,4.4,0,-1,-1,-1,0,-1,0,0,0,0,0,0,-1
B02201,36,49567.0,121116.0,57739.0,6.0,5,0,-1,-1,3,-1,-1,-1,-1,0,-1,0,0
B02202,62,31254.0,119318.0,27804.0,14.8,1,3,-1,4,0,-1,1,-1,1,1,0,-1,-1
B02203,25,43393.0,67955.0,43652.0,0.8,4,3,-1,-1,2,0,-1,-1,2,-1,2,1,4
B02204,55,59701.0,151653.0,44159.0,0.9,4,2,0,-1,-1,0,0,-1,0,-1,-1,0,-1
B02205,69,71675.0,306993.0,119701.0,6.5,1,0,-1,0,-1,0,-1,0,0,0,-1,-1,-1
B02206,55,28698.0,134500.0,127279.0,17.1,3,-1,1,0,4,0,0,-1,-1,-1,0,4,4
B02207,31,42331.0,97429.0,27969.0,3.3,0,1,0,-1,-1,-1,0,0,0,0,-1,0,0
B02208,61,86779.0,200064.0,60470.0,3.0,0,2,-1,-1,2,1,-1,0,4,-1,1,-1,-1
B02209,22,42211.0,122376.0,96912.0,13.1,1,-1,0,-1,-1,0,-1,0,0,-1,-1,0,0
B02210,52,57141.0,142527.0,69139.0,7.7,2,2,0,-1,4,3,0,0,-1,0,-1,0,-1
B02211,53,40099.0,97953.0,26742.0,15.9,2,3,3,2,4,3,3,0,0,-1,-1,2,1
B02212,61,19750.0,93366.0,40684.0,9.4,2,-1,0,0,-1,0,0,0,-1,0,0,-1,0
B02213,23,204141.0,1122210.0,592514.0,4.7,0,0,-1,-1,-1,-1,-1,3,0,4,-1,0,0
B02214,64,49086.0,217683.0,70163.0,3.3,1,-1,-1,0,-1,-1,0,1,0,-1,-1,0,0
B02215,33,81937.0,294484.0,41684.0,1.0,4,0,-1,1,0,0,-1,0,0,-1,-1,0,0
B02216,26,73406.0,235662.0,3106.0,3.9,3,-1,0,0,2,-1,-1,0,-1,-1,0,2,-1
B02217,35,110289.0,299486.0,89248.0,3.2,3,-1,0,1,0,-1,-1,-1,-1,0,0,1,1
B02218,66,42993.0,192870.0,4356.0,11.0,4,-1,-1,-1,-1,-1,0,0,0,-1,0,-1,3
B02219,22,38983.0,92446.0,14325.0,3.6,4,1,3,4,-1,2,4,3,1,3,4,-1,4
B02220,43,104091.0,557712.0,423202.0,5.0,1,-1,-1,-1,-1,0,-1,0,0,3,0,0,0
B02221,41,27706.0,128274.0,66718.0,14.1,2,1,4,-1,3,2,4,1,1,-1,4,3,4
B02222,21,45353.0,162544.0,65985.0,7.4,3,2,2,-1,0,-1,1,4,2,0,-1,-1,0
B02223,62,83096.0,368701.0,203753.0,7.2,0,-1,-1,-1,0,0,-1,0,0,2,-1,-1,-1
B02224,58,37494.0,132659.0,31144.0,2.0,4,0,4,-1,2,2,1,-1,3,2,1,1,4
B02225,27,61788.0,169149.0,70029.0,2.9,4,0,-1,-1,-1,-1,4,-1,0,4,0,0,-1
B02226,61,71582.0,222979.0,91071.0,5.0,2,3,-1,-1,0,-1,-1,-1,-1,0,0,-1,0
B02227,21,25139.0,54017.0,11743.0,2.0,2,1,4,1,4,4,1,1,3,2,2,1,-1
B02228,61,26714.0,90151.0,67697.0,6.7,2,0,4,2,3,1,-1,1,4,-1,1,1,0
B02229,51,11550.0,58252.0,48413.0,6.0,1,2,2,2,0,4,-1,1,-1,3,2,4,1
B02230,26,31856.0,130793.0,26258.0,9.5,3,4,2,0,4,2,-1,4,1,1,3,-1,1
B02231,22,34806.0,68141.0,29939.0,5.6,1,4,-1,3,1,4,4,4,1,1,2,2,3
B02232,51,49155.0,102715.0,39121.0,4.5,3,-1,0,-1,0,0,0,0,-1,-1,-1,-1,-1
B02233,64,53614.0,104174.0,23144.0,12.7,0,0,0,0,-1,0,-1,-1,0,0,-1,-1,-1
B02234,49,40166.0,136532.0,49981.0,1.5,3,-1,2,3,3,1,3,1,0,3,3,-1,0
B02235,23,39479.0,72646.0,28814.0,7.5,3,2,0,4,0,0,3,-1,0,0,-1,0,-1
B02236,25,69882.0,290479.0,249056.0,4.6,2,3,2,2,0,0,-1,4,1,-1,-1,-1,-1
B02237,56,69913.0,167635.0,120007.0,10.4,4,0,1,-1,-1,0,0,-1,0,0,0,3,4
B02238,68,55671.0,174176.0,75466.0,1.0,0,-1,-1,0,-1,0,0,0,-1,-1,0,-1,0
B02239,57,41223.0,71763.0,37506.0,3.9,0,0,-1,0,-1,-1,0,0,-1,-1,0,-1,-1
B02240,22,58433.0,252022.0,50260.0,9.6,4,-1,0,-1,0,-1,0,0,0,0,-1,3,-1
B02241,38,53413.0,109827.0,43038.0,6.6,1,0,-1,0,0,0,-1,3,0,-1,-1,-1,1
B02242,24,80372.0,360272.0,187650.0,3.8,3,0,0,-1,0,0,0,0,0,-1,-1,-1,-1
B02243,30,28623.0,120555.0,42743.0,5.3,2,0,0,0,-1,-1,-1,-1,-1,-1,0,0,-1
B02244,27,41179.0,229591.0,82310.0,4.5,4,-1,-1,0,-1,-1,0,-1,0,-1,-1,-1,0
B02245,51,86800.0,283475.0,64660.0,4.8,4,-1,0,-1,-1,-1,4,3,4,2,0,0,0
B02246,59,60073.0,303002.0,245570.0,1.8,2,-1,-1,0,-1,-1,0,0,0,-1,0,-1,-1
B02247,58,46267.0,118451.0,69195.0,8.8,2,1,1,1,3,4,3,1,1,0,1,4,4
B02248,31,39098.0,178583.0,112468.0,8.2,3,-1,-1,-1,0,-1,-1,-1,0,-1,0,0,0
B02249,67,28897.0,85345.0,6162.0,4.2,1,3,4,3,3,3,2,3,3,4,3,3,0
B02250,31,52691.0,199337.0,107065.0,7.2,1,0,-1,-1,-1,-1,0,-1,-1,-1,-1,0,-1
B02251,62,36586.0,207289.0,129211.0,3.3,3,2,4,4,-1,0,0,-1,0,0,-1,1,0
B02252,31,68207.0,208906.0,22350.0,1.1,1,2,3,4,0,2,2,4,3,3,2,1,3
B02253,55,45839.0,216163.0,82633.0,5.3,1,-1,0,0,-1,-1,0,0,-1,-1,0,0,-1
B02254,67,86347.0,155791.0,82580.0,4.7,1,1,-1,-1,0,0,-1,0,0,-1,0,0,0
B02255,25,50985.0,289561.0,73135.0,6.0,0,0,-1,-1,0,0,0,0,-1,-1,0,-1,-1
B02256,21,35574.0,158191.0,105113.0,2.8,1,1,1,3,1,4,3,1,0,-1,2,4,3
B02257,61,45168.0,247679.0,48529.0,0.5,1,0,0,0,0,-1,-1,0,-1,0,-1,0,0
B02258,64,29491.0,91419.0,44624.0,10.2,2,0,0,3,-1,0,-1,-1,0,-1,0,0,-1
B02259,44,32607.0,49369.0,10934.0,5.7,2,0,2,1,0,-1,4,4,0,2,-1,0,-1
B02260,45,31936.0,139253.0,56287.0,8.0,2,3,3,3,2,2,-1,-1,2,1,2,1,1
B02261,69,23540.0,56646.0,32762.0,11.7,0,-1,0,-1,0,0,0,0,-1,0,-1,-1,-1
B02262,54,120066.0,267280.0,145464.0,13.3,1,4,3,4,2,4,4,1,1,4,2,4,1
B02263,26,29188.0,137363.0,3535.0,8.8,1,0,3,0,-1,1,3,-1,-1,2,1,0,-1
B02264,59,85190.0,139758.0,93717.0,2.6,1,2,-1,0,1,3,2,3,-1,1,0,0,0
B02265,38,35891.0,136683.0,72628.0,1.8,2,0,0,0,-1,0,3,-1,0,0,4,4,3
B02266,58,64836.0,147503.0,126440.0,3.0,1,-1,-1,0,0,-1,0,0,-1,-1,0,0,-1
B02267,46,34528.0,179878.0,132237.0,6.5,3,-1,-1,0,0,0,-1,-1,0,-1,-1,0,0
B02268,35,39705.0,92099.0,51018.0,9.5,1,0,0,-1,0,2,4,-1,4,-1,0,0,0
B02269,40,69070.0,330067.0,136360.0,3.7,1,-1,1,0,2,-1,-1,4,3,-1,0,4,3
B02270,50,45844.0,230601.0,26821.0,1.8,3,1,-1,-1,3,1,3,3,4,0,3,4,1
B02271,39,36929.0,207323.0,51409.0,4.3,2,4,2,1,-1,2,1,3,3,2,1,3,3
B02272,21,36435.0,207300.0,91190.0,5.1,3,-1,-1,-1,4,2,4,3,3,1,3,3,3
B02273,30,43016.0,141455.0,17576.0,6.7,2,2,1,0,-1,0,3,2,-1,4,3,1,-1
B02274,21,69786.0,172231.0,9866.0,4.2,1,2,0,3,4,2,-1,4,1,0,4,2,0
B02275,32,26022.0,110649.0,89377.0,12.4,2,-1,-1,-1,-1,4,-1,0,1,0,2,0,2
B02276,60,28430.0,73943.0,27107.0,5.2,3,3,-1,2,1,1,1,-1,3,1,3,0,-1
B02277,67,191807.0,725117.0,403117.0,18.2,1,0,-1,-1,0,-1,-1,-1,-1,0,2,0,0
B02278,49,45618.0,206034.0,48744.0,1.2,2,0,0,0,-1,1,-1,0,0,0,-1,2,4
B02279,43,19882.0,37430.0,13402.0,7.4,2,0,4,-1,-1,0,0,-1,-1,-1,0,0,-1
B02280,61,77875.0,269946.0,79694.0,5.1,3,-1,3,3,-1,-1,-1,-1,0,-1,-1,-1,-1
B02281,57,73164.0,418911.0,86664.0,8.9,4,-1,-1,-1,-1,-1,0,0,0,0,-1,-1,4
B02282,55,111167.0,423383.0,172589.0,4.4,0,-1,-1,-1,0,0,-1,0,0,-1,-1,-1,0
B02283,36,32183.0,139839.0,67510.0,5.1,4,-1,0,-1,-1,0,0,4,2,-1,-1,4,-1
B02284,47,30037.0,164488.0,48469.0,0.1,0,-1,4,4,4,1,1,4,2,2,1,3,3
B02285,68,72646.0,115173.0,68021.0,1.8,1,-1,0,1,-1,0,0,0,0,-1,-1,0,0
B02286,45,95763.0,389417.0,82497.0,7.0,0,-1,0,-1,0,0,2,2,1,0,0,0,3
B02287,22,61330.0,288704.0,49333.0,3.2,3,-1,0,-1,0,0,-1,0,-1,-1,-1,0,-1
B02288,48,19925.0,108717.0,76417.0,7.4,1,4,3,1,4,3,2,3,3,2,1,2,4
B02289,23,68803.0,350786.0,37682.0,0.6,0,-1,0,0,1,0,-1,0,-1,0,-1,0,-1
B02290,58,35092.0,153696.0,50329.0,4.6,4,1,4,3,4,3,1,1,4,3,1,3,2
B02291,44,31253.0,169016.0,19494.0,5.6,0,3,-1,-1,0,-1,0,-1,-1,-1,-1,-1,-1
B02292,40,19262.0,108948.0,4896.0,16.5,3,-1,1,3,3,1,3,2,0,-1,0,0,0
B02293,61,25592.0,48735.0,21876.0,10.4,4,2,4,2,4,4,1,4,4,1,3,4,4
B02294,68,36231.0,68137.0,17021.0,8.8,2,0,0,0,-1,0,0,1,-1,2,4,2,-1
B02295,48,34739.0,96842.0,31903.0,4.4,4,0,-1,3,-1,-1,0,0,2,-1,-1,-1,-1
B02296,30,37098.0,61788.0,21602.0,3.5,0,-1,0,0,0,2,0,0,-1,0,0,0,0
B02297,57,50452.0,174794.0,60080.0,2.0,1,0,0,3,0,-1,-1,2,2,4,2,0,-1
B02298,60,39403.0,112199.0,20431.0,1.2,3,2,-1,-1,-1,0,0,-1,0,0,-1,0,-1
B02299,34,29050.0,115777.0,22406.0,17.6,1,-1,-1,0,0,0,0,-1,0,-1,0,0,-1
B02300,21,33562.0,94035.0,32122.0,4.9,1,3,4,3,-1,3,4,4,0,4,1,2,-1
B02301,69,32566.0,142470.0,40539.0,10.2,1,1,2,0,-1,1,1,0,4,2,2,2,2
B02302,65,51198.0,174187.0,86890.0,7.2,1,0,-1,0,-1,2,-1,-1,-1,2,1,-1,0
B02303,43,28539.0,70082.0,11794.0,8.0,2,0,-1,-1,0,-1,0,-1,-1,2,0,-1,-1
B02304,38,50252.0,79185.0,36635.0,2.0,2,-1,0,0,-1,0,0,-1,0,0,-1,0,-1
B02305,41,26995.0,127390.0,25347.0,5.5,1,0,0,-1,0,0,-1,-1,0,-1,-1,-1,0
B02306,62,10840.0,62135.0,7801.0,7.8,0,0,-1,4,1,1,2,4,0,-1,0,2,0
B02307,56,37120.0,164247.0,78885.0,5.4,2,-1,-1,3,1,-1,0,3,3,0,-1,2,1
B02308,48,28482.0,90321.0,13611.0,0.1,1,0,0,0,0,1,0,0,-1,0,-1,-1,0
B02309,51,29992.0,156534.0,22549.0,7.2,1,-1,0,1,-1,2,0,1,1,1,0,0,-1
B02310,42,58285.0,90468.0,42191.0,4.6,2,2,0,-1,0,-1,0,0,-1,-1,0,-1,-1
B02311,37,41431.0,130969.0,13925.0,1.6,2,-1,0,0,-1,0,0,-1,-1,0,-1,-1,0
B02312,65,16823.0,72148.0,44763.0,6.0,0,0,-1,0,0,3,0,-1,-1,-1,0,0,0
B02313,57,20723.0,89214.0,59541.0,2.5,2,4,1,4,3,3,3,3,4,3,1,2,0
B02314,29,64591.0,116994.0,47518.0,18.9,3,-1,-1,4,0,0,0,0,0,0,0,-1,-1
B02315,54,35553.0,211652.0,79604.0,4.0,2,1,-1,3,-1,3,1,0,3,2,2,-1,0
B02316,28,24072.0,56670.0,1705.0,3.1,1,1,3,1,2,1,3,4,2,1,1,1,3
B02317,44,64023.0,303897.0,206880.0,1.1,1,0,3,0,-1,-1,4,3,-1,0,0,-1,2
B02318,57,66620.0,381375.0,213200.0,2.2,2,1,2,1,3,4,4,2,4,1,4,1,2
B02319,46,73775.0,195912.0,47009.0,4.7,1,0,0,-1,-1,-1,-1,0,0,4,3,-1,2
B02320,55,45876.0,257148.0,59808.0,1.1,1,-1,-1,0,-1,-1,-1,0,0,-1,-1,-1,0
B02321,25,24545.0,41653.0,1940.0,6.2,1,0,0,0,0,0,0,0,3,3,-1,0,-1
B02322,62,74427.0,215224.0,127362.0,1.5,2,-1,4,1,1,0,1,4,2,1,-1,3,-1
B02323,25,60581.0,235745.0,16382.0,8.5,3,-1,-1,0,0,1,-1,-1,4,0,-1,-1,0
B02324,25,42945.0,92645.0,52960.0,2.4,2,1,-1,0,0,2,-1,1,-1,2,0,0,-1
B02325,64,40808.0,103810.0,23855.0,0.5,0,-1,0,-1,-1,0,-1,0,0,0,-1,-1,0
B02326,57,119795.0,516385.0,114121.0,0.3,4,-1,0,-1,-1,0,-1,0,0,-1,-1,4,-1
B02327,44,11540.0,51335.0,43970.0,9.7,3,1,1,1,4,2,1,3,4,1,3,3,1
B02328,59,46317.0,141678.0,30818.0,6.4,3,-1,0,-1,0,3,4,4,-1,0,0,-1,0
B02329,25,28853.0,159034.0,63573.0,8.7,1,1,0,4,3,3,3,3,1,-1,-1,1,3
B02330,28,46650.0,113862.0,6856.0,9.4,1,2,1,0,-1,3,-1,1,3,3,4,2,4
B02331,34,43877.0,250892.0,122809.0,5.9,0,1,2,4,4,1,2,4,1,0,2,4,3
B02332,22,26436.0,156684.0,46178.0,4.2,0,2,4,3,3,-1,0,3,1,0,1,-1,-1
B02333,46,53447.0,138712.0,47950.0,11.3,1,3,2,1,-1,-1,-1,-1,4,1,-1,0,-1
B02334,44,39991.0,174663.0,99694.0,9.0,2,0,-1,0,-1,-1,0,-1,-1,-1,0,0,-1
B02335,28,57643.0,154788.0,38764.0,3.4,1,-1,0,-1,0,-1,1,3,-1,0,1,-1,0
B02336,26,46113.0,122305.0,70972.0,1.6,3,0,0,-1,4,2,0,0,1,-1,0,-1,0
B02337,35,57440.0,271151.0,135555.0,11.2,2,-1,0,-1,0,4,4,0,0,3,0,-1,0
B02338,23,28882.0,65558.0,26595.0,5.9,2,0,1,4,0,0,0,2,0,-1,4,4,-1
B02339,21,76905.0,304113.0,67265.0,12.8,4,1,0,3,3,2,1,3,3,2,4,3,4
B02340,61,47210.0,278348.0,135416.0,6.6,3,-1,1,0,-1,1,0,3,0,0,3,1,4
B02341,46,61352.0,231810.0,69755.0,5.5,3,0,-1,0,-1,0,-1,-1,-1,0,-1,-1,2
B02342,30,40437.0,235759.0,149710.0,3.9,4,-1,-1,-1,1,3,-1,0,2,4,2,1,-1
B02343,68,55380.0,290365.0,29753.0,2.8,2,0,4,-1,0,4,2,2,3,2,2,3,3
B02344,60,48527.0,142890.0,34635.0,7.0,0,0,2,1,4,0,-1,0,-1,4,3,2,-1
B02345,39,30654.0,96362.0,59989.0,8.0,0,3,0,0,2,2,-1,4,3,3,3,1,3
B02346,69,63540.0,303111.0,48142.0,7.1,2,0,-1,4,4,2,0,0,3,0,1,2,4
B02347,30,79192.0,130603.0,21702.0,0.7,1,-1,-1,0,-1,-1,-1,0,0,-1,2,3,3
B02348,46,59577.0,309696.0,38307.0,1.6,1,4,2,3,1,-1,4,1,2,2,4,2,3
B02349,38,30483.0,149892.0,61181.0,2.4,4,1,-1,0,-1,2,0,-1,0,-1,0,-1,0
B02350,65,38735.0,185745.0,108817.0,9.9,2,0,-1,-1,0,0,4,-1,0,2,-1,2,-1
B02351,65,42558.0,245457.0,124874.0,2.0,3,0,0,-1,-1,-1,-1,0,-1,-1,-1,-1,0
B02352,24,24890.0,71469.0,22980.0,9.1,0,3,4,3,4,3,3,4,3,3,4,4,3
B02353,32,40614.0,233831.0,132805.0,6.9,2,0,3,-1,2,-1,-1,2,0,4,3,4,4
B02354,55,112692.0,406786.0,54979.0,2.5,7,0,-1,0,-1,0,-1,0,-1,0,-1,-1,0
B02355,21,66414.0,155756.0,88362.0,7.3,3,-1,0,0,-1,-1,0,-1,-1,0,-1,0,0
B02356,59,72622.0,342174.0,138759.0,10.0,2,0,0,-1,0,0,0,0,0,0,-1,0,-1
B02357,49,57048.0,278311.0,174357.0,6.5,3,1,1,3,2,4,1,1,1,4,4,4,3
B02358,61,44468.0,74737.0,4343.0,2.8,0,-1,-1,0,-1,0,0,-1,-1,0,0,-1,0
B02359,36,33973.0,108815.0,81875.0,4.9,3,2,0,1,-1,1,2,-1,2,2,4,0,-1
B02360,46,156002.0,648178.0,198408.0,3.2,1,0,0,-1,-1,-1,0,-1,-1,0,-1,-1,-1
B02361,33,45379.0,167263.0,28337.0,2.7,0,0,0,-1,0,0,0,0,0,-1,0,4,2
B02362,34,36971.0,197190.0,114387.0,3.9,2,4,4,1,-1,-1,3,3,0,-1,0,-1,0
B02363,33,28418.0,59198.0,15532.0,11.5,1,-1,0,-1,0,4,1,0,2,1,-1,0,0
B02364,34,110804.0,247647.0,121508.0,4.0,3,-1,0,-1,-1,-1,0,-1,4,2,-1,-1,-1
B02365,55,29746.0,133803.0,35228.0,7.5,2,-1,1,1,3,0,1,0,-1,1,4,4,4
B02366,52,53263.0,163608.0,120191.0,6.8,1,0,0,0,0,4,-1,-1,0,-1,0,0,3
B02367,61,71135.0,180792.0,94992.0,3.3,1,0,-1,1,-1,3,1,0,4,3,2,0,2
B02368,38,24581.0,107889.0,71530.0,9.6,2,-1,1,-1,1,-1,2,3,3,1,-1,-1,-1
B02369,43,79525.0,443158.0,241753.0,3.1,3,-1,-1,4,-1,-1,0,0,-1,0,0,3,0
B02370,61,28509.0,143784.0,86232.0,0.5,1,-1,4,1,2,2,3,4,2,1,1,2,-1
B02371,32,31528.0,119539.0,88632.0,2.9,1,-1,-1,-1,-1,2,-1,4,4,3,0,0,-1
B02372,52,40477.0,219039.0,97458.0,6.0,1,0,-1,-1,0,-1,1,-1,1,-1,0,1,0
B02373,23,119784.0,574862.0,192814.0,7.7,2,-1,-1,0,-1,-1,0,-1,0,-1,-1,0,0
B02374,37,72674.0,278336.0,98138.0,7.6,2,0,0,-1,0,0,-1,-1,-1,-1,4,0,0
B02375,41,34799.0,77967.0,48400.0,14.3,1,3,4,4,1,0,4,3,0,-1,0,1,2
B02376,38,46201.0,125391.0,29602.0,6.4,3,-1,-1,-1,-1,-1,0,0,0,3,0,-1,-1
B02377,65,49261.0,136264.0,34495.0,5.3,1,1,-1,-1,0,0,3,0,-1,0,-1,-1,0
B02378,28,68144.0,209336.0,155765.0,4.1,1,-1,-1,0,0,-1,0,4,2,-1,3,0,2
B02379,60,78767.0,471011.0,273347.0,5.8,3,1,0,0,1,-1,0,0,4,3,-1,0,-1
B02380,43,25575.0,56251.0,36558.0,6.4,3,3,0,2,2,0,4,-1,2,-1,3,3,1
B02381,41,27907.0,116127.0,60585.0,6.4,0,-1,-1,0,-1,0,0,-1,-1,4,2,-1,3
B02382,44,35743.0,94137.0,58088.0,9.5,1,-1,-1,0,0,0,0,0,-1,-1,-1,0,-1
B02383,41,31955.0,128237.0,65281.0,11.3,2,0,-1,3,3,4,1,-1,0,2,1,3,1
B02384,46,41032.0,77930.0,52544.0,6.4,1,0,-1,-1,0,4,4,0,2,2,4,4,4
B02385,21,89209.0,509738.0,288158.0,2.6,1,0,0,3,3,3,4,-1,-1,0,3,-1,2
B02386,56,52514.0,270657.0,101595.0,1.8,3,-1,-1,-1,-1,-1,0,-1,0,0,-1,0,-1
B02387,69,33528.0,107855.0,58982.0,14.0,1,0,-1,0,0,0,0,-1,-1,-1,-1,-1,0
B02388,39,27455.0,49810.0,25979.0,10.6,0,-1,-1,0,0,4,3,-1,-1,0,-1,0,-1
B02389,60,97564.0,258283.0,38969.0,3.6,2,-1,-1,-1,-1,-1,-1,0,0,-1,-1,0,-1
B02390,50,36934.0,114142.0,47546.0,2.9,3,-1,-1,-1,0,-1,3,3,-1,4,2,2,0
B02391,60,62829.0,163342.0,318.0,7.1,2,0,0,-1,0,0,0,0,0,0,0,0,-1
B02392,21,46549.0,172512.0,38130.0,13.0,1,3,1,4,-1,-1,0,0,0,-1,-1,1,-1
B02393,50,47010.0,179131.0,140880.0,14.3,4,-1,-1,1,0,4,-1,2,2,-1,-1,-1,3
B02394,45,50335.0,150101.0,47636.0,7.1,3,-1,-1,0,-1,-1,-1,0,0,0,0,0,-1
B02395,66,64467.0,339439.0,208283.0,3.4,5,0,0,1,-1,2,2,4,0,-1,2,-1,0
B02396,35,25895.0,66635.0,30575.0,10.4,0,0,-1,-1,0,0,-1,0,-1,0,4,4,-1
B02397,28,33688.0,119815.0,58026.0,0.6,3,3,2,2,1,4,3,1,4,2,2,4,1
B02398,28,23693.0,60172.0,13323.0,15.4,3,0,0,0,0,-1,-1,0,0,0,-1,-1,-1
B02399,23,28805.0,47888.0,19522.0,2.6,2,4,3,0,-1,3,3,4,1,3,2,-1,-1
B02400,24,70413.0,345175.0,138972.0,7.6,3,0,0,0,-1,-1,0,0,-1,4,3,-1,0
B02401,43,84145.0,242303.0,98408.0,3.0,4,-1,0,-1,0,-1,0,-1,0,0,-1,0,-1
B02402,56,25429.0,96047.0,64153.0,5.2,3,-1,-1,-1,0,-1,-1,-1,0,-1,0,0,0
B02403,61,28920.0,87918.0,41192.0,14.2,1,-1,0,2,0,-1,-1,1,4,0,0,3,2
B02404,26,52475.0,261654.0,35957.0,4.4,3,-1,0,-1,-1,0,0,-1,0,0,-1,-1,0
B02405,35,42975.0,150193.0,29897.0,2.0,2,3,0,1,4,0,-1,0,-1,0,-1,-1,-1
B02406,23,28710.0,64993.0,48333.0,1.8,3,4,2,4,3,2,4,1,4,2,2,1,3
B02407,52,59339.0,265311.0,29960.0,18.6,0,-1,-1,-1,-1,-1,-1,-1,0,1,0,-1,0
B02408,46,36903.0,75904.0,11243.0,6.4,2,-1,0,-1,2,-1,-1,-1,0,0,0,0,0
B02409,38,62894.0,259795.0,173508.0,0.2,1,-1,-1,0,-1,0,-1,-1,-1,0,-1,0,0
B02410,46,40969.0,119433.0,21212.0,7.7,3,0,-1,4,4,2,2,4,3,1,2,0,0
B02411,33,22209.0,89321.0,67050.0,3.0,6,-1,0,1,0,-1,0,-1,2,-1,0,2,0
B02412,67,34707.0,100978.0,36830.0,8.8,1,-1,-1,0,0,0,0,0,0,0,-1,0,0
B02413,40,30098.0,173951.0,61841.0,11.4,3,2,-1,2,1,3,4,-1,2,0,-1,-1,-1
B02414,48,40995.0,108603.0,79623.0,9.5,1,1,4,1,3,1,-1,4,3,1,3,3,2
B02415,67,33506.0,152625.0,85632.0,8.3,3,-1,-1,0,-1,0,-1,-1,0,0,0,0,0
B02416,40,48477.0,166162.0,30100.0,8.4,1,-1,0,-1,-1,-1,0,2,-1,0,4,4,2
B02417,29,33054.0,171185.0,18369.0,1.5,0,-1,2,0,0,2,-1,2,2,2,3,4,0
B02418,43,49303.0,199145.0,99335.0,5.1,3,0,3,2,-1,-1,4,4,0,-1,-1,-1,-1
B02419,24,36744.0,142292.0,86894.0,2.4,3,0,-1,-1,2,3,4,0,-1,0,-1,-1,2
B02420,63,18244.0,91107.0,14378.0,2.3,1,-1,0,-1,-1,0,0,1,-1,4,2,1,2
B02421,58,43132.0,181148.0,24144.0,4.0,1,1,3,1,3,3,2,2,0,1,2,1,1
B02422,50,56883.0,334847.0,63247.0,3.4,2,-1,-1,-1,-1,-1,-1,3,3,4,1,4,4
B02423,68,52683.0,82736.0,57923.0,18.2,1,3,0,0,-1,0,1,3,2,0,-1,-1,-1
B02424,32,57121.0,276415.0,202249.0,15.5,3,0,2,4,1,-1,3,0,-1,-1,-1,0,-1
B02425,58,51237.0,79737.0,70696.0,6.9,3,3,3,0,0,3,-1,-1,-1,0,-1,0,-1
B02426,42,59187.0,182284.0,123452.0,5.6,2,-1,0,-1,4,0,-1,-1,0,-1,0,0,0
B02427,66,23435.0,49447.0,28655.0,10.3,0,3,4,3,3,0,-1,4,1,3,2,0,0
B02428,65,64747.0,167583.0,126862.0,3.1,3,2,2,1,3,2,1,1,0,-1,1,4,3
B02429,58,29007.0,80517.0,21958.0,6.1,1,-1,-1,-1,-1,0,0,-1,-1,-1,-1,0,0
B02430,50,60701.0,164628.0,20370.0,2.6,3,-1,-1,0,0,0,-1,0,0,0,0,0,0
B02431,33,48543.0,115715.0,42483.0,8.1,1,1,0,-1,0,1,-1,2,0,0,-1,2,1
B02432,28,41226.0,92618.0,25404.0,3.9,0,-1,-1,0,-1,3,-1,0,-1,0,-1,-1,-1
B02433,25,32495.0,106800.0,56604.0,3.3,2,1,3,1,4,1,1,-1,3,2,-1,-1,4
B02434,48,90270.0,342763.0,177451.0,10.0,2,0,0,0,-1,0,0,0,0,0,0,0,-1
B02435,44,50050.0,83851.0,26468.0,11.3,1,2,-1,4,1,2,1,3,1,2,0,3,1
B02436,25,44198.0,84312.0,48570.0,3.0,0,4,2,-1,0,-1,-1,0,2,2,4,2,-1
B02437,27,50759.0,114149.0,67355.0,12.6,1,-1,2,3,2,2,1,0,4,0,4,1,-1
B02438,63,51591.0,289755.0,108131.0,16.6,2,0,0,-1,0,0,0,0,3,-1,-1,-1,-1
B02439,43,34989.0,72291.0,25105.0,1.4,2,-1,0,-1,-1,-1,0,-1,-1,2,-1,-1,0
B02440,35,50349.0,274784.0,96354.0,4.9,0,4,1,4,4,1,2,4,4,4,4,4,1
B02441,29,37956.0,179465.0,114382.0,4.9,4,-1,0,0,4,2,4,2,1,1,1,0,3
B02442,25,118882.0,438342.0,226838.0,5.0,1,-1,-1,3,2,3,0,0,2,3,1,4,-1
B02443,56,42215.0,83799.0,12747.0,7.9,2,2,2,4,3,4,3,1,1,4,4,1,4
B02444,44,23191.0,127912.0,39319.0,2.8,3,-1,-1,-1,0,-1,0,0,0,0,0,0,0
B02445,60,29511.0,139475.0,36585.0,1.5,1,-1,0,-1,-1,-1,0,1,1,0,-1,0,1
B02446,22,17745.0,77114.0,56494.0,10.6,2,-1,-1,-1,4,2,2,2,-1,-1,2,-1,-1
B02447,23,83967.0,205443.0,169378.0,7.4,4,-1,-1,-1,-1,0,-1,-1,1,0,0,4,0
B02448,36,21267.0,35848.0,15983.0,10.3,1,-1,0,0,1,1,-1,0,0,0,-1,1,-1
B02449,42,74795.0,263907.0,41509.0,2.6,2,1,1,0,1,0,0,4,0,-1,0,0,-1
B02450,24,51816.0,93822.0,40603.0,2.2,2,-1,0,-1,0,-1,0,0,-1,-1,-1,0,-1
B02451,63,46431.0,224793.0,49578.0,1.0,1,-1,0,0,-1,0,0,0,-1,0,0,-1,-1
B02452,32,52490.0,196736.0,80806.0,5.1,3,0,-1,-1,-1,-1,0,0,-1,-1,1,-1,2
B02453,41,27426.0,157025.0,34829.0,3.0,2,-1,3,-1,-1,0,0,0,-1,0,-1,-1,0
B02454,65,21895.0,128124.0,52911.0,4.6,1,-1,-1,-1,3,0,-1,-1,-1,-1,-1,0,0
B02455,53,45952.0,81911.0,35312.0,2.3,2,0,-1,-1,-1,0,0,-1,0,-1,1,2,0
B02456,51,72927.0,309343.0,119769.0,1.1,3,3,2,0,0,2,2,0,2,2,2,3,-1
B02457,22,39303.0,183776.0,98153.0,2.5,2,2,2,0,2,3,1,-1,-1,2,3,2,1
B02458,41,27147.0,119198.0,49346.0,9.5,3,0,-1,0,0,0,0,-1,0,-1,-1,-1,-1
B02459,32,70474.0,109392.0,16735.0,4.9,1,1,-1,0,1,-1,-1,0,0,0,0,-1,-1
B02460,35,60390.0,185075.0,93588.0,3.7,2,0,-1,4,0,1,0,2,1,-1,0,4,-1
B02461,27,19852.0,85835.0,35913.0,6.3,0,0,0,3,-1,0,0,1,1,1,2,4,-1
B02462,57,44347.0,238712.0,64758.0,5.7,0,0,-1,4,-1,2,3,1,4,-1,-1,0,3
B02463,27,33723.0,126737.0,49177.0,3.3,1,4,2,1,2,4,2,-1,2,3,3,4,1
B02464,56,82189.0,470750.0,210464.0,5.8,3,3,3,2,3,2,3,2,1,3,1,1,1
B02465,61,50632.0,263496.0,48552.0,7.5,3,0,3,-1,0,-1,0,-1,-1,0,0,-1,-1
B02466,55,38039.0,200415.0,128596.0,4.0,3,0,3,-1,2,-1,-1,3,-1,2,0,4,2
B02467,33,50559.0,269613.0,212178.0,4.2,5,0,0,0,0,0,-1,-1,0,-1,-1,0,-1
B02468,36,37614.0,147837.0,71620.0,5.2,2,-1,3,1,1,2,0,-1,-1,-1,0,2,0
B02469,55,53424.0,103273.0,52697.0,4.1,2,0,-1,0,0,0,0,0,0,0,0,0,-1
B02470,53,97745.0,496435.0,151817.0,11.2,3,0,0,-1,-1,0,0,1,1,1,0,0,1
B02471,41,40415.0,199978.0,85184.0,7.8,1,-1,-1,3,1,4,0,0,-1,2,-1,0,0
B02472,48,46079.0,102307.0,47084.0,1.3,3,0,-1,0,0,1,0,-1,-1,0,4,0,-1
B02473,56,38870.0,211201.0,21927.0,1.8,1,-1,-1,-1,-1,0,-1,-1,0,0,0,-1,-1
B02474,31,65434.0,355961.0,215412.0,3.4,2,2,-1,4,1,3,0,-1,1,3,1,-1,2
B02475,29,71673.0,193768.0,127179.0,9.0,3,0,-1,-1,1,2,0,0,-1,3,2,2,2
B02476,47,54246.0,264793.0,35281.0,3.7,5,-1,0,-1,0,3,-1,-1,0,0,0,-1,0
B02477,36,45767.0,202474.0,93541.0,2.2,2,4,-1,0,4,0,0,-1,0,-1,-1,0,-1
B02478,69,45643.0,178333.0,50305.0,7.6,0,4,3,1,4,2,1,-1,2,2,4,4,1
B02479,26,15065.0,41393.0,33097.0,1.8,2,4,4,2,3,2,4,2,2,3,2,3,3
B02480,41,53661.0,312968.0,38126.0,1.5,4,-1,-1,-1,0,-1,4,-1,-1,-1,0,-1,0
B02481,45,90311.0,488520.0,280200.0,6.6,2,-1,-1,0,2,0,-1,-1,0,-1,0,-1,0
B02482,53,43546.0,73584.0,28888.0,10.7,0,-1,0,-1,-1,-1,0,-1,1,0,0,-1,-1
B02483,36,67722.0,149002.0,49041.0,6.8,2,-1,-1,-1,-1,3,0,0,-1,-1,-1,-1,-1
B02484,63,46658.0,151873.0,42261.0,6.8,0,-1,1,0,0,0,0,0,-1,0,0,0,-1
B02485,30,19127.0,70828.0,15075.0,1.9,3,-1,0,1,4,4,-1,-1,-1,-1,-1,1,0
B02486,54,29379.0,148631.0,61701.0,5.1,2,0,-1,0,1,-1,0,-1,0,3,4,-1,1
B02487,23,59399.0,102199.0,21778.0,11.7,4,-1,-1,0,0,0,-1,-1,-1,-1,1,0,-1
B02488,40,41222.0,247207.0,53951.0,3.5,2,0,2,4,3,-1,-1,-1,1,-1,1,3,2
B02489,32,66285.0,366694.0,159634.0,5.7,2,2,0,0,-1,4,1,-1,-1,-1,0,3,4
B02490,53,55314.0,286970.0,114252.0,1.6,4,0,-1,-1,1,4,-1,0,0,4,4,1,4
B02491,68,82317.0,284902.0,160755.0,9.4,5,0,0,0,-1,3,-1,-1,0,2,-1,4,3
B02492,40,88556.0,359559.0,166547.0,2.0,2,0,-1,0,-1,-1,-1,-1,0,-1,0,0,0
B02493,39,83118.0,315028.0,47381.0,6.2,0,0,-1,-1,-1,0,-1,0,-1,2,0,-1,-1
B02494,44,20264.0,98969.0,72254.0,7.1,1,-1,0,-1,-1,-1,3,1,4,2,3,-1,-1
B02495,54,51687.0,109284.0,73016.0,6.6,2,0,0,4,3,4,1,4,2,2,0,2,1
B02496,63,45742.0,92535.0,40554.0,7.8,1,-1,-1,3,-1,0,-1,-1,0,0,0,-1,-1
B02497,39,30146.0,89151.0,24176.0,0.8,4,0,-1,-1,0,0,0,0,0,0,0,0,0
B02498,41,41761.0,209817.0,130236.0,3.3,2,-1,-1,-1,2,0,0,0,-1,0,-1,0,-1
B02499,37,20695.0,42674.0,22696.0,8.1,5,-1,0,0,0,0,-1,-1,0,1,0,0,-1
B02500,68,32691.0,107968.0,15676.0,12.6,2,0,2,1,-1,0,0,4,1,0,0,1,1
B02501,62,42980.0,243501.0,166200.0,5.0,1,0,3,2,2,3,0,0,3,2,1,4,3
B02502,22,74324.0,157646.0,55908.0,8.9,4,0,-1,0,-1,0,-1,-1,0,-1,-1,-1,-1
B02503,36,33386.0,57235.0,23198.0,13.5,3,-1,2,0,2,1,0,4,1,0,4,1,2
B02504,43,62003.0,175085.0,39292.0,11.6,1,0,-1,0,0,2,0,0,1,0,0,0,0
B02505,65,41571.0,158169.0,57595.0,7.0,1,-1,-1,4,0,-1,0,0,2,-1,0,4,-1
B02506,36,15047.0,60338.0,43591.0,4.3,4,1,1,1,4,4,2,2,4,2,4,3,4
B02507,28,38354.0,197999.0,82187.0,4.3,2,0,3,-1,-1,4,0,1,-1,-1,0,-1,-1
B02508,26,39148.0,233626.0,22975.0,7.3,2,4,-1,0,-1,-1,-1,-1,-1,3,0,0,0
B02509,67,81774.0,437834.0,217594.0,9.6,1,-1,2,3,0,0,-1,0,0,0,0,-1,0
B02510,56,21178.0,40169.0,10581.0,2.1,2,2,-1,3,3,4,4,3,3,3,2,3,4
B02511,51,44592.0,231962.0,93276.0,8.9,3,-1,0,3,4,0,1,3,-1,4,1,2,-1
B02512,60,20389.0,92524.0,29144.0,10.7,3,0,-1,-1,1,0,0,-1,3,1,-1,0,0
B02513,27,35441.0,100393.0,31333.0,4.5,4,0,3,1,-1,2,0,-1,0,1,-1,-1,-1
B02514,49,28356.0,116704.0,34727.0,1.4,2,3,1,1,4,1,1,-1,0,2,4,2,2
B02515,57,26727.0,83707.0,51188.0,7.2,5,0,4,-1,4,2,3,2,2,2,0,-1,0
B02516,65,42483.0,248206.0,161907.0,4.2,2,1,1,4,3,3,3,3,2,3,3,4,3
B02517,21,79364.0,388457.0,134327.0,19.0,1,3,-1,0,-1,0,0,0,4,4,1,0,-1
B02518,46,24582.0,114941.0,30109.0,1.7,4,4,3,2,4,4,2,3,2,0,2,4,2
B02519,22,21370.0,60399.0,23813.0,2.5,1,0,4,0,0,0,-1,3,3,-1,1,0,-1
B02520,61,48849.0,151479.0,11733.0,3.6,0,0,3,-1,0,-1,0,-1,-1,-1,2,0,-1
B02521,56,70100.0,308029.0,207313.0,3.0,1,-1,0,-1,-1,0,0,-1,-1,-1,-1,-1,-1
B02522,34,66363.0,300320.0,47403.0,1.6,1,1,2,4,4,1,2,2,3,4,1,3,3
B02523,36,29189.0,96685.0,28964.0,0.4,2,0,0,0,0,0,0,0,-1,0,0,-1,-1
B02524,45,34918.0,79575.0,30666.0,6.4,2,0,0,-1,-1,-1,1,0,0,0,-1,-1,0
B02525,42,22266.0,90970.0,5977.0,6.9,2,-1,-1,0,0,0,-1,-1,-1,-1,0,4,1
B02526,34,63251.0,371835.0,207786.0,8.4,2,-1,-1,-1,0,0,0,1,0,-1,0,-1,-1
B02527,55,53352.0,257465.0,48205.0,2.9,1,3,0,-1,0,-1,-1,0,-1,-1,0,-1,0
B02528,44,46156.0,150036.0,99301.0,3.0,2,2,4,2,3,-1,-1,0,2,3,4,3,4
B02529,29,51678.0,271760.0,137409.0,0.7,1,-1,4,0,-1,0,-1,2,0,0,0,4,0
B02530,57,21184.0,77107.0,21180.0,0.4,5,0,0,-1,4,0,0,0,-1,-1,3,4,-1
B02531,58,62338.0,358630.0,123875.0,2.6,4,-1,0,0,-1,-1,-1,0,-1,-1,0,-1,-1
B02532,29,48562.0,151140.0,63364.0,2.3,1,-1,0,0,0,1,3,0,4,4,4,-1,4
B02533,54,31838.0,108412.0,41588.0,1.0,0,0,0,4,0,3,-1,0,-1,-1,-1,3,-1
B02534,22,36171.0,74133.0,15915.0,25.6,2,0,-1,0,-1,-1,-1,0,0,1,-1,0,0
B02535,57,35406.0,176661.0,58921.0,7.9,2,3,2,4,4,-1,2,3,4,2,2,3,4
B02536,67,20000.0,76295.0,42730.0,6.1,1,0,0,0,-1,0,0,1,0,-1,0,0,-1
B02537,43,76197.0,174787.0,65324.0,4.0,3,0,-1,0,3,1,-1,-1,-1,-1,0,-1,3
B02538,59,49997.0,186122.0,58445.0,10.0,0,4,1,0,2,0,4,1,-1,-1,2,1,2
B02539,35,98560.0,457432.0,311568.0,4.8,2,-1,0,0,0,-1,0,0,1,4,1,-1,1
B02540,35,15162.0,24855.0,4660.0,4.3,4,0,-1,4,-1,0,-1,0,0,0,-1,3,2
B02541,69,61507.0,114566.0,29749.0,4.8,2,0,3,4,3,1,0,2,3,2,4,2,2
B02542,38,30421.0,148591.0,48298.0,11.3,1,0,2,2,0,4,3,2,3,3,2,-1,2
B02543,23,61019.0,230774.0,117568.0,2.4,2,2,2,-1,2,-1,-1,0,0,-1,3,4,3
B02544,32,19159.0,97311.0,59675.0,10.3,3,3,4,0,2,-1,3,3,1,0,-1,0,0
B02545,28,94197.0,391029.0,130227.0,7.2,1,-1,-1,0,-1,2,0,-1,-1,-1,0,0,-1
B02546,57,45272.0,216178.0,173820.0,5.9,2,2,1,3,4,3,3,0,-1,1,4,2,1
B02547,35,29113.0,94136.0,77917.0,5.3,0,-1,0,-1,-1,0,1,0,2,-1,-1,0,-1
B02548,63,20692.0,46313.0,15548.0,11.4,3,-1,-1,1,-1,-1,-1,-1,-1,4,-1,0,0
B02549,53,42543.0,65807.0,34582.0,2.7,3,-1,-1,0,-1,1,4,1,-1,0,-1,-1,0
B02550,27,55998.0,179271.0,10117.0,3.1,0,-1,4,-1,0,-1,0,-1,-1,-1,-1,0,0
B02551,38,36377.0,128824.0,16911.0,3.4,0,-1,-1,0,2,3,-1,4,3,1,0,0,-1
B02552,30,49688.0,259746.0,195184.0,0.6,2,2,4,4,2,3,4,2,0,0,-1,4,1
B02553,55,57613.0,343489.0,84469.0,6.3,1,-1,-1,0,1,-1,3,1,1,2,4,2,0
B02554,26,82482.0,143966.0,53619.0,3.8,3,0,0,0,0,-1,-1,-1,0,1,0,-1,0
B02555,49,169596.0,922080.0,411682.0,9.6,2,0,-1,-1,0,0,0,0,0,-1,-1,0,-1
B02556,47,36463.0,172362.0,63624.0,13.0,2,0,4,4,4,2,0,0,2,0,1,0,-1
B02557,44,20608.0,63688.0,13628.0,11.8,1,0,-1,-1,-1,0,-1,-1,-1,-1,0,-1,-1
B02558,49,32704.0,195021.0,53376.0,13.4,1,-1,-1,-1,0,0,-1,0,0,-1,-1,0,-1
B02559,66,55252.0,85118.0,19137.0,5.4,2,3,4,2,3,2,2,4,2,2,2,4,-1
B02560,29,32113.0,95515.0,28100.0,2.2,1,2,-1,3,2,-1,-1,0,-1,0,-1,0,0
B02561,25,82693.0,460377.0,153297.0,1.3,1,0,1,1,3,4,2,4,0,2,2,1,3
B02562,51,48834.0,112028.0,17244.0,10.6,3,0,0,0,2,2,-1,3,-1,-1,0,-1,0
B02563,39,25729.0,115410.0,1563.0,5.6,2,-1,-1,0,0,0,0,-1,0,-1,0,0,-1
B02564,36,41436.0,129682.0,82707.0,5.4,0,0,-1,0,-1,0,3,2,0,0,3,0,-1
B02565,64,106455.0,250376.0,79482.0,12.2,0,0,-1,0,0,0,0,-1,0,-1,0,-1,-1
B02566,42,17899.0,61893.0,27682.0,7.8,3,3,4,2,2,3,3,4,3,3,4,0,-1
B02567,52,94172.0,275092.0,92547.0,3.3,5,0,0,-1,0,-1,0,-1,0,-1,-1,0,-1
B02568,51,58456.0,313500.0,147691.0,1.4,3,1,0,1,-1,0,2,1,3,1,0,0,3
B02569,51,45392.0,243392.0,95958.0,0.7,5,1,2,1,1,4,2,3,2,2,2,2,2
B02570,31,13921.0,61928.0,14570.0,13.2,4,4,2,0,1,1,1,-1,4,2,1,-1,-1
B02571,63,58467.0,280394.0,136001.0,3.7,2,-1,3,0,-1,0,-1,0,0,0,4,3,1
B02572,40,62686.0,269678.0,84020.0,9.1,2,0,0,0,-1,-1,0,0,0,-1,-1,-1,-1
B02573,39,34670.0,92031.0,86871.0,7.6,4,3,2,2,3,0,2,1,2,0,0,-1,-1
B02574,68,25344.0,111409.0,52220.0,3.7,1,4,2,3,2,1,-1,1,2,4,1,4,3
B02575,57,71131.0,117703.0,70616.0,4.9,1,1,-1,1,3,-1,0,4,2,1,0,-1,0
B02576,24,85126.0,377745.0,215296.0,2.6,2,-1,0,0,-1,-1,-1,-1,-1,0,0,-1,0
B02577,62,48521.0,137375.0,42989.0,7.5,4,4,3,4,-1,1,2,1,4,0,0,0,0
B02578,24,32018.0,126364.0,63331.0,4.9,2,-1,0,0,-1,-1,0,0,0,-1,0,0,0
B02579,63,23388.0,42181.0,28094.0,4.4,5,0,0,0,-1,-1,-1,0,-1,0,0,-1,0
B02580,55,44396.0,233109.0,37654.0,3.4,2,0,-1,-1,1,-1,3,-1,0,0,0,-1,0
B02581,46,58026.0,181082.0,35079.0,2.4,2,0,-1,-1,-1,0,-1,0,0,2,-1,-1,0
B02582,32,46030.0,119578.0,78230.0,1.1,1,-1,-1,0,-1,0,0,0,-1,-1,-1,-1,-1
B02583,36,16118.0,79824.0,26571.0,3.0,2,2,0,1,0,2,3,0,3,3,3,4,4
B02584,64,14875.0,81518.0,28567.0,2.9,3,0,3,1,2,2,1,1,2,1,-1,0,2
B02585,52,47131.0,93783.0,79121.0,4.4,1,1,1,-1,-1,0,0,2,0,0,4,2,0
B02586,40,34128.0,77642.0,37688.0,3.9,1,0,-1,-1,1,0,0,4,4,3,0,-1,-1
B02587,40,33039.0,60589.0,12605.0,13.5,2,-1,4,-1,-1,0,-1,-1,0,-1,2,0,0
B02588,29,16992.0,66600.0,29419.0,5.1,4,-1,-1,0,2,2,-1,-1,0,-1,0,0,-1
B02589,55,36945.0,148625.0,9445.0,0.7,2,4,1,4,3,4,1,3,1,3,-1,0,4
B02590,24,30180.0,55180.0,31222.0,13.6,2,-1,0,0,-1,0,0,-1,-1,0,-1,-1,0
B02591,55,47679.0,197851.0,53975.0,4.1,3,2,3,3,4,3,1,1,4,1,2,4,2
B02592,24,80489.0,132056.0,100301.0,0.9,0,-1,-1,-1,-1,4,-1,1,0,-1,-1,-1,0
B02593,23,25823.0,40349.0,16914.0,10.8,1,-1,0,0,0,-1,-1,2,-1,-1,-1,0,0
B02594,61,51232.0,110398.0,54728.0,7.7,2,-1,-1,1,-1,-1,-1,0,-1,-1,0,-1,0
B02595,35,97937.0,491870.0,174989.0,7.8,3,0,-1,3,0,-1,-1,0,0,-1,-1,0,0
B02596,21,34958.0,111763.0,60488.0,4.1,3,4,1,-1,-1,-1,0,1,0,0,-1,0,-1
B02597,27,97966.0,179138.0,102675.0,27.4,3,-1,-1,0,-1,0,-1,0,0,-1,-1,-1,-1
B02598,24,37708.0,147183.0,16733.0,5.2,4,-1,4,3,2,1,4,1,2,-1,-1,4,0
B02599,68,50127.0,252157.0,132530.0,10.2,4,-1,-1,-1,0,0,-1,0,-1,-1,-1,-1,-1
B02600,56,76431.0,263475.0,104985.0,5.3,1,0,-1,-1,0,-1,-1,0,-1,-1,0,0,0
B02601,45,34375.0,100543.0,34313.0,4.7,3,-1,0,-1,0,0,0,3,3,2,0,0,-1
B02602,24,38071.0,134872.0,43295.0,9.5,0,4,4,1,2,1,0,-1,1,1,-1,4,4
B02603,44,30018.0,141169.0,51042.0,3.8,4,0,4,2,2,1,-1,2,4,4,4,3,1
B02604,27,45625.0,129629.0,84188.0,3.9,1,0,4,-1,4,3,3,-1,3,1,3,4,1
B02605,35,19745.0,52412.0,23110.0,9.2,2,-1,4,-1,-1,-1,0,-1,-1,-1,2,0,-1
B02606,49,45173.0,69124.0,27377.0,16.9,3,0,-1,0,-1,-1,-1,-1,0,-1,1,0,-1
B02607,42,68575.0,185011.0,70664.0,3.3,4,0,-1,0,0,0,0,0,0,0,0,0,0
B02608,66,29384.0,141122.0,67770.0,13.8,1,-1,-1,0,0,0,-1,-1,-1,-1,0,0,0
B02609,61,15152.0,78922.0,9548.0,5.2,2,-1,-1,-1,0,0,-1,0,-1,0,0,-1,2
B02610,43,65775.0,304166.0,100782.0,3.5,0,2,2,0,-1,0,0,-1,3,3,-1,-1,-1
B02611,67,16193.0,31985.0,11597.0,5.6,3,0,0,4,-1,-1,0,2,-1,0,0,4,0
B02612,62,52470.0,270960.0,106073.0,4.2,1,0,-1,4,0,0,-1,4,-1,-1,4,3,-1
B02613,41,25151.0,132995.0,5031.0,2.8,0,3,4,2,3,2,4,4,2,-1,1,0,2
B02614,23,58234.0,332683.0,200763.0,3.6,4,0,0,0,0,-1,-1,0,0,0,4,0,0
B02615,52,31174.0,131089.0,44364.0,4.8,1,0,1,-1,0,4,3,2,2,-1,2,1,-1
B02616,50,104214.0,529793.0,52089.0,5.8,2,1,0,-1,0,0,4,0,3,2,0,2,-1
B02617,27,34370.0,65095.0,30051.0,7.7,3,1,2,2,3,1,1,4,4,4,3,4,4
B02618,32,119589.0,439110.0,336306.0,2.9,3,-1,3,1,2,3,2,2,2,4,2,2,3
B02619,22,55325.0,212152.0,126987.0,7.5,1,2,4,0,0,0,0,0,0,2,0,2,4
B02620,30,31374.0,73557.0,24763.0,4.6,3,0,3,1,3,3,4,3,3,2,2,4,4
B02621,26,50056.0,243528.0,170312.0,8.3,1,0,-1,0,2,4,3,3,0,2,-1,0,2
B02622,51,16477.0,28828.0,13823.0,19.7,0,2,0,-1,-1,-1,0,-1,4,0,2,3,1
B02623,67,62306.0,353745.0,61134.0,1.8,0,0,0,-1,-1,0,0,-1,-1,1,0,4,0
B02624,65,35540.0,69770.0,19940.0,3.5,3,0,4,4,2,2,3,3,1,-1,2,1,-1
B02625,27,22304.0,54712.0,17135.0,7.3,2,0,-1,2,0,-1,1,1,4,-1,-1,-1,3
B02626,55,30409.0,100988.0,56009.0,5.2,2,-1,0,-1,-1,4,-1,-1,-1,2,-1,0,0
B02627,48,59312.0,241350.0,108037.0,3.8,2,2,-1,-1,-1,-1,-1,-1,-1,-1,-1,0,-1
B02628,26,49928.0,164150.0,100060.0,0.6,0,3,0,0,4,0,0,-1,-1,-1,0,0,0
B02629,53,39434.0,97060.0,10140.0,7.1,1,-1,-1,-1,0,1,2,3,-1,0,-1,-1,-1
B02630,65,21961.0,130062.0,86378.0,4.7,1,-1,-1,-1,-1,-1,-1,3,0,2,1,0,4
B02631,50,52228.0,311791.0,155829.0,5.0,0,0,-1,0,3,-1,0,0,2,1,-1,4,2
B02632,69,87262.0,459375.0,207894.0,11.1,1,0,-1,4,2,1,0,0,-1,-1,-1,-1,0
B02633,60,45379.0,108944.0,43590.0,0.9,1,0,0,0,-1,0,0,-1,0,-1,0,1,-1
B02634,40,55095.0,278755.0,38013.0,3.0,4,3,2,2,-1,-1,-1,4,4,1,1,1,3
B02635,51,45178.0,142528.0,50690.0,3.3,3,-1,-1,0,0,0,-1,-1,0,0,-1,4,-1
B02636,23,15172.0,57051.0,25574.0,3.8,3,-1,-1,4,-1,3,3,-1,1,3,3,2,3
B02637,35,100457.0,371997.0,58993.0,3.4,1,-1,4,3,2,1,3,1,3,2,4,4,4
B02638,44,22492.0,118632.0,83953.0,0.9,1,-1,3,4,1,0,-1,0,-1,0,1,-1,2
B02639,24,35090.0,131883.0,60583.0,9.4,0,0,-1,-1,4,3,4,-1,3,1,4,1,0
B02640,58,44535.0,243774.0,56848.0,17.1,2,3,0,-1,-1,-1,0,3,-1,4,0,0,0
B02641,47,64095.0,330588.0,42180.0,0.5,1,-1,-1,2,-1,-1,0,-1,0,0,3,2,3
B02642,28,60876.0,300027.0,137102.0,14.3,0,-1,-1,0,0,0,-1,-1,-1,0,-1,-1,0
B02643,27,56937.0,257236.0,94575.0,4.3,1,-1,-1,-1,0,0,0,-1,0,-1,-1,0,0
B02644,51,56465.0,227986.0,38753.0,9.7,2,-1,3,0,1,2,4,2,0,2,2,1,3
B02645,59,28978.0,130724.0,66936.0,10.9,1,4,2,2,1,3,-1,2,3,4,2,2,0
B02646,46,45951.0,143759.0,100379.0,1.1,1,-1,0,0,-1,-1,0,0,-1,0,0,-1,3
B02647,38,140475.0,277563.0,32279.0,12.9,1,1,4,1,0,1,-1,-1,0,-1,0,2,0
B02648,34,41821.0,170533.0,22935.0,8.4,3,-1,2,3,3,0,1,0,0,-1,2,1,1
B02649,41,48993.0,162661.0,55413.0,13.0,4,0,3,1,0,2,0,-1,-1,0,-1,0,-1
B02650,49,101724.0,173332.0,94009.0,1.7,3,0,-1,-1,-1,1,-1,0,-1,0,0,-1,0
B02651,55,57582.0,326388.0,107671.0,4.6,4,-1,4,0,0,0,3,0,0,-1,-1,0,-1
B02652,49,20713.0,103934.0,14556.0,1.3,3,0,0,2,-1,-1,3,2,1,3,4,2,1
B02653,51,40320.0,233039.0,48598.0,6.9,4,4,-1,3,4,3,0,1,4,4,2,2,3
B02654,52,56117.0,145597.0,66074.0,4.5,2,0,0,-1,-1,-1,0,4,0,-1,-1,-1,-1
B02655,39,50035.0,85161.0,64724.0,6.7,1,-1,0,0,-1,-1,0,-1,0,4,-1,-1,0
B02656,24,46866.0,280723.0,101971.0,2.3,4,-1,-1,0,-1,0,-1,0,0,4,0,0,-1
B02657,42,36880.0,116351.0,38836.0,4.9,1,-1,-1,0,-1,0,-1,0,0,-1,4,-1,0
B02658,42,11446.0,62752.0,23478.0,7.0,0,1,-1,1,-1,2,2,0,4,1,1,0,-1
B02659,56,16378.0,80873.0,22200.0,3.9,1,-1,1,4,0,3,2,4,3,2,2,1,4
B02660,52,30406.0,140789.0,31383.0,1.6,2,1,1,-1,3,0,-1,-1,3,3,3,3,2
B02661,29,76478.0,421509.0,88583.0,0.7,3,2,1,1,2,4,1,3,2,4,1,4,3
B02662,22,30678.0,154254.0,103752.0,11.3,2,0,1,1,0,1,4,3,0,-1,3,3,0
B02663,31,47256.0,122876.0,37713.0,6.8,4,0,2,-1,-1,0,0,2,0,3,4,1,-1
B02664,49,24671.0,79375.0,51097.0,10.4,2,4,1,2,1,1,2,2,3,4,1,3,1
B02665,32,64492.0,317615.0,116789.0,6.6,3,4,2,3,4,3,1,2,4,4,4,-1,0
B02666,51,44695.0,116654.0,80327.0,1.4,4,2,1,3,3,2,0,4,2,2,1,1,-1
B02667,49,130909.0,728577.0,250829.0,5.8,3,-1,-1,-1,0,2,4,-1,0,0,-1,-1,0
B02668,27,109508.0,649529.0,415210.0,2.5,3,-1,-1,2,0,2,-1,3,1,0,4,1,0
B02669,33,42423.0,81560.0,54296.0,3.0,1,4,4,4,4,4,3,3,4,2,2,2,4
B02670,23,40951.0,113928.0,48611.0,4.1,2,-1,-1,2,2,-1,-1,2,1,0,0,-1,0
B02671,31,53379.0,163891.0,27804.0,14.3,2,-1,-1,-1,0,2,2,1,0,2,-1,-1,-1
B02672,50,60861.0,97962.0,41427.0,6.2,2,0,-1,2,3,4,2,2,3,2,2,2,4
B02673,29,24318.0,84031.0,42403.0,12.3,1,-1,0,-1,-1,0,0,-1,3,4,-1,-1,1
B02674,55,38217.0,203225.0,130270.0,13.6,4,-1,0,-1,-1,2,0,-1,0,-1,4,4,2
B02675,65,39113.0,72798.0,40446.0,1.0,1,1,2,4,4,1,3,3,4,1,1,1,2
B02676,38,45915.0,158828.0,44229.0,6.5,2,-1,-1,-1,-1,0,3,-1,-1,-1,0,0,-1
B02677,25,30439.0,80768.0,25381.0,10.3,2,3,4,3,1,4,3,4,1,2,1,3,4
B02678,44,86007.0,231363.0,109968.0,6.0,1,0,0,-1,-1,0,0,4,0,-1,0,0,0
B02679,58,71662.0,308234.0,133862.0,4.3,1,0,-1,-1,-1,0,-1,0,-1,-1,-1,-1,0
B02680,48,59648.0,295522.0,170703.0,4.0,2,0,3,0,-1,-1,-1,3,0,3,1,-1,-1
B02681,42,104481.0,236272.0,20461.0,0.5,2,-1,-1,-1,-1,0,0,-1,0,0,0,0,3
B02682,40,15123.0,36117.0,1671.0,4.2,2,0,0,-1,1,-1,-1,0,0,0,1,0,0
B02683,66,30253.0,68247.0,30509.0,0.7,4,0,0,-1,0,-1,0,-1,0,0,0,0,4
B02684,37,42209.0,67250.0,55767.0,0.7,3,0,0,0,0,-1,0,0,-1,-1,-1,-1,0
B02685,67,46041.0,79094.0,63092.0,5.6,1,0,0,-1,0,0,0,0,0,-1,0,-1,-1
B02686,52,76491.0,445740.0,129284.0,10.6,4,0,-1,4,2,0,-1,4,3,-1,2,1,-1
B02687,53,38705.0,60373.0,9932.0,6.8,0,-1,-1,0,-1,0,0,-1,4,1,3,0,0
B02688,59,42673.0,128284.0,37428.0,4.0,1,-1,-1,-1,0,4,-1,-1,-1,0,0,-1,-1
B02689,22,70596.0,156571.0,18137.0,2.0,1,-1,3,-1,1,0,-1,0,0,0,-1,0,-1
B02690,59,43516.0,116364.0,90542.0,8.6,3,2,0,0,-1,0,4,2,-1,0,0,4,1
B02691,56,23239.0,130910.0,47661.0,5.4,4,2,0,3,1,1,2,2,2,3,1,4,4
B02692,21,34005.0,155175.0,102850.0,8.2,1,0,-1,-1,0,3,3,3,4,2,1,-1,2
B02693,31,66478.0,388165.0,297798.0,2.6,4,0,-1,-1,-1,-1,-1,0,0,-1,2,0,0
B02694,44,34422.0,56214.0,13176.0,2.7,3,-1,0,-1,0,1,-1,0,0,0,3,3,4
B02695,57,26251.0,78301.0,25516.0,4.8,1,-1,-1,0,0,0,-1,0,-1,-1,0,-1,0
B02696,21,70035.0,118316.0,68774.0,2.2,0,0,-1,4,3,1,0,1,0,0,0,0,0
B02697,37,73725.0,380195.0,219392.0,2.3,3,-1,-1,0,0,0,0,0,0,-1,-1,-1,-1
B02698,44,55734.0,128522.0,26767.0,3.3,0,4,2,3,1,4,-1,2,1,3,2,3,1
B02699,22,22716.0,63499.0,18309.0,6.6,2,0,-1,-1,2,0,0,0,1,-1,0,-1,0
B02700,52,92124.0,350071.0,195792.0,16.1,2,-1,0,-1,-1,0,0,-1,-1,0,-1,-1,-1
B02701,48,73994.0,204617.0,42890.0,4.2,0,-1,0,-1,-1,0,-1,-1,0,-1,0,-1,0
B02702,21,56146.0,307002.0,57311.0,1.8,2,4,4,0,0,-1,-1,0,0,-1,4,2,-1
B02703,30,34327.0,155557.0,45968.0,3.7,7,0,-1,0,-1,0,-1,0,0,-1,2,-1,0
B02704,47,16979.0,62753.0,11269.0,0.8,0,-1,-1,0,0,0,0,0,4,2,0,0,-1
B02705,33,94382.0,304561.0,51902.0,17.1,1,0,-1,-1,-1,0,0,0,0,-1,3,-1,-1
B02706,45,83502.0,150698.0,54396.0,0.3,5,0,0,4,4,0,0,-1,0,0,0,0,0
B02707,54,85626.0,215295.0,54348.0,2.1,1,0,0,-1,-1,0,0,0,0,-1,0,-1,-1
B02708,51,81863.0,394355.0,13724.0,7.7,6,-1,-1,2,-1,-1,-1,1,4,0,0,-1,0
B02709,44,69121.0,359935.0,230198.0,1.4,2,-1,0,0,2,-1,3,3,2,4,1,0,0
B02710,39,132025.0,202703.0,46959.0,13.3,2,-1,0,-1,2,2,4,3,-1,0,-1,0,-1
B02711,29,80017.0,264507.0,29677.0,6.2,2,0,-1,-1,-1,-1,0,-1,0,0,0,-1,0
B02712,27,92229.0,543887.0,300492.0,4.4,4,-1,0,-1,0,0,0,-1,-1,0,0,0,0
B02713,31,67539.0,121556.0,23668.0,0.9,1,0,-1,0,-1,1,2,1,2,2,2,-1,-1
B02714,41,45436.0,192405.0,57755.0,7.5,1,1,2,0,1,0,0,3,0,1,-1,-1,0
B02715,56,30754.0,110795.0,50841.0,5.5,2,2,1,0,4,4,1,2,1,3,4,4,1
B02716,67,95229.0,399300.0,229700.0,4.9,2,-1,-1,-1,-1,0,0,-1,3,0,0,0,0
B02717,33,54901.0,282486.0,137105.0,3.3,4,0,1,0,4,0,-1,-1,0,4,-1,-1,1
B02718,36,30900.0,159604.0,74651.0,6.4,3,-1,-1,0,2,0,-1,0,0,-1,-1,1,-1
B02719,33,41308.0,154852.0,74960.0,1.8,1,3,2,3,4,3,4,1,4,3,2,4,1
B02720,66,37352.0,220487.0,86634.0,3.6,2,0,-1,-1,0,-1,4,-1,1,2,-1,-1,0
B02721,37,18874.0,68149.0,50961.0,5.5,1,-1,0,0,0,2,0,0,-1,2,0,-1,-1
B02722,64,33836.0,177776.0,47308.0,8.0,4,0,-1,-1,0,-1,0,0,-1,0,0,0,-1
B02723,21,51713.0,201873.0,127089.0,5.3,0,3,1,-1,2,4,3,1,1,-1,0,-1,4
B02724,62,21647.0,43109.0,19369.0,0.8,6,-1,0,0,0,-1,-1,4,0,0,0,0,0
B02725,38,40738.0,179689.0,81015.0,0.9,4,0,0,0,1,0,-1,-1,0,0,0,-1,0
B02726,62,30562.0,140319.0,33832.0,1.9,4,4,4,3,0,0,1,2,0,0,-1,-1,-1
B02727,55,38746.0,202282.0,67186.0,4.1,6,3,2,1,2,0,0,-1,-1,-1,0,-1,0
B02728,21,27014.0,157407.0,126519.0,13.6,0,2,4,3,4,4,4,4,4,3,1,-1,4
B02729,57,25226.0,45570.0,12175.0,6.1,1,0,-1,-1,0,0,-1,0,0,-1,0,0,0
B02730,52,34447.0,142621.0,21824.0,11.3,0,-1,-1,0,0,-1,0,0,1,-1,-1,0,0
B02731,65,40113.0,81917.0,12588.0,5.5,1,-1,0,0,3,2,-1,0,2,0,4,3,-1
B02732,36,52666.0,142745.0,44381.0,14.7,0,-1,0,-1,-1,0,0,-1,-1,-1,-1,-1,-1
B02733,46,15295.0,47276.0,43414.0,6.1,5,-1,0,0,0,1,3,1,4,0,2,4,0
B02734,51,29015.0,137530.0,36668.0,2.5,1,-1,0,3,0,-1,-1,-1,0,0,0,-1,-1
B02735,64,41398.0,145243.0,27312.0,2.6,5,-1,-1,0,0,-1,0,0,-1,0,0,0,-1
B02736,49,23908.0,71510.0,23319.0,3.8,2,1,4,3,4,0,3,4,2,4,3,3,2
B02737,42,22490.0,88217.0,56471.0,4.6,2,0,0,-1,2,4,4,-1,2,-1,3,1,3
B02738,42,56903.0,233786.0,123249.0,7.4,1,0,0,3,0,3,4,4,3,1,-1,-1,0
B02739,60,34264.0,125753.0,71486.0,4.3,2,2,0,0,0,0,0,-1,-1,-1,-1,4,0
B02740,38,51560.0,262716.0,101902.0,1.0,1,0,-1,2,-1,-1,0,0,0,0,-1,-1,0
B02741,58,45432.0,74063.0,27899.0,4.4,0,0,0,-1,-1,-1,-1,0,-1,0,0,-1,0
B02742,27,32969.0,188768.0,97916.0,8.5,1,-1,0,-1,0,-1,0,-1,0,0,-1,-1,0
B02743,32,36849.0,164868.0,85257.0,3.6,2,2,3,2,1,-1,2,2,3,2,1,-1,4
B02744,56,47530.0,222580.0,71507.0,2.8,3,-1,-1,0,3,2,-1,0,-1,0,-1,-1,1
B02745,35,23602.0,125765.0,28319.0,6.8,2,-1,-1,-1,0,-1,-1,0,0,0,-1,-1,-1
B02746,44,53387.0,183656.0,23737.0,6.8,2,-1,3,0,-1,-1,-1,0,0,-1,-1,-1,-1
B02747,35,34076.0,79389.0,24983.0,0.9,2,1,4,2,4,2,0,3,1,2,-1,3,1
B02748,28,75963.0,379181.0,239550.0,5.1,2,0,-1,-1,1,0,-1,0,2,4,2,2,0
B02749,49,39525.0,103528.0,70746.0,4.3,3,-1,0,2,1,-1,0,0,3,0,4,4,-1
B02750,69,63720.0,271800.0,147409.0,1.7,0,0,0,-1,-1,0,0,0,0,0,1,0,0
B02751,64,63304.0,226630.0,43400.0,5.9,2,-1,-1,2,0,0,0,-1,2,-1,0,-1,-1
B02752,43,24692.0,80345.0,33714.0,0.6,2,-1,-1,0,-1,-1,-1,-1,0,-1,-1,1,0
B02753,65,60857.0,336751.0,149996.0,1.7,0,3,2,4,1,3,0,3,4,3,1,2,2
B02754,47,44403.0,194418.0,126200.0,1.9,4,-1,0,0,-1,0,-1,2,-1,-1,4,4,1
B02755,61,59635.0,187514.0,30702.0,5.6,4,-1,0,0,0,-1,0,0,-1,0,0,0,1
B02756,42,24787.0,53883.0,22323.0,10.0,0,-1,-1,0,-1,-1,0,-1,0,-1,0,0,4
B02757,28,45407.0,137935.0,58550.0,17.1,2,-1,2,0,-1,0,-1,-1,0,0,0,-1,0
B02758,33,66518.0,107285.0,47962.0,11.1,1,-1,-1,0,-1,-1,-1,-1,-1,0,0,0,-1
B02759,42,41039.0,229471.0,86073.0,6.1,4,2,-1,0,0,0,-1,0,-1,0,0,3,-1
B02760,45,12177.0,67132.0,49375.0,10.9,5,0,-1,0,3,3,4,2,-1,3,2,2,-1
B02761,61,12560.0,56336.0,10070.0,1.3,3,-1,-1,-1,0,-1,-1,-1,-1,1,0,-1,0
B02762,24,22708.0,102398.0,46626.0,11.8,2,0,-1,-1,0,4,0,0,1,0,0,0,-1
B02763,62,85482.0,311058.0,28813.0,2.1,0,0,0,0,0,0,-1,0,-1,-1,-1,-1,2
B02764,53,37995.0,139174.0,87088.0,0.6,4,3,4,3,3,4,4,4,3,4,2,3,2
B02765,42,199066.0,306292.0,139407.0,6.3,2,1,0,1,-1,3,1,-1,3,2,4,3,3
B02766,52,15068.0,31757.0,4308.0,10.7,1,3,1,-1,2,-1,0,-1,-1,-1,0,0,4
B02767,46,68530.0,302233.0,52600.0,8.1,2,1,0,0,0,-1,1,1,1,0,-1,-1,0
B02768,30,31552.0,66942.0,27765.0,5.2,2,-1,0,-1,1,4,3,4,1,4,-1,-1,-1
B02769,65,29484.0,47239.0,22088.0,4.0,1,-1,-1,-1,1,0,2,0,-1,-1,-1,0,0
B02770,59,36901.0,172336.0,153838.0,4.8,4,0,1,-1,-1,0,0,3,1,-1,1,4,1
B02771,34,46023.0,89564.0,27158.0,2.7,2,-1,0,0,2,0,-1,-1,0,0,-1,-1,0
B02772,66,27653.0,154668.0,64278.0,6.7,0,3,4,4,4,3,1,4,2,1,1,1,1
B02773,22,47419.0,264685.0,186968.0,2.3,1,0,-1,-1,1,2,4,-1,3,0,0,0,-1
B02774,67,21656.0,74522.0,12263.0,5.9,1,-1,0,-1,0,3,3,0,0,-1,3,4,3
B02775,23,86432.0,461769.0,134413.0,2.1,1,3,-1,0,-1,3,1,4,3,0,1,4,-1
B02776,49,78295.0,404100.0,70603.0,1.2,0,3,4,0,1,0,-1,4,-1,0,1,0,1
B02777,32,44172.0,190003.0,166360.0,18.7,2,-1,0,-1,-1,0,-1,0,-1,1,-1,1,-1
B02778,32,71276.0,412270.0,163148.0,8.8,3,-1,-1,1,-1,1,-1,0,1,0,-1,0,4
B02779,37,38993.0,228170.0,132514.0,1.7,3,0,2,2,1,2,1,-1,-1,4,1,2,3
B02780,68,29023.0,104165.0,16466.0,2.4,3,4,4,4,2,3,3,3,1,4,2,-1,4
B02781,45,32221.0,56783.0,8785.0,1.6,3,-1,4,2,0,4,4,-1,3,4,1,1,2
B02782,67,30791.0,94786.0,39204.0,7.2,2,4,2,3,4,2,4,4,4,1,2,3,2
B02783,37,79928.0,148318.0,62937.0,6.4,0,0,0,0,0,4,4,3,-1,0,-1,4,0
B02784,42,53792.0,171297.0,111472.0,9.7,0,-1,0,0,-1,-1,0,-1,-1,-1,-1,0,-1
B02785,26,49845.0,223892.0,155279.0,8.0,3,1,3,4,3,0,1,-1,2,4,2,3,4
B02786,29,56995.0,318057.0,115229.0,7.5,1,-1,3,-1,0,-1,-1,0,-1,-1,-1,1,1
B02787,59,17577.0,52826.0,3258.0,1.6,2,-1,-1,0,0,0,0,-1,0,0,-1,0,-1
B02788,46,53476.0,248371.0,68607.0,2.2,1,-1,-1,0,0,0,-1,3,2,3,-1,0,2
B02789,41,34415.0,65537.0,22844.0,3.5,0,3,4,2,-1,0,0,0,-1,-1,4,4,1
B02790,47,36012.0,127753.0,39168.0,2.0,1,-1,-1,4,4,1,4,3,-1,-1,1,2,3
B02791,33,64917.0,129118.0,18337.0,6.4,2,-1,-1,0,0,0,-1,-1,0,0,0,-1,-1
B02792,61,38754.0,103707.0,69437.0,13.5,1,-1,-1,0,-1,-1,0,0,-1,-1,-1,-1,3
B02793,44,63928.0,207678.0,71716.0,0.8,2,1,4,0,-1,2,4,4,2,4,1,-1,1
B02794,51,69669.0,340380.0,173848.0,2.9,4,0,0,0,-1,0,0,0,0,0,-1,-1,-1
B02795,30,21002.0,103804.0,55956.0,1.5,2,2,1,1,3,4,4,3,4,4,3,1,1
B02796,67,42067.0,185144.0,84931.0,4.1,2,3,3,2,3,2,3,3,3,1,1,1,2
B02797,65,49473.0,159050.0,32843.0,4.3,3,1,0,0,1,-1,4,2,2,3,0,1,2
B02798,67,101729.0,285413.0,151386.0,1.0,3,0,0,-1,-1,0,0,0,-1,-1,-1,0,0
B02799,32,45483.0,248747.0,128469.0,1.8,2,0,-1,0,3,2,4,-1,-1,0,0,0,-1
B02800,50,31363.0,53983.0,17153.0,0.6,2,0,-1,0,-1,-1,0,0,0,0,-1,0,-1
B02801,34,50186.0,188913.0,12280.0,1.7,2,0,0,3,-1,-1,0,0,0,0,0,0,0
B02802,67,58285.0,168297.0,100597.0,2.8,3,0,1,0,2,0,0,-1,3,4,0,0,-1
B02803,49,130439.0,206622.0,72530.0,4.9,0,0,-1,-1,-1,-1,0,-1,0,-1,0,0,0
B02804,34,61524.0,245803.0,110060.0,2.1,2,-1,0,1,4,3,1,-1,-1,2,2,0,0
B02805,37,58301.0,259309.0,36832.0,17.0,2,-1,0,0,0,0,-1,0,-1,0,-1,0,0
B02806,64,41094.0,171754.0,127415.0,4.2,2,0,-1,0,0,-1,-1,0,-1,0,0,0,0
B02807,56,141794.0,237255.0,110411.0,2.8,1,0,-1,0,0,-1,-1,0,-1,-1,0,1,-1
B02808,41,44944.0,139405.0,20428.0,3.4,1,3,1,3,1,3,1,0,4,1,-1,1,-1
B02809,61,42688.0,171303.0,76428.0,13.5,2,0,0,-1,0,-1,0,-1,-1,-1,-1,0,0
B02810,59,112455.0,369207.0,164904.0,6.3,1,-1,0,-1,-1,0,4,3,0,0,4,3,0
B02811,36,40960.0,192142.0,44667.0,0.8,3,0,-1,-1,-1,0,-1,3,0,0,0,-1,0
B02812,41,71339.0,127186.0,17619.0,4.7,6,0,0,0,3,-1,1,-1,-1,0,0,0,0
B02813,23,19319.0,57113.0,46610.0,5.8,0,-1,-1,1,2,1,-1,0,0,1,-1,-1,1
B02814,48,42678.0,253863.0,103640.0,9.8,3,-1,0,0,-1,-1,-1,0,0,0,0,0,-1
B02815,30,81752.0,411788.0,176439.0,0.2,1,-1,-1,0,0,-1,1,0,0,1,0,-1,1
B02816,37,44500.0,211218.0,124386.0,7.8,2,0,-1,3,-1,-1,0,-1,0,-1,-1,-1,-1
B02817,54,53045.0,103668.0,35618.0,6.5,4,0,-1,2,3,2,2,2,4,0,1,2,2
B02818,59,112700.0,188600.0,42875.0,1.4,2,0,0,-1,-1,0,0,-1,-1,-1,1,4,3
B02819,26,44954.0,239828.0,28124.0,16.4,0,-1,0,0,0,-1,-1,-1,0,0,0,-1,0
B02820,22,46737.0,235945.0,74931.0,5.2,4,0,0,3,4,-1,2,-1,-1,-1,4,4,4
B02821,47,59304.0,314186.0,95445.0,5.2,2,4,1,0,2,2,2,1,3,3,1,2,4
B02822,55,99183.0,389611.0,113895.0,19.7,1,3,0,-1,0,0,-1,0,-1,0,0,-1,-1
B02823,29,53836.0,253076.0,149907.0,5.0,1,0,0,4,1,0,0,0,0,-1,0,3,2
B02824,59,32903.0,197223.0,20644.0,2.0,3,0,1,0,4,3,3,1,-1,0,1,-1,1
B02825,52,28749.0,71579.0,50537.0,7.1,0,0,-1,0,-1,-1,1,-1,-1,-1,0,-1,-1
B02826,29,81857.0,433442.0,70215.0,2.9,0,-1,3,4,4,4,4,4,1,2,4,1,1
B02827,26,52664.0,172384.0,90712.0,4.6,2,0,3,-1,0,0,-1,-1,4,4,0,-1,1
B02828,45,68467.0,122685.0,87732.0,8.4,1,2,0,1,4,2,1,1,3,4,1,2,2
B02829,48,42291.0,253591.0,115577.0,1.7,1,2,3,3,-1,-1,0,3,4,4,1,3,2
B02830,21,48384.0,184504.0,126172.0,19.6,2,0,1,0,-1,4,1,4,2,4,3,1,2
B02831,45,121117.0,572353.0,228372.0,2.8,2,-1,-1,0,0,0,-1,0,0,0,-1,0,0
B02832,39,26320.0,64460.0,23895.0,5.1,0,2,4,2,4,4,3,0,0,0,4,-1,-1
B02833,63,39682.0,82144.0,36798.0,3.3,2,-1,-1,-1,0,-1,0,1,-1,3,-1,-1,0
B02834,46,26154.0,48132.0,18729.0,4.3,1,1,1,4,4,2,4,0,3,1,1,2,3
B02835,55,49941.0,290690.0,22214.0,2.3,2,-1,0,0,-1,-1,0,0,-1,-1,0,-1,0
B02836,38,68884.0,385925.0,141400.0,3.6,4,-1,-1,0,-1,0,-1,0,0,0,0,0,4
B02837,56,30079.0,94483.0,35459.0,6.2,1,0,0,-1,0,-1,-1,-1,-1,0,0,0,-1
B02838,47,76697.0,297323.0,84792.0,4.9,1,1,3,4,4,3,2,0,0,4,1,2,0
B02839,68,84963.0,363844.0,127293.0,3.2,4,0,-1,0,-1,-1,-1,-1,4,-1,-1,-1,0
B02840,56,94940.0,190967.0,25347.0,9.0,2,3,2,-1,2,4,3,0,-1,-1,0,-1,-1
B02841,33,27237.0,87844.0,41586.0,12.6,0,-1,0,-1,-1,2,4,4,2,0,2,3,0
B02842,61,63261.0,372620.0,130928.0,9.3,1,-1,0,3,2,0,-1,0,-1,3,-1,-1,2
B02843,26,46844.0,225109.0,110574.0,1.8,0,0,0,0,-1,-1,-1,-1,4,2,-1,0,4
B02844,62,23435.0,49147.0,4845.0,5.3,2,-1,-1,3,-1,2,3,4,3,-1,-1,-1,4
B02845,32,91815.0,152038.0,45888.0,1.9,3,-1,-1,-1,-1,-1,-1,-1,0,-1,0,0,-1
B02846,40,41413.0,77898.0,37105.0,4.7,5,1,3,2,3,4,2,4,3,3,2,4,2
B02847,60,81140.0,461939.0,196041.0,10.2,4,0,-1,-1,0,-1,-1,0,-1,0,-1,-1,-1
B02848,68,73617.0,113380.0,55295.0,5.1,2,0,0,0,4,4,0,2,3,0,-1,-1,-1
B02849,52,56003.0,298868.0,65203.0,6.7,2,4,1,-1,1,-1,2,-1,1,4,3,2,3
B02850,40,55884.0,215677.0,179256.0,23.4,1,0,-1,0,-1,-1,-1,-1,-1,-1,-1,-1,-1
B02851,26,14377.0,76662.0,24789.0,1.9,5,4,1,2,4,3,3,4,1,1,4,2,1
B02852,21,49923.0,113536.0,40791.0,8.6,1,0,-1,-1,-1,-1,-1,-1,0,-1,0,-1,0
B02853,27,74793.0,244339.0,65178.0,8.6,2,0,4,2,3,4,3,2,4,4,1,0,0
B02854,30,18057.0,47765.0,23725.0,3.9,1,-1,0,-1,0,3,4,4,0,-1,-1,-1,-1
B02855,31,46686.0,267839.0,100584.0,4.0,1,-1,0,0,2,1,0,-1,1,3,-1,0,0
B02856,69,18761.0,46276.0,26146.0,0.9,1,-1,0,0,0,-1,0,-1,-1,-1,0,-1,-1
B02857,58,19391.0,44985.0,32115.0,4.2,0,2,1,-1,1,2,3,4,1,0,0,0,-1
B02858,45,33990.0,78527.0,18396.0,4.2,7,0,2,-1,0,-1,-1,0,4,4,0,0,-1
B02859,45,51827.0,195193.0,155641.0,4.5,2,0,1,0,1,0,2,3,1,4,2,0,4
B02860,63,67933.0,235528.0,25557.0,3.5,1,-1,-1,0,0,-1,0,-1,0,-1,-1,-1,-1
B02861,59,70056.0,403775.0,167757.0,4.8,3,-1,-1,0,0,-1,-1,-1,-1,-1,-1,0,-1
B02862,21,28861.0,87857.0,33740.0,3.6,2,3,0,3,2,-1,-1,-1,0,0,0,0,0
B02863,32,25031.0,53644.0,15979.0,8.0,2,0,1,2,1,-1,2,-1,-1,-1,0,4,2
B02864,66,27274.0,121214.0,45401.0,1.5,1,-1,0,-1,0,-1,0,0,-1,-1,0,0,0
B02865,33,92888.0,212310.0,49302.0,8.4,0,-1,0,-1,-1,-1,0,-1,-1,-1,-1,0,0
B02866,47,44946.0,260125.0,128944.0,23.3,2,-1,0,-1,-1,-1,-1,-1,0,-1,-1,-1,-1
B02867,33,22171.0,99148.0,18996.0,9.5,1,3,1,2,4,4,1,2,4,4,2,1,4
B02868,46,21583.0,95437.0,13936.0,7.3,0,0,0,3,1,-1,-1,0,1,3,0,4,0
B02869,58,44195.0,76923.0,34949.0,3.1,5,3,-1,-1,0,-1,-1,0,1,-1,2,3,1
B02870,48,94486.0,360466.0,118930.0,10.9,2,0,0,3,3,0,0,0,-1,0,0,3,4
B02871,52,47859.0,97675.0,57528.0,5.2,2,0,0,-1,2,3,0,0,-1,-1,-1,-1,3
B02872,59,29420.0,78751.0,55196.0,2.6,0,2,4,2,2,0,-1,1,4,-1,3,2,3
B02873,34,102500.0,290728.0,93209.0,4.4,0,-1,0,-1,0,0,-1,-1,0,-1,0,-1,0
B02874,23,63934.0,227672.0,125272.0,5.9,2,-1,0,3,4,-1,0,3,0,0,-1,0,-1
B02875,44,53351.0,193136.0,37846.0,11.3,3,0,-1,-1,0,-1,0,0,4,-1,0,-1,-1
B02876,44,59367.0,141332.0,39565.0,4.6,3,0,2,3,0,-1,0,-1,0,0,0,0,0
B02877,50,34369.0,51768.0,10546.0,5.0,1,-1,0,-1,-1,-1,0,-1,-1,0,-1,0,-1
B02878,32,42788.0,193353.0,24312.0,2.9,3,-1,0,0,-1,-1,4,0,0,-1,-1,0,-1
B02879,66,31370.0,55496.0,5724.0,1.8,2,3,0,0,-1,-1,-1,0,0,0,-1,-1,0
B02880,51,55295.0,328124.0,75995.0,1.8,1,0,-1,0,0,3,3,0,-1,-1,1,-1,3
B02881,21,22381.0,107582.0,88155.0,6.9,2,-1,3,-1,0,3,2,0,0,-1,-1,0,0
B02882,48,49940.0,95116.0,70292.0,1.0,1,0,0,2,-1,-1,-1,-1,0,0,3,1,-1
B02883,49,18748.0,105555.0,42305.0,2.4,1,-1,1,-1,0,-1,-1,-1,0,0,-1,3,4
B02884,39,24048.0,113826.0,75548.0,6.1,6,0,0,-1,-1,-1,0,0,0,0,0,0,1
B02885,47,126583.0,408168.0,227493.0,10.8,2,0,0,0,0,-1,-1,0,-1,0,0,-1,0
B02886,69,68289.0,110998.0,5285.0,6.7,4,0,0,0,0,-1,-1,-1,0,-1,-1,0,0
B02887,30,58873.0,102552.0,29233.0,9.8,1,-1,-1,0,-1,0,3,0,0,3,0,0,-1
B02888,63,71093.0,394673.0,10478.0,2.4,2,3,-1,-1,-1,-1,0,0,-1,-1,0,-1,0
B02889,63,47440.0,136321.0,4581.0,5.6,4,-1,2,0,-1,0,-1,-1,2,0,0,0,0
B02890,35,23615.0,108671.0,56023.0,2.5,2,-1,-1,0,0,-1,0,0,-1,0,0,-1,0
B02891,25,82081.0,248759.0,178175.0,5.3,7,4,-1,3,1,0,-1,0,0,1,4,2,-1
B02892,63,39839.0,167505.0,81195.0,6.2,2,0,0,-1,0,0,-1,1,1,-1,0,0,4
B02893,53,54071.0,157552.0,45121.0,2.6,1,-1,0,2,-1,-1,-1,0,-1,0,-1,0,0
B02894,28,60355.0,314343.0,179802.0,2.7,3,-1,-1,-1,0,0,-1,-1,0,0,0,-1,-1
B02895,41,32557.0,179601.0,114055.0,0.5,3,-1,4,-1,3,2,2,4,0,2,3,3,1
B02896,24,45801.0,149419.0,47764.0,7.2,2,-1,0,-1,-1,-1,-1,1,-1,0,1,1,0
B02897,44,41769.0,122935.0,71098.0,8.5,1,2,0,3,4,0,1,3,1,1,0,0,0
B02898,63,39231.0,92615.0,16326.0,9.8,1,-1,-1,0,0,1,0,0,0,-1,0,0,3
B02899,29,27429.0,100672.0,29867.0,7.3,1,-1,-1,4,4,4,1,2,0,2,3,2,3
B02900,61,23328.0,66236.0,23303.0,9.3,4,0,-1,0,1,2,0,3,0,0,1,0,0
B02901,33,66379.0,230452.0,98546.0,0.8,1,1,0,2,3,2,4,2,2,3,-1,0,0
B02902,62,52051.0,132327.0,62829.0,7.1,4,0,0,0,0,-1,1,2,-1,-1,-1,-1,-1
B02903,30,41302.0,136384.0,72415.0,4.2,1,-1,-1,3,0,-1,0,-1,0,0,-1,0,2
B02904,68,48124.0,89004.0,58128.0,0.8,2,0,0,-1,0,-1,-1,-1,0,0,0,0,0
B02905,52,47537.0,185291.0,49703.0,6.2,3,-1,0,-1,-1,1,-1,0,-1,-1,-1,0,-1
B02906,31,60160.0,342188.0,139730.0,3.5,1,-1,2,-1,-1,-1,-1,3,0,0,-1,-1,-1
B02907,43,32539.0,104816.0,13313.0,5.3,1,0,-1,0,0,0,-1,-1,-1,-1,0,-1,-1
B02908,58,54144.0,197830.0,108069.0,2.9,2,-1,0,-1,3,-1,-1,1,-1,0,0,0,2
B02909,56,43905.0,162697.0,82466.0,0.5,2,3,4,3,2,-1,4,0,-1,-1,4,4,2
B02910,59,49845.0,215997.0,135332.0,3.4,0,-1,0,-1,-1,2,-1,0,0,0,0,-1,-1
B02911,22,34398.0,93310.0,23570.0,6.6,3,0,0,-1,0,0,0,0,-1,0,-1,-1,2
B02912,32,62696.0,265047.0,33051.0,7.6,3,0,-1,-1,-1,0,0,-1,0,0,-1,0,-1
B02913,21,12476.0,51094.0,1058.0,14.2,3,-1,0,3,2,0,3,4,3,4,1,0,2
B02914,50,25229.0,123964.0,80847.0,5.5,1,4,0,1,0,2,-1,0,0,-1,3,4,1
B02915,67,61129.0,354391.0,95697.0,5.5,4,-1,2,-1,-1,-1,3,4,1,3,2,2,0
B02916,51,34863.0,163903.0,106119.0,4.6,3,-1,0,0,0,0,-1,0,0,-1,-1,0,-1
B02917,22,23320.0,116975.0,52373.0,6.8,1,1,1,4,4,1,1,2,-1,0,4,4,3
B02918,56,44286.0,126555.0,103444.0,9.5,1,0,0,-1,-1,-1,-1,-1,-1,0,0,-1,-1
B02919,69,35436.0,79696.0,22864.0,2.5,2,1,-1,3,2,4,0,-1,-1,0,-1,4,0
B02920,65,23499.0,67456.0,45856.0,1.7,3,-1,0,0,4,3,-1,-1,4,4,4,2,2
B02921,24,36151.0,208012.0,114184.0,3.7,3,-1,-1,-1,0,-1,-1,3,4,-1,-1,-1,2
B02922,56,22142.0,95988.0,41404.0,1.3,4,3,3,-1,3,2,3,-1,3,3,0,2,3
B02923,45,44402.0,193343.0,115389.0,13.5,1,0,1,3,0,0,-1,2,2,1,4,-1,0
B02924,52,49849.0,191438.0,75286.0,1.5,0,0,0,-1,0,-1,0,-1,0,0,-1,-1,0
B02925,45,47301.0,126500.0,75932.0,24.1,2,2,-1,4,4,3,2,0,1,0,-1,-1,2
B02926,47,13073.0,67294.0,49186.0,2.1,1,0,-1,-1,-1,-1,-1,1,-1,-1,-1,0,-1
B02927,63,23851.0,79571.0,48977.0,5.1,0,2,4,2,0,3,-1,2,1,1,4,0,3
B02928,35,43552.0,96428.0,52335.0,10.4,5,3,1,1,1,0,0,0,-1,0,-1,0,-1
B02929,52,53595.0,229302.0,120008.0,2.0,3,3,3,-1,-1,2,1,4,0,4,3,2,1
B02930,53,32131.0,76134.0,15447.0,4.9,3,2,-1,-1,0,-1,0,-1,-1,2,-1,0,0
B02931,68,36580.0,99200.0,21049.0,10.1,0,2,1,0,3,4,0,4,4,0,2,-1,2
B02932,42,26467.0,51168.0,22865.0,2.8,0,2,3,0,-1,0,0,2,0,-1,3,1,-1
B02933,28,72900.0,131126.0,86917.0,1.5,3,-1,-1,-1,-1,-1,-1,0,0,0,-1,3,0
B02934,49,55433.0,302982.0,74064.0,8.7,2,0,-1,-1,0,-1,-1,-1,0,-1,0,-1,0
B02935,40,49302.0,174405.0,85236.0,3.0,1,4,0,-1,-1,0,-1,0,2,-1,0,0,-1
B02936,26,40195.0,189979.0,18741.0,6.4,0,-1,3,2,2,2,1,3,2,0,-1,-1,2
B02937,47,75833.0,183801.0,76512.0,3.3,4,1,0,1,4,-1,2,3,4,3,0,0,3
B02938,68,28171.0,92153.0,40638.0,7.4,6,-1,0,-1,0,0,0,0,0,-1,0,0,0
B02939,21,59545.0,114074.0,25858.0,1.6,1,3,1,-1,3,4,3,1,1,2,3,3,0
B02940,56,37894.0,114722.0,43425.0,10.9,2,0,0,0,0,-1,-1,-1,0,0,-1,0,-1
B02941,61,45020.0,231645.0,43346.0,7.8,0,-1,-1,-1,0,0,0,-1,-1,0,0,-1,0
B02942,62,47958.0,124053.0,18887.0,14.6,3,0,0,3,0,-1,0,3,3,1,2,2,1
B02943,66,40100.0,137157.0,16451.0,11.2,1,3,0,-1,-1,2,-1,-1,0,0,0,0,-1
B02944,61,34270.0,166648.0,19077.0,10.4,1,0,0,-1,0,0,-1,0,4,-1,0,-1,0
B02945,57,37855.0,186975.0,46414.0,1.9,2,-1,0,-1,0,0,-1,1,-1,-1,-1,-1,2
B02946,54,32678.0,100905.0,83575.0,9.8,0,-1,3,4,3,0,1,2,0,2,-1,3,4
B02947,46,36106.0,158271.0,35399.0,6.4,2,0,-1,0,-1,-1,-1,0,-1,0,0,0,0
B02948,44,106530.0,352582.0,68329.0,9.3,2,-1,3,-1,0,4,2,-1,-1,0,-1,-1,0
B02949,59,50345.0,157557.0,48853.0,3.1,4,-1,4,-1,0,-1,-1,0,0,0,-1,-1,0
B02950,24,34130.0,84034.0,34544.0,3.0,3,0,2,2,-1,0,-1,0,-1,-1,0,0,4
B02951,63,127268.0,526348.0,454997.0,8.5,1,-1,-1,-1,-1,-1,0,0,0,0,0,-1,0
B02952,58,57207.0,281621.0,21975.0,23.4,0,0,-1,2,0,-1,0,3,-1,-1,0,0,0
B02953,64,65011.0,120646.0,6586.0,4.4,2,0,0,0,-1,0,0,2,3,0,0,0,-1
B02954,35,26953.0,150565.0,76300.0,8.1,4,0,0,0,-1,-1,0,4,2,-1,2,4,0
B02955,33,104217.0,198810.0,58561.0,5.9,1,-1,-1,4,1,0,-1,-1,-1,2,0,-1,-1
B02956,54,40333.0,78958.0,34006.0,3.5,2,-1,0,-1,-1,-1,0,-1,0,0,0,-1,0
B02957,32,26947.0,139730.0,43684.0,9.5,2,1,-1,4,2,3,2,0,2,0,0,0,-1
B02958,31,24565.0,77272.0,5888.0,2.3,1,-1,4,0,-1,0,-1,-1,0,0,0,0,2
B02959,67,25260.0,149419.0,95649.0,5.4,1,0,-1,-1,-1,-1,4,3,1,-1,0,0,0
B02960,25,40118.0,104871.0,47222.0,5.2,4,-1,-1,-1,0,0,0,-1,-1,0,0,-1,0
B02961,63,30518.0,90511.0,55680.0,0.5,2,0,0,-1,-1,-1,4,0,0,0,4,3,1
B02962,21,33596.0,59958.0,33544.0,3.7,1,-1,0,0,-1,-1,-1,-1,4,2,0,-1,0
B02963,67,112152.0,211981.0,68909.0,3.0,2,2,0,-1,3,-1,0,-1,0,0,-1,2,2
B02964,39,74647.0,408132.0,57988.0,1.7,2,0,0,-1,-1,0,4,-1,-1,-1,0,0,-1
B02965,31,72152.0,305308.0,135075.0,7.7,1,-1,4,3,1,-1,1,1,2,-1,3,3,1
B02966,64,41446.0,238908.0,76039.0,3.5,1,2,0,0,0,-1,-1,-1,0,0,0,-1,0
B02967,35,47502.0,283641.0,146877.0,2.6,3,0,0,0,-1,0,-1,-1,-1,-1,0,0,-1
B02968,23,21876.0,128164.0,13728.0,0.5,2,-1,-1,0,0,0,3,0,0,1,1,2,3
B02969,51,15533.0,42394.0,13499.0,13.2,2,-1,0,0,0,1,0,4,2,1,1,2,-1
B02970,23,32812.0,134780.0,74370.0,4.5,5,0,-1,0,0,1,-1,4,1,0,0,2,-1
B02971,45,49809.0,135351.0,33271.0,8.3,1,-1,-1,0,-1,0,2,0,-1,0,0,-1,-1
B02972,36,60892.0,135845.0,22138.0,5.4,0,0,2,-1,-1,4,3,4,-1,0,-1,0,-1
B02973,43,62722.0,144199.0,33617.0,5.4,2,1,3,2,0,-1,0,2,0,-1,0,0,0
B02974,43,29800.0,150376.0,22253.0,4.2,0,-1,0,0,0,0,-1,-1,0,-1,0,-1,-1
B02975,67,42096.0,72913.0,39537.0,4.5,2,0,-1,0,0,0,-1,0,-1,4,-1,0,0
B02976,48,69374.0,123826.0,56660.0,3.5,4,0,0,-1,0,-1,0,-1,2,0,0,0,1
B02977,24,34530.0,60568.0,25162.0,6.8,1,2,0,0,1,0,-1,3,4,2,-1,-1,3
B02978,42,64201.0,302365.0,174819.0,0.8,2,0,1,-1,1,-1,0,-1,0,0,2,0,-1
B02979,39,23181.0,118364.0,57358.0,7.5,3,-1,0,2,3,2,2,3,3,1,2,1,4
B02980,21,37916.0,91304.0,8302.0,3.6,3,-1,1,0,-1,3,3,3,-1,-1,1,0,-1
B02981,49,28622.0,48552.0,25931.0,8.7,3,-1,-1,-1,-1,0,0,0,0,0,0,0,0
B02982,28,56035.0,329306.0,45596.0,1.9,3,-1,0,2,0,-1,-1,-1,-1,-1,0,0,0
B02983,21,27760.0,137701.0,15389.0,5.3,2,4,4,1,4,-1,4,2,2,2,2,3,4
B02984,38,59595.0,290106.0,52547.0,12.7,3,-1,0,3,-1,4,-1,0,0,-1,0,-1,4
B02985,26,61170.0,198627.0,58375.0,3.9,3,0,-1,-1,0,0,0,0,0,0,0,-1,0
B02986,23,35384.0,138747.0,67889.0,6.7,2,4,3,-1,1,0,2,2,4,4,4,1,2
B02987,64,53200.0,102153.0,63192.0,12.6,0,0,-1,-1,0,0,-1,0,1,-1,0,0,0
B02988,51,44549.0,79028.0,53793.0,6.7,1,4,1,3,3,4,2,1,2,0,0,0,3
B02989,21,60239.0,261639.0,207155.0,4.1,2,-1,0,0,-1,0,0,-1,0,0,2,0,0
B02990,40,64885.0,241359.0,117226.0,6.1,5,-1,1,-1,0,0,-1,0,4,3,0,0,1
B02991,26,34319.0,177183.0,67039.0,6.2,2,1,1,3,-1,-1,1,0,-1,-1,0,3,0
B02992,26,72944.0,206829.0,62631.0,4.3,4,-1,0,0,0,0,-1,-1,-1,0,0,0,0
B02993,44,81787.0,286378.0,170275.0,2.8,1,3,4,0,0,0,4,0,0,-1,3,-1,0
B02994,62,31728.0,93589.0,50503.0,1.6,0,-1,0,-1,4,0,3,4,4,1,1,0,1
B02995,39,45364.0,124189.0,6011.0,7.4,2,0,0,0,0,0,-1,-1,0,0,0,-1,0
B02996,31,56563.0,242657.0,84803.0,0.6,0,0,-1,-1,0,2,1,0,4,4,-1,0,0
B02997,43,16514.0,68864.0,46568.0,8.6,1,-1,-1,0,0,-1,3,-1,0,-1,-1,2,1
B02998,45,57761.0,189715.0,64481.0,5.2,3,2,1,4,1,3,1,3,3,3,3,1,3
B02999,25,50287.0,214649.0,48516.0,5.9,2,-1,0,0,0,0,0,-1,0,0,-1,0,0
B03000,43,63734.0,353377.0,30808.0,10.7,3,0,2,0,0,0,3,-1,-1,-1,-1,-1,3
B03001,68,35495.0,204872.0,139038.0,5.8,2,-1,0,-1,0,0,-1,0,-1,0,0,0,-1
B03002,61,50583.0,288910.0,228539.0,1.2,1,1,4,0,4,2,2,0,-1,-1,2,1,3
B03003,69,53977.0,205164.0,12771.0,18.0,1,-1,0,-1,-1,0,-1,0,0,0,-1,-1,0
B03004,21,88012.0,258671.0,169482.0,5.9,3,3,4,1,0,0,1,1,2,3,3,1,1
B03005,55,43503.0,113327.0,87312.0,1.5,2,0,1,-1,-1,-1,0,-1,-1,-1,0,-1,-1
B03006,66,93944.0,309200.0,110520.0,8.6,2,0,4,1,0,0,3,-1,-1,-1,2,-1,-1
B03007,23,22215.0,112762.0,36160.0,6.5,0,2,3,4,2,3,3,-1,1,1,2,4,1
B03008,22,89166.0,469646.0,377984.0,2.9,2,1,4,1,1,0,2,1,3,3,2,4,2
B03009,61,20285.0,96778.0,33148.0,4.2,2,0,1,1,0,4,1,4,1,1,1,2,4
B03010,43,18261.0,97385.0,30915.0,7.8,3,0,-1,2,-1,0,-1,-1,0,0,-1,-1,0
B03011,61,47265.0,214415.0,189671.0,2.4,4,1,2,2,-1,-1,3,0,2,4,-1,2,3
B03012,40,62269.0,199970.0,142916.0,4.1,1,1,0,2,-1,-1,-1,0,-1,0,-1,-1,-1
B03013,29,56852.0,277200.0,155422.0,3.8,3,-1,0,-1,-1,-1,0,0,0,0,0,0,-1
B03014,40,37202.0,129591.0,45234.0,4.8,0,-1,-1,-1,0,3,3,1,-1,-1,-1,0,2
B03015,34,34635.0,94647.0,31362.0,7.8,1,2,0,4,1,0,0,-1,-1,0,1,0,-1
B03016,24,26533.0,131184.0,70711.0,9.3,2,4,3,3,4,1,4,0,4,3,2,3,1
B03017,47,66137.0,347372.0,109190.0,0.8,3,-1,-1,0,-1,-1,-1,0,0,-1,0,-1,-1
B03018,22,47044.0,254308.0,156942.0,7.3,1,1,-1,1,0,-1,1,3,2,4,2,-1,-1
B03019,28,32652.0,111561.0,43308.0,5.3,1,3,1,1,1,3,3,1,3,4,4,2,2
B03020,32,42383.0,185893.0,59212.0,12.6,1,3,1,4,2,3,3,1,1,0,3,4,0
B03021,46,42274.0,234016.0,5639.0,1.4,4,3,2,1,0,4,2,2,3,4,3,2,2
B03022,51,32614.0,180327.0,116064.0,8.2,1,2,0,-1,0,0,0,4,2,0,2,1,-1
B03023,49,106615.0,637116.0,211647.0,2.0,3,3,-1,0,-1,4,2,1,2,2,1,2,0
B03024,41,18091.0,107072.0,68328.0,1.8,2,1,4,3,2,2,4,3,2,1,2,3,2
B03025,67,27416.0,162902.0,34967.0,3.1,2,2,4,3,2,1,2,-1,4,2,2,3,1
B03026,58,25154.0,86837.0,65071.0,2.7,2,4,3,4,4,4,2,4,4,3,1,4,1
B03027,29,46352.0,217087.0,93939.0,12.6,3,-1,0,-1,0,-1,-1,-1,0,1,0,2,-1
B03028,53,20278.0,44060.0,7215.0,3.5,2,2,3,1,2,3,4,2,2,4,3,3,1
B03029,37,23327.0,118727.0,18374.0,5.4,4,-1,0,0,-1,0,0,4,-1,-1,-1,0,0
B03030,55,67885.0,223428.0,173768.0,1.2,0,0,-1,-1,0,0,0,-1,-1,0,0,-1,-1
B03031,44,34831.0,154289.0,96571.0,11.5,1,1,-1,0,0,-1,0,0,-1,0,0,0,-1
B03032,56,41825.0,159248.0,48078.0,9.0,2,-1,1,0,-1,2,4,1,0,0,-1,0,-1
B03033,64,42876.0,109099.0,25824.0,2.9,5,-1,0,-1,1,0,1,2,-1,1,0,0,0
B03034,39,48362.0,128004.0,57712.0,4.6,2,0,-1,-1,0,0,0,-1,-1,-1,3,-1,-1
B03035,64,26223.0,127479.0,72528.0,2.0,2,-1,-1,-1,0,0,-1,-1,0,-1,-1,-1,-1
B03036,37,46873.0,76681.0,20633.0,6.2,2,-1,0,0,0,-1,-1,0,-1,-1,0,-1,-1
B03037,43,37167.0,189065.0,93907.0,6.0,3,0,-1,-1,2,0,-1,2,-1,-1,0,-1,2
B03038,50,25501.0,93913.0,46468.0,5.0,1,0,-1,-1,0,0,0,0,-1,0,-1,-1,-1
B03039,30,26012.0,50432.0,25382.0,1.3,4,4,0,2,3,3,1,4,2,2,0,-1,0
B03040,39,27017.0,154280.0,9368.0,8.2,3,0,4,3,1,4,3,-1,2,3,0,0,2
B03041,62,37413.0,58817.0,15476.0,5.3,1,3,3,4,4,0,-1,-1,0,0,1,0,-1
B03042,60,57678.0,290450.0,116397.0,5.8,3,-1,0,0,0,-1,0,-1,0,0,0,-1,-1
B03043,31,23237.0,84002.0,13073.0,3.7,2,2,1,3,3,1,1,0,1,4,1,-1,-1
B03044,58,36351.0,194885.0,68375.0,2.8,2,3,2,3,3,1,2,1,2,3,2,4,4
B03045,61,27866.0,53147.0,9178.0,13.4,3,-1,0,3,2,0,0,0,0,0,0,0,-1
B03046,41,87627.0,212608.0,28884.0,10.0,2,-1,-1,0,0,0,-1,-1,0,0,-1,-1,3
B03047,47,26736.0,58488.0,5457.0,0.5,1,0,1,-1,0,-1,0,0,0,-1,0,0,-1
B03048,43,33937.0,77615.0,57111.0,6.1,2,-1,0,0,1,2,0,-1,-1,4,0,-1,0
B03049,53,30855.0,98822.0,40669.0,2.5,3,3,2,1,0,0,4,3,4,4,3,-1,1
B03050,39,28442.0,102278.0,27485.0,6.1,2,0,-1,-1,0,4,0,-1,-1,-1,0,0,-1
B03051,22,38610.0,62819.0,24518.0,9.1,2,-1,3,-1,-1,-1,0,4,0,2,-1,-1,-1
B03052,60,62194.0,342055.0,72110.0,1.7,0,0,0,-1,0,0,0,0,-1,-1,0,-1,-1
B03053,30,39947.0,226605.0,93855.0,7.1,2,0,0,-1,-1,-1,0,-1,0,1,-1,3,-1
B03054,35,37738.0,151793.0,101949.0,3.0,2,4,4,4,0,0,-1,-1,0,-1,0,0,0
B03055,45,61490.0,187968.0,91372.0,5.1,1,4,1,4,3,1,0,2,3,3,4,3,-1
B03056,66,72921.0,402203.0,349277.0,3.4,3,1,0,-1,0,1,0,3,1,1,-1,1,2
B03057,34,43662.0,106794.0,39271.0,6.5,4,0,-1,0,-1,0,-1,-1,0,-1,-1,-1,0
B03058,60,78263.0,178725.0,95729.0,6.5,1,-1,0,1,-1,0,0,0,0,-1,3,1,0
B03059,29,28780.0,107987.0,22371.0,3.4,4,-1,0,0,0,0,-1,0,0,0,-1,0,-1
B03060,45,42075.0,158245.0,67346.0,2.4,2,3,2,3,3,4,3,2,3,3,4,4,4
B03061,55,19857.0,46705.0,16980.0,7.4,1,0,0,-1,0,-1,0,0,0,-1,-1,-1,0
B03062,39,78056.0,426700.0,99893.0,13.1,2,0,-1,0,0,0,0,0,0,-1,0,-1,0
B03063,49,33125.0,195260.0,56932.0,2.6,2,0,-1,3,1,4,-1,0,-1,0,1,4,3
B03064,56,78219.0,258826.0,136653.0,6.7,2,-1,0,-1,2,3,-1,1,0,-1,0,-1,0
B03065,33,30367.0,118038.0,35947.0,2.3,1,-1,4,1,4,1,0,-1,0,-1,-1,-1,3
B03066,46,32995.0,190592.0,38154.0,4.7,3,-1,-1,0,0,-1,0,-1,-1,-1,-1,0,-1
B03067,67,48387.0,85228.0,46176.0,7.4,1,3,-1,0,0,3,4,-1,0,-1,-1,0,0
B03068,46,108920.0,477996.0,147477.0,8.1,2,-1,-1,0,4,0,0,0,-1,0,-1,0,0
B03069,59,55415.0,291138.0,72858.0,1.7,2,0,0,0,0,-1,-1,-1,0,-1,-1,0,-1
B03070,32,53361.0,82169.0,26927.0,7.3,2,-1,0,0,3,0,0,1,-1,0,0,-1,0
B03071,55,17832.0,29877.0,5730.0,4.8,0,0,-1,0,3,0,-1,-1,3,0,0,-1,0
B03072,44,40544.0,78311.0,44562.0,5.5,0,0,0,-1,3,4,2,1,4,4,4,1,-1
B03073,55,45861.0,73364.0,43407.0,7.8,4,0,0,0,3,4,2,0,0,0,0,-1,4
B03074,30,25450.0,142987.0,20317.0,13.2,0,1,0,0,-1,-1,-1,2,-1,0,3,3,2
B03075,40,27547.0,132180.0,29276.0,8.2,2,-1,2,-1,2,-1,0,4,1,0,0,-1,-1
B03076,40,36957.0,63501.0,6344.0,3.5,0,-1,-1,0,-1,-1,4,0,0,-1,-1,0,-1
B03077,55,39623.0,167784.0,71282.0,2.4,1,0,0,0,-1,0,0,0,4,0,0,-1,0
B03078,44,37687.0,162043.0,21524.0,4.6,2,4,0,-1,0,0,4,-1,0,-1,-1,-1,1
B03079,51,47052.0,274842.0,119430.0,6.9,2,-1,3,3,4,0,0,1,4,4,2,1,2
B03080,23,118511.0,258722.0,70632.0,7.7,0,1,3,2,1,2,1,-1,4,4,2,2,2
B03081,45,85879.0,271668.0,70199.0,3.0,2,0,0,3,-1,-1,-1,4,1,0,0,0,-1
B03082,66,20571.0,107855.0,81321.0,9.6,3,0,0,0,-1,-1,0,-1,-1,0,0,0,0
B03083,58,29537.0,163674.0,60911.0,7.3,2,-1,-1,2,-1,0,-1,0,-1,0,-1,0,-1
B03084,69,78564.0,377222.0,220760.0,6.4,1,-1,0,0,-1,-1,-1,-1,0,0,0,0,0
B03085,69,63114.0,122654.0,31211.0,8.9,2,0,0,2,4,1,2,4,-1,0,0,-1,-1
B03086,66,20926.0,108269.0,11491.0,8.8,1,4,-1,4,2,3,3,0,2,3,1,4,2
B03087,52,45332.0,200322.0,46061.0,5.2,2,-1,0,4,0,2,-1,-1,-1,-1,0,2,0
B03088,50,43452.0,203300.0,96608.0,8.1,1,0,-1,-1,0,-1,0,0,0,-1,-1,0,0
B03089,60,29951.0,83355.0,10417.0,2.7,3,0,1,0,-1,4,2,0,-1,-1,0,-1,-1
B03090,36,49092.0,252625.0,125345.0,17.3,1,0,1,0,-1,-1,0,-1,4,-1,3,2,-1
B03091,62,93338.0,513817.0,420256.0,4.2,0,-1,-1,1,-1,-1,0,-1,-1,-1,0,-1,-1
B03092,32,20007.0,90611.0,50016.0,4.5,3,4,3,1,4,2,1,2,-1,2,4,3,3
B03093,43,13177.0,38060.0,19882.0,6.4,2,-1,0,0,0,-1,0,0,0,0,-1,0,0
B03094,21,52776.0,197306.0,55038.0,9.7,1,1,4,1,3,2,2,0,3,3,4,2,1
B03095,31,49865.0,231648.0,39441.0,10.4,0,0,-1,-1,0,0,3,4,-1,0,-1,0,3
B03096,44,37716.0,72313.0,21884.0,0.8,1,0,-1,-1,3,2,2,4,4,-1,-1,-1,0
B03097,27,51594.0,103235.0,32843.0,6.7,1,0,-1,0,-1,0,-1,0,0,-1,-1,-1,4
B03098,23,46087.0,142786.0,59928.0,2.2,0,-1,-1,0,-1,3,4,-1,2,4,0,-1,-1
B03099,57,31214.0,140120.0,78143.0,7.7,2,4,2,1,2,4,1,2,2,1,1,-1,1
B03100,53,87582.0,414717.0,208788.0,5.8,4,0,-1,0,-1,0,-1,-1,0,0,0,-1,1
B03101,21,14579.0,56432.0,7873.0,0.4,3,0,1,-1,0,-1,-1,-1,0,3,1,-1,0
B03102,35,51405.0,117689.0,44438.0,6.7,2,0,-1,3,1,3,0,0,0,-1,-1,1,0
B03103,60,54713.0,212151.0,122573.0,0.1,5,-1,0,-1,-1,0,3,4,-1,0,-1,0,-1
B03104,55,70640.0,239198.0,27777.0,3.2,2,0,-1,0,-1,-1,-1,-1,0,4,0,-1,0
B03105,38,22582.0,80160.0,35923.0,6.6,2,0,-1,-1,-1,-1,-1,4,0,1,0,-1,-1
B03106,22,58393.0,201245.0,68621.0,6.5,1,4,2,1,0,0,0,2,3,2,3,1,4
B03107,30,25442.0,71012.0,46445.0,1.7,2,-1,-1,-1,3,3,2,0,3,4,4,3,2
B03108,52,100477.0,377692.0,245290.0,2.3,4,-1,-1,0,-1,0,0,-1,0,-1,-1,-1,0
B03109,63,29008.0,68646.0,22639.0,2.4,3,4,4,4,-1,3,4,3,4,-1,-1,2,-1
B03110,45,33211.0,128680.0,44934.0,13.1,5,2,0,-1,-1,-1,0,-1,4,3,2,1,0
B03111,32,33426.0,105409.0,52462.0,7.5,1,2,-1,3,4,-1,3,1,-1,0,0,-1,-1
B03112,60,78693.0,236146.0,47352.0,7.6,4,4,-1,3,3,4,3,3,4,2,0,3,4
B03113,38,33543.0,163440.0,72254.0,1.0,2,0,-1,-1,0,0,-1,0,1,0,0,-1,-1
B03114,52,27565.0,140987.0,43477.0,1.5,2,-1,0,-1,4,0,-1,2,0,0,0,0,0
B03115,65,59451.0,135369.0,49570.0,10.1,3,0,0,-1,0,-1,0,0,-1,-1,3,2,0
B03116,37,75918.0,321006.0,162934.0,3.0,0,3,0,0,3,4,-1,-1,4,2,3,3,2
B03117,50,36197.0,103308.0,20095.0,2.7,3,-1,0,0,0,0,0,0,0,-1,4,0,-1
B03118,59,25405.0,137445.0,101817.0,2.6,2,3,2,2,-1,2,2,1,1,3,1,2,1
B03119,67,79900.0,154659.0,66953.0,12.7,1,-1,-1,-1,-1,-1,0,-1,-1,4,-1,-1,1
B03120,59,32654.0,142000.0,65944.0,1.9,1,-1,3,2,4,3,2,2,3,1,-1,0,2
B03121,38,60876.0,280772.0,77539.0,11.3,4,0,-1,-1,3,4,0,-1,0,-1,-1,0,0
B03122,27,39768.0,67700.0,24087.0,7.7,0,0,1,2,3,2,3,1,0,4,4,0,1
B03123,62,85116.0,337999.0,195826.0,7.9,1,-1,0,-1,0,0,-1,0,0,-1,-1,-1,-1
B03124,46,57454.0,178862.0,73460.0,4.7,3,4,3,0,4,-1,0,2,0,-1,1,-1,2
B03125,28,47076.0,160694.0,58167.0,3.8,4,2,0,-1,0,-1,4,2,1,4,1,-1,-1
B03126,51,48588.0,156320.0,57262.0,4.2,2,1,2,1,1,3,1,0,1,-1,4,2,4
B03127,25,97366.0,583931.0,155208.0,4.3,3,-1,-1,-1,-1,0,0,0,0,-1,0,-1,-1
B03128,59,54040.0,130842.0,46067.0,3.7,4,1,4,1,2,2,0,0,0,4,3,-1,0
B03129,26,20963.0,79127.0,65043.0,2.5,3,-1,-1,3,0,-1,0,-1,0,0,-1,-1,-1
B03130,52,33354.0,167277.0,127266.0,1.9,1,0,0,-1,0,2,2,1,0,-1,-1,-1,-1
B03131,57,33933.0,183594.0,15571.0,4.2,1,-1,-1,-1,-1,4,4,0,-1,-1,3,0,0
B03132,25,41652.0,134324.0,63832.0,2.6,5,0,-1,0,-1,0,3,0,-1,0,0,0,-1
B03133,56,47536.0,224628.0,98770.0,4.8,3,3,3,2,2,3,3,2,1,1,2,2,-1
B03134,58,66633.0,320240.0,198454.0,5.9,2,-1,0,-1,0,0,-1,-1,0,0,0,0,4
B03135,61,47627.0,242807.0,78623.0,4.1,1,2,0,-1,0,-1,0,-1,0,1,1,0,0
B03136,68,85916.0,140155.0,33923.0,7.7,4,-1,0,-1,3,3,2,3,-1,2,1,-1,1
B03137,50,54300.0,314516.0,202766.0,9.2,0,4,3,3,0,0,4,0,0,4,4,0,-1
B03138,56,30463.0,104554.0,41187.0,5.0,1,0,0,-1,0,-1,-1,-1,-1,0,0,-1,0
B03139,56,40022.0,176456.0,86354.0,1.5,1,0,-1,-1,-1,-1,-1,0,-1,0,0,-1,0
B03140,42,64404.0,368769.0,91670.0,6.2,7,1,0,-1,3,3,1,2,1,0,4,-1,0
B03141,51,29759.0,146714.0,12889.0,7.5,1,-1,2,2,4,1,4,2,1,2,-1,-1,-1
B03142,36,38733.0,82628.0,21181.0,3.4,4,-1,0,3,3,3,0,-1,0,4,4,2,1
B03143,50,43402.0,102024.0,31460.0,4.3,1,0,-1,0,-1,0,-1,-1,0,-1,0,0,0
B03144,45,49600.0,83747.0,14929.0,11.9,2,0,-1,3,-1,0,-1,-1,0,-1,-1,-1,0
B03145,43,22561.0,67218.0,32667.0,2.2,2,-1,-1,-1,-1,0,-1,0,0,-1,0,0,-1
B03146,36,22286.0,94955.0,38449.0,3.3,0,0,-1,0,0,-1,-1,-1,0,0,-1,0,-1
B03147,53,28195.0,65573.0,21860.0,1.0,0,-1,0,-1,1,1,-1,0,-1,1,2,-1,-1
B03148,27,29502.0,88089.0,36643.0,6.7,2,0,-1,0,-1,4,3,2,3,1,-1,-1,2
B03149,66,35343.0,181212.0,8474.0,8.1,0,1,3,2,4,3,2,1,4,4,3,4,-1
B03150,57,53883.0,170034.0,41146.0,8.5,1,0,-1,1,2,-1,0,-1,0,3,1,4,3
B03151,42,225527.0,979701.0,487327.0,2.1,5,-1,-1,0,0,-1,0,-1,-1,0,0,0,0
B03152,43,70584.0,239154.0,58992.0,2.4,4,2,3,1,-1,3,2,1,2,3,3,1,-1
B03153,50,57790.0,95905.0,39308.0,3.1,1,4,-1,-1,-1,4,2,1,0,-1,1,0,0
B03154,43,43992.0,162874.0,73418.0,3.9,1,0,0,0,-1,-1,-1,-1,0,-1,4,-1,-1
B03155,56,60045.0,105525.0,42511.0,2.5,2,-1,-1,-1,0,0,0,0,-1,0,-1,-1,0
B03156,44,35168.0,165950.0,67279.0,3.6,2,-1,-1,3,1,2,3,1,1,3,3,4,2
B03157,59,53443.0,217860.0,125976.0,7.4,2,0,0,0,-1,0,-1,-1,-1,-1,0,0,0
B03158,69,23727.0,66120.0,10005.0,1.0,4,-1,1,1,-1,1,-1,-1,0,-1,0,-1,-1
B03159,28,40510.0,160503.0,108126.0,2.4,0,0,-1,1,1,-1,-1,-1,-1,0,-1,-1,-1
B03160,49,25758.0,101628.0,60559.0,4.9,2,-1,-1,3,1,1,4,3,3,-1,0,-1,-1
B03161,31,69477.0,184187.0,54226.0,11.1,1,-1,-1,0,0,0,0,-1,-1,0,0,0,-1
B03162,27,58702.0,214243.0,90024.0,4.8,3,3,3,4,1,4,0,0,4,3,4,2,4
B03163,45,20295.0,42338.0,20465.0,8.7,0,0,0,0,-1,0,-1,-1,0,4,0,-1,0
B03164,52,74379.0,267810.0,85500.0,2.6,1,0,0,-1,0,-1,-1,-1,-1,-1,-1,0,0
B03165,25,24922.0,72754.0,4650.0,9.2,3,2,2,2,4,2,2,0,4,4,2,-1,0
B03166,54,59742.0,94654.0,38322.0,12.3,2,0,-1,0,-1,0,-1,0,0,3,-1,-1,0
B03167,38,28490.0,125761.0,49574.0,1.2,1,-1,-1,2,1,3,0,0,-1,-1,-1,-1,4
B03168,44,90066.0,242934.0,137496.0,11.5,0,3,3,-1,-1,-1,-1,0,0,-1,-1,0,-1
B03169,65,25256.0,49564.0,18482.0,5.8,2,1,-1,-1,0,0,-1,-1,1,0,4,2,0
B03170,58,69417.0,185512.0,14809.0,2.3,2,0,-1,0,0,-1,-1,0,-1,-1,-1,2,-1
B03171,69,65099.0,115245.0,49721.0,7.6,4,0,0,0,-1,-1,0,-1,-1,0,2,0,0
B03172,44,40554.0,115997.0,63200.0,7.1,2,0,0,-1,-1,-1,-1,-1,0,0,-1,0,-1
B03173,46,124909.0,404194.0,66348.0,7.3,1,0,-1,-1,0,0,0,0,-1,0,0,0,0
B03174,49,57453.0,169381.0,38341.0,10.9,2,-1,0,0,0,-1,0,-1,-1,0,2,0,-1
B03175,60,25432.0,43021.0,22333.0,2.9,2,0,0,-1,-1,-1,0,4,0,0,0,-1,-1
B03176,69,16226.0,68608.0,34371.0,3.3,4,3,0,4,3,3,4,2,1,4,4,1,3
B03177,62,16123.0,91913.0,30970.0,3.4,1,2,2,-1,-1,2,-1,0,-1,0,-1,4,2
B03178,64,29102.0,45698.0,19809.0,8.5,4,0,-1,1,1,3,4,3,0,0,0,3,2
B03179,63,39093.0,64488.0,23569.0,2.5,1,4,-1,2,-1,0,0,0,0,0,0,-1,-1
B03180,46,71474.0,370693.0,267738.0,7.4,5,0,-1,0,0,0,0,0,0,4,-1,-1,-1
B03181,49,51660.0,259685.0,49539.0,3.1,0,0,0,0,-1,0,-1,0,0,0,-1,-1,-1
B03182,54,46963.0,252334.0,105074.0,3.7,0,0,4,-1,-1,4,3,4,0,0,-1,3,3
B03183,46,113378.0,336310.0,134545.0,6.1,2,-1,0,0,0,-1,0,-1,1,1,-1,0,0
B03184,56,14804.0,56237.0,18546.0,1.7,3,0,-1,0,-1,-1,-1,-1,0,0,-1,3,0
B03185,46,46823.0,230078.0,166788.0,7.6,3,0,0,0,0,2,0,0,0,0,0,0,-1
B03186,23,77499.0,286277.0,51258.0,5.4,2,0,-1,0,0,0,0,1,0,-1,4,1,0
B03187,64,31794.0,152440.0,21957.0,0.5,5,0,-1,0,0,0,0,-1,0,0,-1,4,-1
B03188,55,43765.0,82863.0,22445.0,6.7,2,3,3,3,2,-1,0,0,0,-1,0,4,1
B03189,44,48835.0,129424.0,50425.0,1.1,2,0,0,-1,0,1,-1,0,-1,0,-1,2,0
B03190,40,30308.0,138798.0,81463.0,9.5,2,1,3,-1,1,1,2,4,2,1,2,0,-1
B03191,21,20478.0,94476.0,35303.0,7.0,2,0,3,4,3,2,3,-1,3,3,3,2,1
B03192,48,23433.0,100988.0,22661.0,1.0,3,-1,0,-1,0,0,0,0,2,0,0,0,0
B03193,47,28423.0,46674.0,24115.0,5.0,2,0,-1,0,0,0,0,-1,0,-1,-1,-1,0
B03194,21,17418.0,37027.0,15868.0,15.3,4,-1,2,4,2,4,1,1,0,1,1,4,2
B03195,27,61902.0,193984.0,108812.0,2.1,3,0,0,0,0,1,0,0,-1,-1,-1,0,0
B03196,35,52634.0,214716.0,184683.0,2.0,0,-1,0,-1,-1,4,1,0,3,0,-1,-1,-1
B03197,52,15331.0,87980.0,63159.0,3.4,2,-1,-1,1,1,3,0,1,0,4,1,3,1
B03198,40,31308.0,144738.0,80463.0,6.9,1,3,4,0,0,-1,-1,4,4,-1,0,0,4
B03199,49,14260.0,54363.0,20707.0,3.0,4,0,-1,0,0,-1,0,0,0,-1,-1,0,-1
B03200,35,31582.0,104977.0,56000.0,11.6,2,-1,-1,-1,-1,-1,0,0,-1,-1,-1,-1,-1
B03201,36,105082.0,537207.0,111866.0,0.6,3,3,2,1,0,-1,0,0,0,0,3,-1,1
B03202,66,62319.0,266027.0,157408.0,4.1,2,-1,0,0,-1,0,0,-1,-1,0,0,0,-1
B03203,56,52498.0,134808.0,77597.0,1.0,5,-1,-1,4,0,-1,0,4,-1,0,0,-1,0
B03204,55,42313.0,239477.0,36642.0,0.6,5,0,0,-1,0,0,-1,0,0,0,-1,0,0
B03205,23,43560.0,206002.0,131689.0,3.9,2,-1,-1,-1,0,-1,0,-1,-1,0,-1,-1,4
B03206,24,44308.0,238797.0,67188.0,0.1,2,-1,-1,0,0,1,3,1,0,0,4,3,4
B03207,31,132691.0,272702.0,108070.0,9.2,2,-1,-1,1,0,-1,0,0,0,-1,-1,0,0
B03208,63,62079.0,204467.0,81574.0,2.4,1,-1,-1,0,0,2,-1,-1,-1,2,-1,2,0
B03209,69,43740.0,129159.0,36309.0,4.3,2,-1,-1,0,0,-1,0,0,-1,-1,0,-1,-1
B03210,43,78512.0,272440.0,73675.0,1.9,0,1,0,0,2,1,4,2,1,1,1,3,1
B03211,34,38655.0,179062.0,112581.0,18.2,1,-1,-1,0,0,0,-1,0,0,-1,3,0,0
B03212,59,67050.0,209418.0,95896.0,6.9,2,-1,0,0,0,-1,0,-1,-1,0,0,-1,0
B03213,54,37694.0,111191.0,60961.0,4.4,4,3,0,2,2,3,-1,-1,3,3,3,1,3
B03214,52,53650.0,106867.0,39695.0,9.1,2,2,-1,0,0,2,-1,0,4,2,0,0,-1
B03215,45,12417.0,56556.0,14572.0,3.2,2,0,3,3,1,1,2,-1,0,-1,0,1,1
B03216,65,52877.0,235303.0,49617.0,2.2,1,3,1,0,1,2,4,-1,2,2,2,1,3
B03217,38,150658.0,641358.0,194918.0,11.9,2,0,1,0,-1,-1,-1,-1,-1,0,0,0,0
B03218,55,20746.0,82878.0,47801.0,10.2,1,3,3,0,3,3,3,1,3,3,1,1,0
B03219,61,30368.0,180264.0,61068.0,5.1,4,-1,-1,3,0,0,1,-1,0,0,0,0,-1
B03220,25,35166.0,139642.0,26343.0,2.9,0,-1,0,-1,0,-1,1,2,4,1,0,-1,0
B03221,27,34537.0,59763.0,1859.0,5.2,0,0,3,3,2,1,2,4,4,4,4,4,2
B03222,27,28467.0,111731.0,38507.0,7.2,2,3,1,1,3,1,3,1,-1,-1,-1,3,0
B03223,31,126080.0,497964.0,90738.0,2.9,0,-1,4,3,1,-1,0,0,1,2,4,1,0
B03224,49,35604.0,178337.0,57761.0,1.1,2,-1,4,0,-1,-1,0,-1,0,4,4,0,0
B03225,32,58512.0,173034.0,61325.0,10.5,1,0,-1,0,-1,-1,-1,4,0,-1,2,4,3
B03226,57,19176.0,52403.0,7701.0,9.3,1,-1,1,0,0,0,0,0,-1,-1,0,1,-1
B03227,33,107422.0,555369.0,204599.0,2.2,2,1,-1,0,-1,-1,3,1,0,-1,0,0,2
B03228,63,89856.0,338441.0,175277.0,8.2,2,0,-1,0,0,2,0,1,0,4,3,4,4
B03229,44,33739.0,151803.0,95040.0,4.3,1,-1,-1,0,-1,-1,0,0,0,0,-1,-1,0
B03230,42,44852.0,207142.0,144142.0,2.1,3,-1,4,-1,3,4,3,3,2,4,3,1,4
B03231,26,34998.0,163916.0,65330.0,1.5,5,-1,1,4,4,3,2,2,1,0,0,3,3
B03232,58,47333.0,261893.0,35308.0,4.4,2,0,2,0,1,1,1,-1,3,4,3,1,0
B03233,24,72030.0,227121.0,73805.0,0.8,3,0,-1,0,4,-1,0,-1,0,-1,3,-1,0
B03234,40,30529.0,153657.0,129653.0,6.8,0,-1,-1,-1,0,-1,0,-1,0,0,0,-1,0
B03235,41,41826.0,115412.0,35630.0,1.5,0,0,0,-1,0,0,0,0,0,-1,-1,0,-1
B03236,62,19993.0,46267.0,12140.0,6.4,3,0,0,-1,1,-1,-1,3,2,3,-1,-1,-1
B03237,22,79040.0,349579.0,88029.0,5.2,3,-1,-1,-1,1,3,4,-1,0,0,4,4,2
B03238,30,82286.0,320964.0,72023.0,2.8,3,3,0,-1,-1,2,-1,0,-1,0,-1,0,1
B03239,21,66735.0,289521.0,188047.0,5.0,1,2,-1,-1,-1,-1,0,0,-1,0,0,0,0
B03240,43,35609.0,103848.0,81971.0,6.6,1,2,2,0,0,-1,-1,-1,3,2,0,0,3
B03241,31,21971.0,82718.0,28163.0,6.2,1,0,0,-1,0,0,0,-1,0,-1,-1,-1,1
B03242,39,46528.0,92802.0,35850.0,5.0,2,0,-1,3,4,1,0,0,-1,0,-1,-1,-1
B03243,36,59694.0,260710.0,194187.0,6.3,2,-1,0,0,0,0,-1,-1,-1,0,-1,0,-1
B03244,38,69178.0,366582.0,33241.0,1.6,2,-1,-1,-1,-1,0,-1,0,2,0,0,-1,0
B03245,29,49411.0,260965.0,91324.0,14.8,4,-1,0,0,-1,-1,-1,-1,0,0,-1,0,0
B03246,25,29481.0,148784.0,80629.0,0.5,2,-1,-1,1,-1,0,0,3,2,1,-1,-1,1
B03247,63,57973.0,210763.0,77614.0,6.0,3,-1,-1,-1,4,-1,-1,0,-1,4,-1,0,-1
B03248,65,25463.0,81185.0,63893.0,2.7,1,-1,-1,-1,-1,-1,1,1,0,0,-1,-1,3
B03249,63,28769.0,56830.0,19022.0,8.8,3,-1,0,0,0,-1,-1,0,-1,0,0,0,0
B03250,37,27288.0,157348.0,109833.0,7.4,1,3,3,4,0,4,1,4,2,3,4,1,3
B03251,64,40350.0,94214.0,31300.0,1.8,1,1,-1,-1,0,4,0,4,3,2,4,4,4
B03252,69,134659.0,750982.0,126290.0,4.5,2,-1,-1,4,0,0,-1,-1,-1,-1,-1,0,0
B03253,61,32705.0,126288.0,72791.0,10.7,3,0,0,1,0,-1,0,1,0,2,2,1,0
B03254,36,57148.0,306457.0,27384.0,4.6,3,0,-1,3,4,-1,-1,0,-1,1,4,4,2
B03255,36,29327.0,62949.0,37795.0,17.4,5,0,-1,-1,-1,-1,-1,0,-1,0,0,0,0
B03256,56,57613.0,178697.0,105448.0,5.8,3,-1,-1,0,0,4,-1,1,3,-1,0,-1,-1
B03257,36,41143.0,171400.0,46594.0,5.0,3,0,0,-1,-1,0,0,1,-1,0,2,-1,0
B03258,39,65342.0,200321.0,60116.0,1.8,3,0,-1,-1,-1,-1,-1,0,0,-1,-1,-1,0
B03259,40,38366.0,212908.0,176906.0,3.2,3,4,1,3,2,2,2,2,4,4,3,0,-1
B03260,34,22102.0,81958.0,14663.0,9.3,2,0,-1,1,2,4,2,2,3,1,0,4,3
B03261,29,50729.0,81148.0,67843.0,8.5,3,0,0,0,0,0,0,0,0,-1,0,-1,4
B03262,23,82030.0,215135.0,76298.0,4.1,0,2,1,1,2,4,1,1,2,4,4,1,3
B03263,35,27639.0,149239.0,54857.0,11.8,1,-1,0,0,0,0,0,0,3,2,0,-1,1
B03264,28,31038.0,66200.0,26961.0,7.9,1,0,0,0,0,0,3,-1,0,-1,-1,0,-1
B03265,45,32972.0,180487.0,67807.0,6.7,2,-1,-1,-1,0,0,0,-1,0,0,0,-1,0
B03266,48,30114.0,108047.0,70088.0,13.7,2,-1,-1,0,-1,-1,-1,0,-1,-1,-1,0,0
B03267,33,39356.0,73129.0,23834.0,2.2,1,0,-1,0,4,-1,0,-1,-1,0,0,-1,4
B03268,21,50956.0,280075.0,87728.0,9.0,0,0,-1,-1,-1,-1,2,2,0,-1,-1,0,3
B03269,47,55029.0,126980.0,64362.0,4.3,4,4,-1,1,3,2,4,4,2,1,4,1,2
B03270,61,56072.0,306730.0,193648.0,5.8,1,-1,0,0,-1,4,2,0,-1,0,0,-1,-1
B03271,46,16537.0,56274.0,17349.0,6.5,0,-1,0,3,1,-1,1,3,4,0,-1,-1,4
B03272,61,65222.0,335001.0,166962.0,8.5,0,4,0,0,0,3,1,2,-1,-1,0,3,2
B03273,29,82372.0,199093.0,83658.0,5.9,4,0,0,0,0,-1,0,-1,0,-1,-1,3,2
B03274,23,52356.0,161392.0,50347.0,11.0,4,3,0,-1,0,-1,2,4,0,0,0,0,-1
B03275,44,23954.0,58714.0,13680.0,4.1,7,0,0,2,4,4,0,0,0,0,-1,-1,3
B03276,52,67873.0,223966.0,105614.0,4.0,1,1,3,3,0,-1,1,2,1,1,2,1,-1
B03277,32,78057.0,452599.0,316092.0,2.8,1,1,1,1,2,1,2,1,3,1,3,3,4
B03278,23,51180.0,230765.0,140439.0,1.9,5,-1,3,-1,1,0,0,-1,-1,1,0,0,1
B03279,32,53623.0,89524.0,38912.0,16.8,2,0,-1,-1,-1,-1,0,0,-1,0,0,0,-1
B03280,54,30873.0,128876.0,66224.0,1.5,4,-1,-1,0,0,-1,-1,0,-1,0,0,0,-1
B03281,59,62366.0,306437.0,203771.0,3.4,3,0,0,0,-1,0,4,3,0,-1,0,-1,3
B03282,25,21117.0,34560.0,13141.0,7.8,2,-1,4,0,0,-1,1,0,-1,1,4,0,2
B03283,65,35867.0,136965.0,4535.0,3.8,2,2,2,1,2,3,3,-1,4,1,4,4,3
B03284,55,33306.0,104851.0,21322.0,3.9,1,1,2,2,4,-1,0,-1,-1,0,-1,0,1
B03285,43,67290.0,267247.0,93102.0,6.8,1,4,4,4,1,1,1,-1,2,3,4,2,3
B03286,52,27881.0,131417.0,37040.0,4.0,1,0,3,-1,0,0,4,-1,0,0,-1,0,0
B03287,46,36771.0,194502.0,107048.0,6.5,1,0,0,0,0,-1,-1,-1,-1,0,0,-1,-1
B03288,33,70915.0,412058.0,240886.0,7.3,4,-1,-1,-1,0,-1,0,-1,-1,-1,-1,-1,-1
B03289,38,28296.0,49297.0,4034.0,2.9,1,3,1,-1,-1,3,-1,4,0,-1,-1,2,-1
B03290,24,89017.0,466629.0,210215.0,2.5,2,0,0,-1,0,0,0,-1,-1,-1,0,-1,0
B03291,29,89539.0,136143.0,825.0,2.8,2,0,-1,0,-1,-1,-1,0,1,1,-1,0,-1
B03292,36,37955.0,60615.0,47446.0,2.6,0,4,2,1,3,3,0,4,4,4,1,1,-1
B03293,26,28686.0,141008.0,65317.0,4.4,0,4,3,4,1,4,4,1,1,1,3,3,3
B03294,29,34962.0,168195.0,41050.0,1.5,2,0,0,0,-1,0,2,-1,1,0,-1,0,0
B03295,45,52717.0,127599.0,78148.0,1.5,4,4,3,0,-1,-1,0,0,-1,-1,0,0,0
B03296,60,65707.0,158491.0,35654.0,3.4,0,-1,0,-1,-1,-1,-1,-1,0,0,-1,-1,-1
B03297,53,94817.0,260223.0,8727.0,6.5,3,-1,1,2,1,1,0,4,3,1,2,1,2
B03298,40,68179.0,259027.0,120516.0,6.3,1,-1,2,0,-1,3,3,2,1,-1,0,-1,-1
B03299,43,43348.0,182296.0,79200.0,9.8,1,2,0,1,1,3,4,2,-1,1,3,4,3
B03300,62,37130.0,60640.0,29781.0,3.9,1,4,3,3,3,4,1,0,1,2,1,1,4
B03301,48,88924.0,142739.0,14061.0,2.7,1,3,3,1,3,2,-1,0,0,-1,2,-1,2
B03302,42,36144.0,94181.0,44412.0,4.4,7,2,2,0,3,0,4,-1,3,3,2,2,4
B03303,50,51321.0,248686.0,44318.0,1.8,0,-1,-1,2,3,2,4,0,-1,0,0,-1,0
B03304,68,17572.0,95824.0,43650.0,2.8,3,-1,2,3,1,1,0,1,3,4,3,2,2
B03305,53,52377.0,266810.0,88057.0,7.1,1,0,-1,-1,-1,0,-1,0,-1,0,0,0,-1
B03306,38,21822.0,101652.0,67157.0,7.9,2,0,-1,0,0,0,0,0,-1,-1,0,0,-1
B03307,45,38909.0,97409.0,23896.0,6.5,1,0,-1,0,-1,-1,0,3,4,-1,0,4,3
B03308,53,39837.0,192933.0,56704.0,3.8,5,-1,-1,-1,0,-1,-1,-1,0,2,-1,-1,-1
B03309,46,29091.0,79814.0,41967.0,5.1,1,-1,3,2,2,-1,-1,-1,2,-1,-1,-1,1
B03310,59,17141.0,84852.0,14272.0,4.6,0,-1,0,0,-1,-1,2,-1,0,-1,0,-1,0
B03311,41,69166.0,249581.0,48594.0,0.7,0,-1,0,0,-1,-1,0,0,0,-1,-1,-1,2
B03312,51,44461.0,201207.0,40949.0,4.5,3,-1,1,4,1,2,4,3,-1,3,4,4,3
B03313,44,61427.0,239463.0,150964.0,3.5,1,0,0,-1,-1,0,-1,0,-1,0,0,0,0
B03314,68,62837.0,309246.0,228313.0,8.3,4,0,1,-1,0,1,0,2,1,-1,4,0,3
B03315,68,39746.0,162494.0,34804.0,9.0,3,-1,0,-1,-1,0,-1,-1,-1,-1,-1,0,0
B03316,43,16625.0,48955.0,12999.0,20.8,1,0,-1,0,-1,0,0,-1,-1,-1,-1,0,0
B03317,61,94025.0,293584.0,34761.0,1.5,0,-1,0,0,-1,0,0,-1,-1,-1,-1,-1,0
B03318,46,24694.0,99340.0,41971.0,1.6,4,-1,-1,0,0,0,-1,0,-1,0,-1,-1,-1
B03319,67,32623.0,175021.0,60686.0,1.1,1,-1,0,-1,-1,-1,0,-1,-1,-1,-1,-1,0
B03320,66,63697.0,325664.0,80388.0,10.9,2,2,2,3,1,3,1,-1,1,1,2,4,1
B03321,50,41437.0,133388.0,36901.0,5.1,1,-1,1,3,4,4,-1,3,3,4,3,2,3
B03322,66,24226.0,88988.0,26829.0,3.4,2,-1,0,0,-1,-1,0,-1,-1,-1,0,0,-1
B03323,51,40961.0,79992.0,28453.0,5.5,0,-1,0,-1,0,1,-1,0,0,-1,-1,0,3
B03324,53,25746.0,79604.0,9905.0,2.3,1,-1,3,1,1,0,-1,-1,0,-1,-1,3,3
B03325,51,50222.0,195570.0,49904.0,4.8,2,0,0,2,4,3,4,0,0,1,4,3,3
B03326,49,50710.0,134156.0,35858.0,0.8,4,1,-1,2,0,-1,4,0,2,3,3,3,1
B03327,43,90437.0,389374.0,262769.0,9.3,2,-1,-1,1,3,3,2,-1,-1,0,-1,-1,-1
B03328,48,149309.0,315035.0,98177.0,1.1,2,-1,0,0,0,-1,-1,2,3,1,0,1,1
B03329,50,35572.0,169520.0,73598.0,9.1,1,0,-1,0,-1,-1,-1,0,0,-1,-1,-1,2
B03330,58,33692.0,156876.0,30332.0,5.2,5,2,1,-1,0,0,0,3,1,-1,-1,1,0
B03331,45,25634.0,82194.0,32888.0,4.3,1,-1,-1,-1,0,-1,0,-1,0,-1,0,-1,-1
B03332,58,67029.0,356331.0,147239.0,3.2,1,-1,0,-1,0,-1,-1,-1,0,-1,2,-1,2
B03333,39,39812.0,111480.0,29254.0,14.0,1,0,0,-1,-1,0,0,3,3,4,0,-1,-1
B03334,25,55505.0,307717.0,105176.0,3.1,4,2,3,1,-1,-1,3,2,2,4,3,3,4
B03335,45,23944.0,119326.0,27195.0,10.8,0,0,-1,0,0,-1,0,-1,0,0,0,-1,-1
B03336,34,93372.0,466125.0,98375.0,0.1,1,-1,0,-1,0,3,4,3,-1,-1,-1,-1,0
B03337,41,42267.0,136239.0,44087.0,2.1,1,2,3,1,-1,-1,-1,1,-1,0,-1,0,4
B03338,48,111680.0,526484.0,159863.0,8.4,3,-1,0,-1,0,-1,4,4,3,3,3,1,-1
B03339,36,10626.0,52119.0,6650.0,7.6,1,-1,-1,-1,-1,0,-1,-1,-1,0,-1,0,-1
B03340,63,45700.0,197413.0,84658.0,6.8,1,0,2,-1,-1,-1,-1,-1,0,-1,-1,4,0
B03341,53,67708.0,310063.0,173714.0,20.8,3,0,-1,-1,-1,0,2,3,0,0,-1,0,0
B03342,27,46806.0,135702.0,16961.0,5.0,5,0,3,0,-1,3,4,2,1,1,1,0,0
B03343,41,50895.0,265106.0,76690.0,2.4,4,-1,0,0,0,0,-1,-1,0,0,3,-1,0
B03344,25,95096.0,490168.0,134622.0,1.0,0,4,-1,-1,0,2,1,-1,3,2,0,2,3
B03345,44,20701.0,111951.0,7578.0,5.1,2,0,3,2,4,4,3,4,0,3,-1,1,1
B03346,36,74997.0,359659.0,286646.0,0.3,1,0,-1,-1,0,0,-1,0,0,0,-1,-1,0
B03347,58,47261.0,280972.0,36885.0,1.9,1,1,3,2,3,4,4,4,4,2,3,1,1
B03348,22,41320.0,199597.0,139677.0,9.6,0,-1,2,-1,-1,2,2,3,3,2,1,1,2
B03349,22,36467.0,69318.0,37919.0,7.0,2,-1,-1,-1,-1,0,-1,0,0,2,-1,0,0
B03350,31,44147.0,249161.0,120957.0,11.3,2,4,1,4,1,3,1,3,2,3,2,1,1
B03351,47,66963.0,351448.0,109513.0,2.5,2,0,-1,-1,0,-1,-1,-1,2,-1,-1,-1,0
B03352,49,65568.0,292620.0,121643.0,1.1,1,3,1,1,2,2,3,3,2,2,0,2,1
B03353,69,53875.0,306399.0,34798.0,2.2,3,0,2,-1,-1,2,1,2,1,-1,-1,4,3
B03354,45,25190.0,105849.0,23522.0,5.1,1,-1,4,1,4,-1,0,3,1,3,-1,3,0
B03355,46,51989.0,191528.0,6819.0,5.9,1,-1,-1,-1,4,2,-1,-1,-1,0,-1,3,4
B03356,68,55207.0,252278.0,142753.0,2.6,4,-1,0,-1,0,0,-1,1,1,2,3,-1,-1
B03357,52,31204.0,157195.0,62244.0,3.8,4,4,2,4,4,3,2,-1,3,1,0,-1,2
B03358,54,24530.0,144024.0,54430.0,2.1,1,-1,1,-1,-1,-1,0,-1,-1,-1,0,-1,-1
B03359,53,50731.0,247188.0,87887.0,6.3,2,-1,-1,4,-1,2,3,3,1,3,3,1,1
B03360,40,47152.0,76476.0,32351.0,8.8,3,0,-1,0,-1,0,-1,0,-1,-1,0,-1,-1
B03361,55,20198.0,76448.0,31380.0,2.5,5,-1,0,0,0,1,4,2,4,2,4,4,4
B03362,69,56726.0,135065.0,126720.0,3.7,4,1,4,2,4,2,4,3,1,3,2,1,2
B03363,39,36452.0,197407.0,44985.0,5.8,1,1,-1,2,-1,-1,0,3,3,-1,4,1,-1
B03364,22,22415.0,118953.0,48409.0,14.9,1,-1,3,0,3,1,-1,0,0,-1,3,3,0
B03365,44,38867.0,117808.0,16673.0,4.9,2,0,4,0,0,0,4,3,-1,-1,-1,-1,-1
B03366,30,39802.0,179654.0,88263.0,3.5,3,-1,4,1,-1,1,1,3,-1,1,1,4,3
B03367,46,60274.0,157363.0,41144.0,5.4,2,0,-1,0,0,0,1,-1,0,-1,0,0,-1
B03368,30,125879.0,725425.0,300133.0,8.3,0,0,-1,-1,-1,0,0,-1,0,0,-1,-1,0
B03369,37,66936.0,392423.0,48770.0,8.3,2,0,0,0,4,3,4,3,1,4,0,4,4
B03370,30,29396.0,76501.0,12886.0,3.9,2,-1,0,0,3,-1,0,-1,-1,-1,0,0,-1
B03371,61,22163.0,74575.0,19797.0,11.4,1,3,3,4,2,0,3,2,4,3,1,0,3
B03372,33,23733.0,98691.0,24574.0,8.2,5,3,2,3,1,4,3,1,0,3,1,-1,1
B03373,28,56925.0,317605.0,139138.0,7.1,5,-1,4,-1,0,3,3,3,-1,-1,0,-1,0
B03374,54,36601.0,116526.0,65825.0,4.6,5,-1,3,4,-1,1,0,-1,0,1,1,0,4
B03375,44,45928.0,134881.0,14192.0,8.4,3,-1,-1,0,0,0,-1,-1,-1,-1,-1,0,-1
B03376,30,65429.0,193484.0,34952.0,1.5,3,-1,4,3,0,3,1,0,3,3,0,4,1
B03377,30,44170.0,87553.0,7930.0,5.0,2,0,2,-1,4,3,0,-1,-1,0,0,1,1
B03378,26,74061.0,262642.0,8953.0,6.1,1,2,4,0,2,2,3,-1,1,2,4,1,-1
B03379,54,47590.0,95373.0,61042.0,2.5,5,0,-1,-1,0,-1,0,0,4,4,-1,-1,-1
B03380,21,72694.0,247904.0,133161.0,4.4,0,-1,0,0,0,4,-1,3,3,4,0,2,-1
B03381,44,26924.0,52269.0,13260.0,3.4,2,-1,-1,-1,0,0,0,-1,0,-1,0,-1,0
B03382,42,29007.0,64512.0,20306.0,4.8,4,-1,0,0,4,4,0,-1,0,-1,0,4,-1
B03383,53,36562.0,60181.0,26858.0,6.9,2,-1,1,0,-1,0,2,0,-1,-1,-1,0,-1
B03384,34,89133.0,445506.0,308778.0,0.6,4,3,1,2,2,3,4,1,1,2,0,1,1
B03385,42,53010.0,125789.0,34323.0,4.0,2,0,-1,-1,-1,4,2,-1,-1,-1,1,-1,2
B03386,25,16103.0,28903.0,11329.0,19.2,5,3,4,3,0,2,3,3,-1,3,3,4,1
B03387,54,36198.0,185551.0,57718.0,14.8,0,0,-1,-1,-1,0,-1,0,0,0,-1,0,0
B03388,50,85580.0,209170.0,78496.0,4.8,2,-1,-1,0,0,-1,-1,0,-1,0,-1,0,-1
B03389,55,126248.0,218694.0,56518.0,5.0,1,-1,-1,-1,0,0,-1,0,-1,0,0,0,0
B03390,56,46573.0,275792.0,135019.0,7.4,5,1,2,2,2,1,2,3,2,4,1,3,4
B03391,38,40204.0,161703.0,93799.0,5.5,2,0,-1,-1,0,-1,-1,0,-1,0,-1,0,0
B03392,29,47146.0,157190.0,64807.0,7.2,1,-1,0,-1,3,2,3,2,-1,2,-1,4,-1
B03393,28,17441.0,52598.0,25736.0,11.9,2,0,1,-1,0,-1,1,-1,0,0,0,-1,3
B03394,23,46831.0,182784.0,103711.0,6.8,1,4,4,1,4,1,-1,4,2,2,0,2,3
B03395,46,21466.0,105233.0,31669.0,4.6,0,0,-1,0,-1,-1,-1,3,3,0,3,4,-1
B03396,29,19126.0,91782.0,22648.0,16.3,2,-1,-1,-1,-1,0,-1,0,-1,0,-1,0,-1
B03397,54,70731.0,340601.0,182197.0,4.7,1,-1,-1,-1,-1,-1,0,-1,0,-1,0,0,0
B03398,36,23846.0,127821.0,32233.0,12.1,3,3,1,-1,-1,-1,0,0,-1,0,0,-1,2
B03399,49,30741.0,141591.0,45564.0,1.4,2,0,3,1,0,0,1,3,1,0,4,3,0
B03400,68,52906.0,135430.0,88815.0,5.0,4,3,4,1,-1,-1,4,1,0,2,3,4,2
B03401,32,57805.0,104300.0,34413.0,12.2,0,3,0,-1,0,-1,4,-1,0,0,0,0,4
B03402,63,55938.0,159569.0,51833.0,10.2,0,0,2,-1,1,3,-1,-1,-1,0,0,-1,0
B03403,30,42781.0,117607.0,29060.0,5.0,2,-1,-1,0,-1,-1,3,4,1,-1,4,-1,0
B03404,28,24591.0,49552.0,15205.0,12.4,3,0,0,-1,-1,0,1,1,0,-1,-1,0,-1
B03405,65,39375.0,158039.0,51298.0,1.6,1,0,-1,2,4,3,-1,4,0,0,4,0,-1
B03406,51,50883.0,92510.0,31300.0,6.0,2,0,0,0,1,0,-1,4,-1,-1,3,-1,4
B03407,41,29272.0,54050.0,17486.0,5.0,2,0,0,-1,-1,2,0,0,0,-1,-1,0,0
B03408,22,43138.0,67080.0,55175.0,0.8,3,0,0,4,3,-1,4,3,1,4,4,4,2
B03409,52,67817.0,257114.0,134519.0,9.9,0,0,4,-1,0,4,1,-1,-1,-1,-1,0,1
B03410,21,40879.0,138678.0,34665.0,3.6,1,-1,0,1,0,0,2,0,3,0,0,-1,3
B03411,65,104481.0,331772.0,237687.0,2.1,0,-1,-1,0,-1,0,0,-1,0,0,0,3,0
B03412,40,15452.0,65717.0,16598.0,7.9,5,-1,-1,-1,-1,4,-1,-1,0,-1,-1,-1,-1
B03413,69,82040.0,166948.0,29184.0,4.6,0,4,4,3,2,2,4,3,0,-1,2,4,3
B03414,24,41310.0,178188.0,38329.0,1.7,1,-1,-1,0,0,-1,0,-1,3,-1,4,-1,-1
B03415,21,33038.0,146989.0,23189.0,9.1,0,0,-1,-1,1,0,0,1,0,-1,-1,-1,-1
B03416,30,32289.0,68267.0,10788.0,5.2,4,-1,0,3,2,1,0,-1,2,4,0,2,1
B03417,53,62641.0,262375.0,116137.0,2.4,1,-1,-1,3,4,0,1,-1,0,-1,1,2,1
B03418,31,47325.0,222873.0,94402.0,1.7,5,-1,0,-1,0,0,0,0,0,-1,4,-1,4
B03419,31,44148.0,148837.0,91913.0,5.2,4,4,-1,-1,1,2,-1,-1,3,3,0,2,1
B03420,49,89908.0,531828.0,398165.0,5.0,2,-1,0,0,-1,-1,-1,-1,0,0,0,4,-1
B03421,26,45835.0,99828.0,37544.0,14.0,1,0,0,0,0,0,-1,0,-1,0,-1,-1,0
B03422,28,53399.0,256774.0,126796.0,6.0,1,-1,1,1,0,4,1,3,0,-1,1,2,0
B03423,39,80742.0,470628.0,233024.0,8.3,6,2,2,1,1,-1,2,0,-1,0,4,-1,-1
B03424,48,38254.0,131000.0,53250.0,3.3,1,-1,-1,4,3,0,-1,0,1,2,4,0,0
B03425,48,29945.0,136711.0,72817.0,2.7,1,2,4,3,0,3,4,0,-1,0,2,2,4
B03426,42,38122.0,202816.0,65577.0,5.5,3,0,0,0,0,3,0,-1,-1,0,0,0,-1
B03427,53,17568.0,73103.0,18123.0,3.9,0,0,4,2,2,3,1,0,0,0,-1,0,-1
B03428,28,73873.0,311798.0,105259.0,5.7,0,3,2,3,0,2,4,4,4,2,4,1,4
B03429,67,39434.0,149767.0,30798.0,4.9,2,4,-1,3,-1,0,-1,-1,-1,1,3,4,2
B03430,65,55263.0,85717.0,12324.0,10.3,0,0,1,0,-1,-1,0,0,-1,0,-1,-1,0
B03431,43,29103.0,155140.0,55254.0,2.5,3,-1,0,1,0,2,2,0,3,1,3,-1,0
B03432,53,56366.0,124843.0,86231.0,8.7,1,0,-1,0,0,0,0,0,0,0,0,0,0
B03433,59,80662.0,246367.0,48359.0,1.1,3,0,1,2,-1,0,0,2,4,3,3,4,3
B03434,36,73701.0,358385.0,167730.0,5.4,0,-1,1,-1,-1,-1,2,-1,-1,0,4,0,3
B03435,58,65379.0,350402.0,71862.0,4.7,1,-1,-1,0,-1,-1,3,2,-1,-1,0,0,0
B03436,42,118717.0,492179.0,301906.0,2.4,1,2,4,2,1,1,3,-1,-1,0,-1,1,-1
B03437,45,36814.0,142328.0,26843.0,3.8,3,1,-1,-1,-1,3,-1,1,-1,0,3,0,0
B03438,34,32423.0,109682.0,29356.0,10.5,2,4,-1,0,1,1,2,2,1,3,2,1,0
B03439,53,87057.0,138817.0,54951.0,9.7,3,0,0,2,2,1,0,-1,-1,1,-1,2,4
B03440,33,22650.0,134958.0,48052.0,4.6,4,-1,2,2,4,3,2,2,3,1,3,2,2
B03441,26,38410.0,65338.0,31369.0,8.1,3,3,1,1,0,1,3,2,-1,4,4,3,0
B03442,67,35841.0,71316.0,22314.0,1.2,3,0,3,1,3,-1,-1,-1,0,0,0,3,3
B03443,22,63671.0,291994.0,40943.0,5.6,2,0,-1,0,0,-1,1,3,-1,0,0,0,0
B03444,39,28762.0,49840.0,11628.0,2.0,3,-1,-1,-1,3,2,3,0,-1,-1,-1,0,0
B03445,41,100986.0,153317.0,27578.0,3.4,1,0,0,-1,1,-1,4,3,4,3,1,1,0
B03446,59,100430.0,391154.0,334857.0,9.6,1,1,0,-1,-1,-1,-1,0,0,-1,0,0,0
B03447,27,94939.0,485404.0,169332.0,8.3,3,0,1,-1,3,0,-1,2,2,0,-1,4,3
B03448,23,14603.0,31067.0,21971.0,0.4,0,4,4,1,2,2,2,3,3,2,3,4,2
B03449,52,103953.0,298647.0,176197.0,6.4,2,0,-1,3,3,0,2,1,1,-1,0,0,0
B03450,41,55416.0,134894.0,65603.0,15.5,2,1,-1,-1,1,1,1,3,1,0,2,4,0
B03451,60,34319.0,85995.0,34475.0,10.2,1,-1,-1,-1,-1,-1,-1,0,-1,0,0,-1,-1
B03452,55,70276.0,348844.0,103802.0,2.7,1,1,1,0,4,4,4,1,1,4,1,3,2
B03453,52,42601.0,71069.0,41002.0,4.1,1,0,2,0,3,3,2,0,0,0,0,3,-1
B03454,60,44367.0,169999.0,24016.0,6.4,0,3,4,3,3,3,2,1,3,4,1,3,1
B03455,64,24192.0,78302.0,13960.0,21.6,3,-1,-1,2,3,-1,-1,1,2,0,4,3,2
B03456,45,28227.0,135641.0,88712.0,7.3,3,-1,0,0,2,3,1,4,3,2,4,4,-1
B03457,52,55724.0,330333.0,134499.0,7.8,1,0,-1,-1,0,-1,-1,-1,-1,-1,0,-1,-1
B03458,38,40198.0,215022.0,138021.0,11.6,2,-1,0,-1,-1,0,0,-1,0,0,0,0,0
B03459,51,53992.0,148710.0,101564.0,4.4,1,0,0,2,3,-1,-1,2,2,0,-1,1,0
B03460,61,57217.0,276008.0,123066.0,1.6,1,3,3,4,1,1,1,4,3,2,2,-1,0
B03461,38,24592.0,130207.0,89388.0,6.6,2,-1,0,-1,0,0,-1,0,-1,0,0,-1,-1
B03462,33,88372.0,496054.0,200185.0,6.9,3,0,-1,3,1,3,2,2,0,1,-1,-1,0
B03463,24,18453.0,48609.0,20088.0,3.1,2,2,1,1,2,4,3,1,3,1,3,3,2
B03464,32,44102.0,79495.0,36441.0,8.2,2,0,-1,0,-1,-1,-1,-1,-1,0,0,0,-1
B03465,45,52691.0,159851.0,67380.0,5.5,1,-1,1,2,0,3,-1,-1,1,1,4,1,0
B03466,21,19127.0,110349.0,12657.0,5.9,3,-1,-1,0,0,2,-1,-1,0,1,-1,0,-1
B03467,49,41972.0,64472.0,25529.0,7.3,4,0,-1,-1,-1,0,-1,1,0,0,0,-1,-1
B03468,37,20420.0,66353.0,13135.0,3.1,5,0,-1,-1,3,-1,3,1,0,1,1,-1,0
B03469,33,94200.0,153400.0,26324.0,11.9,0,3,3,2,2,4,2,2,1,1,1,3,1
B03470,57,66524.0,182850.0,101460.0,6.7,2,0,-1,0,0,0,-1,-1,-1,0,0,-1,-1
B03471,48,71299.0,288027.0,94417.0,1.8,2,0,0,0,0,1,-1,0,-1,-1,0,0,0
B03472,45,72038.0,384981.0,69696.0,8.8,4,-1,-1,0,0,0,-1,-1,0,-1,0,-1,0
B03473,24,61476.0,349532.0,53129.0,1.9,2,-1,-1,2,-1,3,1,0,2,1,0,-1,-1
B03474,61,39313.0,155392.0,25005.0,2.0,3,-1,-1,-1,0,-1,0,0,0,-1,-1,-1,-1
B03475,48,99596.0,372492.0,217122.0,12.7,2,0,-1,-1,-1,0,0,0,0,-1,0,-1,0
B03476,61,40871.0,236945.0,129313.0,9.0,1,1,3,1,1,3,4,1,2,4,3,4,2
B03477,31,32233.0,116639.0,7234.0,6.4,1,3,1,0,3,4,2,-1,-1,4,0,0,0
B03478,65,41253.0,208332.0,66264.0,3.2,0,0,-1,0,-1,-1,-1,-1,0,-1,-1,-1,0
B03479,52,70348.0,307637.0,170667.0,4.3,3,2,3,2,2,4,3,2,1,-1,4,3,4
B03480,47,48356.0,213697.0,128826.0,11.2,2,0,-1,4,3,2,-1,-1,-1,3,1,3,3
B03481,37,25222.0,51397.0,25993.0,5.3,1,-1,-1,-1,0,-1,-1,-1,0,0,2,-1,-1
B03482,38,29646.0,159160.0,92310.0,5.6,1,2,4,4,4,2,-1,0,3,2,1,2,-1
B03483,61,55888.0,167335.0,93309.0,3.6,5,0,-1,0,-1,-1,-1,-1,0,-1,-1,-1,-1
B03484,60,22324.0,127222.0,34584.0,12.7,1,0,0,0,0,-1,-1,0,-1,0,-1,0,4
B03485,69,33608.0,165059.0,16295.0,6.8,0,-1,-1,-1,0,0,-1,2,3,3,4,0,-1
B03486,42,34041.0,181796.0,152253.0,5.2,3,1,4,2,3,4,3,4,1,2,4,0,-1
B03487,35,36416.0,106219.0,30513.0,4.9,1,-1,1,-1,2,0,1,0,2,4,1,0,-1
B03488,35,32624.0,58514.0,35602.0,5.1,4,2,3,4,0,0,4,1,0,0,0,0,4
B03489,28,40474.0,149322.0,74935.0,4.8,5,-1,3,2,0,-1,-1,2,-1,0,-1,-1,0
B03490,55,103191.0,543538.0,394140.0,1.1,2,0,3,3,3,2,4,-1,0,0,1,3,0
B03491,34,46746.0,229798.0,93144.0,14.7,3,-1,-1,-1,-1,-1,-1,0,0,0,3,0,0
B03492,54,75163.0,125142.0,49368.0,4.0,2,0,1,2,4,-1,0,2,-1,2,0,-1,3
B03493,50,25253.0,121885.0,41117.0,14.3,5,2,3,0,1,1,2,2,-1,4,3,0,4
B03494,38,54961.0,120181.0,79224.0,11.8,3,0,-1,-1,0,0,0,0,0,0,0,0,0
B03495,59,39625.0,79137.0,37469.0,6.0,2,3,3,1,3,2,4,4,1,1,3,2,1
B03496,68,20690.0,41783.0,17901.0,5.0,3,-1,3,3,3,1,3,3,0,-1,1,0,2
B03497,33,68043.0,188170.0,88830.0,7.6,3,-1,0,-1,1,0,0,0,3,2,1,0,-1
B03498,50,73139.0,369600.0,60289.0,9.1,1,3,1,4,2,3,2,0,2,3,-1,1,-1
B03499,30,76771.0,165547.0,55109.0,6.1,3,0,-1,0,-1,-1,0,-1,0,0,-1,0,-1
B03500,23,29264.0,174686.0,95813.0,4.3,3,2,-1,1,-1,3,3,4,-1,1,-1,1,3
B03501,27,20899.0,108384.0,6487.0,1.9,1,2,2,1,2,2,4,4,4,2,4,4,4
B03502,35,35484.0,147980.0,66892.0,1.9,2,-1,-1,0,0,1,0,0,-1,0,-1,-1,0
B03503,25,72723.0,275110.0,155132.0,4.7,0,-1,0,0,0,-1,0,-1,0,0,0,-1,-1
B03504,34,31777.0,150067.0,28408.0,4.0,0,2,0,2,4,4,1,2,4,2,3,1,3
B03505,30,13800.0,48551.0,15847.0,1.6,0,0,0,0,-1,-1,0,-1,0,-1,0,0,0
B03506,35,27139.0,134182.0,30760.0,4.6,3,3,0,0,4,3,-1,4,4,-1,2,-1,3
B03507,21,70617.0,214969.0,101078.0,14.5,5,4,1,4,1,1,0,2,4,3,0,1,2
B03508,67,38979.0,152508.0,48630.0,6.6,2,0,0,0,-1,-1,-1,0,0,1,0,-1,0
B03509,55,40252.0,88267.0,60261.0,6.1,2,0,-1,-1,0,-1,0,0,-1,-1,0,-1,-1
B03510,26,39532.0,63724.0,34385.0,2.0,4,1,0,4,1,-1,0,-1,1,1,-1,0,0
B03511,38,31093.0,148642.0,58234.0,7.0,1,4,-1,-1,-1,4,1,3,0,0,-1,3,0
B03512,24,87212.0,219782.0,55697.0,2.3,4,2,2,0,4,2,1,-1,4,3,-1,1,0
B03513,54,79028.0,176368.0,67590.0,3.9,0,-1,-1,3,4,4,1,0,4,1,2,4,3
B03514,37,44574.0,154589.0,37530.0,7.9,1,-1,0,0,2,-1,-1,3,1,0,-1,0,-1
B03515,31,22758.0,52838.0,25916.0,3.6,2,2,1,-1,0,3,-1,-1,-1,0,2,4,3
B03516,53,52782.0,158791.0,27298.0,3.1,2,-1,-1,-1,-1,0,4,0,-1,-1,-1,0,0
B03517,50,81558.0,188804.0,67907.0,1.3,3,0,0,0,0,1,0,-1,-1,-1,-1,0,0
B03518,33,24862.0,85817.0,5809.0,4.6,0,1,1,4,3,4,1,1,0,-1,4,1,2
B03519,24,73161.0,184865.0,63539.0,17.7,4,-1,4,0,0,4,-1,4,-1,0,0,4,4
B03520,67,29999.0,77555.0,56606.0,3.0,1,1,-1,0,2,2,1,-1,-1,2,3,2,1
B03521,31,118562.0,528624.0,265458.0,3.0,1,1,-1,-1,3,3,4,4,3,-1,3,4,1
B03522,45,52088.0,247317.0,99456.0,7.9,1,0,0,0,-1,1,-1,0,0,0,-1,-1,0
B03523,25,56902.0,177987.0,88757.0,7.5,2,0,0,-1,-1,0,0,0,0,0,0,0,0
B03524,68,50214.0,130092.0,13945.0,3.5,2,0,-1,0,0,-1,2,3,0,1,4,-1,3
B03525,59,99101.0,516344.0,2321.0,12.5,3,-1,0,0,-1,-1,-1,-1,0,-1,-1,0,0
B03526,45,41024.0,144588.0,5096.0,8.8,2,4,2,-1,1,-1,3,4,3,1,0,-1,-1
B03527,32,28868.0,162782.0,35842.0,4.9,2,1,-1,4,3,2,3,0,1,2,4,4,2
B03528,64,49966.0,288296.0,72561.0,5.2,4,0,-1,-1,-1,-1,0,0,-1,0,-1,-1,0
B03529,44,69221.0,205111.0,39413.0,3.4,0,0,0,-1,-1,-1,0,0,0,2,-1,0,-1
B03530,32,62338.0,302809.0,58992.0,9.0,1,0,0,-1,0,0,0,-1,-1,-1,0,0,0
B03531,34,46335.0,109083.0,27010.0,2.2,2,-1,0,0,2,1,-1,0,-1,4,2,4,2
B03532,25,59670.0,309429.0,113250.0,11.3,0,3,0,4,4,1,2,1,2,1,3,1,4
B03533,22,78871.0,191281.0,62636.0,12.9,5,-1,0,-1,-1,-1,-1,-1,-1,-1,-1,0,1
B03534,62,56096.0,194774.0,114819.0,4.6,4,3,1,0,-1,-1,-1,-1,0,0,4,2,2
B03535,31,54976.0,194372.0,55483.0,1.9,2,-1,-1,0,-1,-1,-1,0,-1,-1,0,0,-1
B03536,21,54445.0,305384.0,118846.0,6.9,1,0,-1,-1,2,-1,-1,0,0,-1,2,-1,0
B03537,28,88133.0,392139.0,115402.0,3.6,1,-1,-1,3,-1,-1,0,2,0,0,-1,0,0
B03538,63,71441.0,325869.0,135774.0,6.8,2,-1,-1,0,-1,-1,-1,-1,0,-1,0,0,0
B03539,36,143141.0,311776.0,155232.0,8.5,3,0,4,4,0,-1,0,0,3,1,0,3,-1
B03540,27,104080.0,418098.0,175449.0,2.8,0,-1,-1,0,-1,-1,-1,0,-1,-1,0,0,0
B03541,54,28677.0,93743.0,20009.0,3.2,1,0,0,-1,0,1,0,-1,0,-1,-1,-1,0
B03542,55,127547.0,579269.0,202304.0,2.9,3,0,0,0,-1,0,-1,0,3,0,-1,-1,0
B03543,48,43660.0,73720.0,32336.0,12.6,5,0,3,-1,0,-1,0,0,-1,0,0,-1,0
B03544,56,69968.0,131571.0,31563.0,1.9,0,1,-1,-1,-1,0,2,1,4,0,0,-1,-1
B03545,48,63585.0,202077.0,67369.0,11.1,1,-1,0,0,0,0,0,-1,-1,0,0,-1,0
B03546,21,40354.0,63059.0,13771.0,5.1,2,0,0,-1,0,0,1,4,3,-1,0,-1,3
B03547,39,71116.0,409074.0,335631.0,3.7,0,-1,1,-1,4,-1,2,4,4,2,0,0,3
B03548,36,52830.0,306781.0,147861.0,9.3,1,0,0,2,-1,-1,0,0,-1,0,0,0,0
B03549,38,39930.0,81846.0,24576.0,18.0,2,2,2,1,1,4,1,1,4,0,2,2,-1
B03550,34,71904.0,259731.0,50487.0,6.8,1,0,-1,0,0,4,0,0,-1,-1,-1,0,-1
B03551,31,51041.0,137172.0,13589.0,3.6,4,1,0,2,1,-1,3,4,4,3,4,-1,4
B03552,45,33978.0,149554.0,42701.0,4.9,2,-1,-1,0,4,0,-1,0,-1,-1,0,0,-1
B03553,48,22017.0,82215.0,13633.0,1.1,3,-1,3,4,4,2,3,3,2,4,3,1,3
B03554,51,132026.0,762958.0,82802.0,6.3,3,0,-1,-1,0,0,0,-1,0,0,0,0,4
B03555,57,34057.0,137966.0,26328.0,4.1,5,0,-1,-1,0,0,-1,-1,4,2,-1,0,0
B03556,63,32125.0,102269.0,13948.0,1.2,2,3,2,2,0,-1,2,3,2,-1,-1,1,-1
B03557,32,48426.0,156057.0,69442.0,2.0,3,0,0,-1,3,2,3,4,-1,0,0,-1,0
B03558,66,22743.0,108845.0,25998.0,7.3,0,-1,-1,0,-1,0,-1,0,-1,0,0,-1,0
B03559,58,105472.0,248035.0,105184.0,2.3,3,-1,0,2,0,-1,0,0,0,-1,-1,0,-1
B03560,52,97883.0,343784.0,249074.0,5.7,2,-1,0,-1,0,-1,-1,0,0,0,-1,-1,-1
B03561,38,33685.0,66184.0,37555.0,10.3,1,-1,-1,0,-1,-1,-1,0,0,0,-1,0,-1
B03562,25,21373.0,46764.0,34069.0,3.6,4,4,4,-1,1,3,2,-1,0,0,3,4,1
B03563,59,63618.0,289079.0,158414.0,6.8,0,3,0,1,-1,-1,1,1,-1,0,2,1,-1
B03564,58,11825.0,70594.0,33202.0,5.2,1,0,-1,-1,0,4,2,-1,1,1,2,1,-1
B03565,45,58498.0,202523.0,38243.0,3.1,4,4,2,-1,0,0,3,0,0,-1,0,0,-1
B03566,65,106006.0,461909.0,188434.0,1.2,1,-1,-1,0,0,-1,4,-1,0,0,1,3,-1
B03567,29,31337.0,139563.0,43775.0,5.9,2,0,-1,0,0,-1,0,0,-1,-1,-1,0,-1
B03568,53,75986.0,296068.0,67275.0,11.4,2,0,-1,-1,0,0,-1,0,-1,0,3,-1,-1
B03569,64,127650.0,386338.0,78367.0,5.9,0,-1,0,0,0,-1,0,0,-1,0,-1,0,0
B03570,30,55324.0,122221.0,63415.0,6.3,3,4,0,-1,3,1,4,1,-1,2,1,4,3
B03571,69,27780.0,149740.0,60098.0,6.5,4,0,1,1,4,3,-1,-1,2,-1,2,-1,-1
B03572,64,28962.0,139494.0,66927.0,6.4,1,1,0,-1,0,0,-1,4,2,0,0,0,0
B03573,26,23931.0,140694.0,63925.0,1.7,4,0,0,0,4,3,3,1,0,-1,2,0,0
B03574,46,29010.0,89420.0,48410.0,9.4,3,0,0,-1,-1,4,0,1,1,-1,-1,0,-1
B03575,40,57004.0,134707.0,93288.0,7.9,2,0,-1,0,0,-1,0,-1,-1,-1,-1,-1,0
B03576,55,151403.0,534778.0,185654.0,4.2,2,-1,-1,0,-1,0,-1,-1,-1,0,-1,0,0
B03577,41,32376.0,127293.0,20411.0,3.9,0,0,-1,-1,0,0,-1,-1,0,0,-1,-1,0
B03578,69,24978.0,57377.0,21591.0,1.8,1,2,3,1,3,3,4,2,3,3,1,2,4
B03579,40,36141.0,189202.0,135799.0,0.9,2,0,-1,0,0,-1,-1,-1,0,0,0,-1,-1
B03580,61,39179.0,223368.0,143370.0,8.4,2,2,4,-1,0,-1,0,-1,1,0,0,3,4
B03581,30,36386.0,69948.0,14437.0,0.9,2,1,-1,4,1,2,3,2,3,1,-1,4,1
B03582,37,100940.0,241586.0,31268.0,6.7,3,0,-1,0,-1,-1,0,0,-1,-1,0,0,-1
B03583,64,71196.0,240591.0,190197.0,3.0,1,-1,0,0,-1,-1,0,-1,0,0,-1,-1,-1
B03584,35,77965.0,433027.0,258785.0,2.7,1,0,0,-1,3,0,4,1,-1,0,4,4,0
B03585,45,40097.0,108279.0,36840.0,6.8,1,0,-1,-1,-1,-1,0,-1,0,0,-1,-1,0
B03586,56,45622.0,130467.0,10370.0,3.5,1,4,4,-1,0,0,-1,-1,-1,-1,-1,0,0
B03587,28,15808.0,47607.0,10109.0,6.1,1,4,2,3,4,3,1,4,4,2,1,3,4
B03588,24,28170.0,123142.0,82065.0,8.0,2,-1,0,0,-1,-1,-1,-1,0,0,-1,-1,0
B03589,66,20073.0,110920.0,73978.0,4.6,1,0,2,2,1,3,4,-1,4,0,0,3,3
B03590,64,53086.0,274561.0,176797.0,0.8,3,2,2,-1,1,-1,-1,-1,2,0,1,4,4
B03591,35,97073.0,303816.0,171200.0,17.5,0,0,-1,-1,0,0,-1,0,-1,-1,0,0,3
B03592,27,26756.0,113161.0,84389.0,2.8,3,1,-1,4,2,4,2,1,2,2,-1,-1,0
B03593,69,58830.0,192741.0,89901.0,2.7,1,0,-1,3,0,0,-1,0,-1,1,-1,3,2
B03594,68,88323.0,358572.0,214361.0,6.7,2,0,0,-1,0,3,-1,-1,0,-1,-1,-1,0
B03595,24,27573.0,52837.0,22674.0,5.2,2,-1,3,2,2,1,1,-1,2,-1,2,4,1
B03596,41,67937.0,383896.0,156584.0,4.6,1,1,1,2,-1,-1,-1,-1,0,-1,3,1,0
B03597,52,87843.0,379194.0,201207.0,8.4,3,4,2,1,1,3,2,4,4,2,1,4,2
B03598,46,93098.0,443146.0,87794.0,7.4,1,2,3,0,0,-1,-1,0,-1,-1,-1,0,-1
B03599,30,21160.0,93933.0,56130.0,13.7,2,0,-1,0,0,0,-1,-1,0,0,-1,0,-1
B03600,52,56053.0,237871.0,69925.0,2.7,0,2,2,1,-1,-1,-1,0,4,4,3,4,3
B03601,32,32882.0,160808.0,124605.0,8.2,2,0,0,-1,-1,-1,2,0,-1,-1,0,0,-1
B03602,69,24369.0,55735.0,2577.0,6.7,2,-1,-1,-1,0,-1,-1,-1,0,0,-1,-1,0
B03603,65,50444.0,145332.0,33978.0,5.2,2,0,-1,0,0,0,-1,3,-1,0,3,4,3
B03604,48,25292.0,91640.0,28618.0,5.7,3,-1,3,0,-1,-1,0,-1,0,0,-1,-1,0
B03605,30,44026.0,167867.0,8198.0,5.6,0,-1,0,-1,4,0,3,2,0,-1,0,0,-1
B03606,60,96309.0,408579.0,28054.0,7.0,3,-1,0,0,0,-1,0,0,0,4,3,-1,-1
B03607,69,33915.0,143117.0,67037.0,20.6,6,3,1,3,2,2,0,3,3,2,1,0,0
B03608,56,22876.0,58175.0,42762.0,15.7,0,-1,0,0,-1,2,4,1,0,0,0,-1,4
B03609,46,39084.0,66472.0,33664.0,8.8,2,0,-1,-1,0,-1,-1,3,-1,0,0,0,-1
B03610,59,47479.0,156802.0,31413.0,12.5,6,-1,0,0,0,0,0,0,-1,0,0,-1,-1
B03611,40,30429.0,142716.0,47210.0,4.0,1,1,3,2,3,2,4,1,1,4,3,1,2
B03612,27,67496.0,283550.0,151961.0,16.4,2,0,-1,-1,0,-1,0,-1,0,-1,-1,0,0
B03613,26,108658.0,462580.0,227324.0,6.7,1,2,0,-1,3,0,1,1,2,3,1,2,2
B03614,61,22790.0,59801.0,23818.0,14.1,2,-1,0,-1,-1,-1,0,0,0,0,0,-1,0
B03615,29,74888.0,345947.0,145007.0,9.0,3,-1,1,0,2,4,-1,-1,0,3,2,-1,-1
B03616,37,34216.0,107846.0,82479.0,1.6,3,0,-1,-1,-1,-1,-1,0,-1,-1,0,0,-1
B03617,21,16011.0,28762.0,13409.0,12.1,6,2,-1,4,3,3,4,0,4,1,3,2,0
B03618,66,41358.0,229044.0,187364.0,3.6,2,0,-1,-1,-1,-1,3,-1,0,-1,-1,-1,-1
B03619,45,25806.0,117200.0,61225.0,4.3,1,0,0,3,2,1,2,1,0,-1,2,-1,2
B03620,35,47021.0,155838.0,70998.0,2.7,2,1,3,4,-1,0,1,2,-1,2,1,2,2
B03621,53,45812.0,140620.0,32543.0,6.8,0,0,0,-1,-1,-1,0,-1,-1,-1,-1,0,0
B03622,28,28388.0,99848.0,14533.0,4.1,1,2,0,0,4,4,4,-1,4,3,0,4,0
B03623,62,37519.0,208899.0,89972.0,13.6,1,0,-1,0,-1,0,-1,0,-1,-1,0,0,-1
B03624,43,33805.0,126276.0,6597.0,4.9,5,1,3,4,4,2,3,1,4,2,4,4,1
B03625,56,55446.0,126609.0,24357.0,1.0,2,4,1,0,-1,0,-1,-1,2,0,0,0,0
B03626,59,58988.0,309509.0,135804.0,7.1,1,-1,3,-1,3,-1,-1,4,1,0,-1,4,-1
B03627,42,54962.0,201302.0,25998.0,2.6,0,2,-1,0,-1,0,0,3,-1,0,0,-1,0
B03628,51,48776.0,254949.0,133646.0,5.4,1,-1,-1,2,4,-1,2,4,-1,-1,-1,3,0
B03629,61,29811.0,100333.0,7415.0,7.3,6,0,0,0,-1,-1,0,3,-1,0,0,0,0
B03630,32,25331.0,85128.0,30587.0,6.1,5,2,3,-1,-1,3,1,0,-1,0,1,4,1
B03631,31,68885.0,127474.0,21708.0,4.4,4,-1,0,0,-1,1,-1,2,1,2,3,3,3
B03632,30,39734.0,101697.0,9236.0,17.5,2,-1,0,-1,2,0,0,0,-1,0,-1,-1,-1
B03633,21,28850.0,170705.0,25621.0,4.6,1,0,4,2,1,0,2,3,1,1,3,4,3
B03634,45,19676.0,87151.0,42579.0,4.8,1,0,3,3,2,4,2,3,3,1,3,4,3
B03635,31,66062.0,390049.0,286375.0,5.1,2,-1,1,0,0,0,2,4,0,0,-1,0,4
B03636,58,15539.0,37274.0,13417.0,7.7,0,-1,-1,0,-1,0,0,1,-1,-1,0,0,-1
B03637,26,91862.0,232707.0,16754.0,6.3,1,-1,0,-1,-1,0,-1,-1,-1,-1,0,0,-1
B03638,32,26658.0,53435.0,22108.0,11.7,1,2,-1,0,3,-1,2,0,2,3,3,3,0
B03639,58,13943.0,44088.0,4767.0,9.9,1,-1,-1,-1,-1,-1,-1,-1,-1,0,-1,0,-1
B03640,45,55769.0,206796.0,81014.0,2.4,1,-1,4,-1,0,0,0,0,-1,-1,0,0,-1
B03641,27,25687.0,77107.0,46842.0,1.8,2,0,-1,-1,0,0,4,1,0,0,0,0,3
B03642,21,27723.0,82630.0,32916.0,15.3,0,-1,1,1,1,4,2,-1,0,0,1,-1,-1
B03643,35,32318.0,137138.0,74759.0,4.3,1,-1,-1,-1,3,0,-1,3,0,-1,0,0,0
B03644,31,61041.0,246793.0,44247.0,6.9,4,-1,0,3,0,-1,0,-1,-1,-1,0,-1,-1
B03645,51,18412.0,92159.0,50112.0,1.7,2,-1,1,3,0,-1,4,3,0,2,3,2,4
B03646,59,30315.0,164839.0,93578.0,4.5,1,4,2,3,2,2,3,2,4,-1,3,2,2
B03647,45,29686.0,112511.0,8012.0,8.1,2,-1,0,0,0,-1,-1,0,0,-1,0,-1,0
B03648,53,29817.0,102035.0,11303.0,5.7,3,1,3,4,3,2,4,2,2,4,3,2,-1
B03649,33,62520.0,141579.0,33215.0,6.9,2,1,-1,0,0,0,-1,3,4,0,0,-1,0
B03650,40,31141.0,182051.0,70530.0,0.6,1,4,2,2,4,2,1,4,1,2,4,2,4
B03651,53,35845.0,153540.0,62350.0,6.9,1,0,0,-1,-1,0,0,0,-1,3,-1,-1,0
B03652,40,26951.0,105913.0,28094.0,2.2,6,3,0,-1,-1,0,2,0,0,-1,-1,-1,-1
B03653,64,34550.0,202665.0,84237.0,12.6,0,3,2,4,4,2,1,1,4,4,1,1,4
B03654,66,46681.0,187330.0,13851.0,1.2,2,2,0,1,2,2,1,1,2,0,0,-1,-1
B03655,23,58914.0,174345.0,77500.0,6.2,2,3,3,1,0,2,1,2,-1,2,2,4,3
B03656,66,52331.0,302864.0,81208.0,4.3,1,2,0,0,1,3,-1,-1,0,0,-1,-1,4
B03657,59,44038.0,218210.0,90319.0,11.5,1,-1,-1,0,-1,0,0,0,-1,0,0,-1,0
B03658,50,35711.0,86684.0,72613.0,12.0,1,0,-1,-1,-1,-1,-1,-1,-1,0,2,-1,-1
B03659,22,62405.0,353747.0,126665.0,3.8,2,-1,0,-1,0,-1,-1,-1,0,-1,0,0,0
B03660,25,24900.0,106664.0,28345.0,9.0,3,-1,-1,2,4,-1,2,2,1,3,2,1,2
B03661,54,30651.0,50674.0,37530.0,8.5,3,-1,-1,-1,-1,-1,0,0,0,-1,-1,-1,-1
B03662,28,28253.0,152697.0,87328.0,9.1,0,4,-1,2,4,4,-1,3,3,0,2,0,-1
B03663,53,39900.0,223681.0,164488.0,2.3,2,2,-1,-1,0,-1,2,4,0,0,0,-1,-1
B03664,61,40017.0,64110.0,38690.0,4.8,1,3,4,0,0,-1,0,-1,0,2,4,4,2
B03665,63,44415.0,169470.0,94930.0,7.7,5,0,1,2,0,0,-1,-1,1,3,0,0,1
B03666,35,92221.0,159412.0,56642.0,6.4,1,0,4,2,0,0,-1,0,0,0,-1,0,0
B03667,40,34003.0,76394.0,33940.0,2.6,1,-1,-1,-1,0,0,0,-1,0,-1,-1,0,-1
B03668,45,52035.0,107816.0,11149.0,6.4,2,0,2,1,4,3,3,-1,4,2,3,4,1
B03669,59,30733.0,153241.0,47696.0,11.4,1,3,-1,0,0,0,2,-1,0,-1,0,0,0
B03670,60,24988.0,46987.0,34827.0,3.6,2,0,2,0,0,0,0,3,1,-1,-1,-1,4
B03671,44,36255.0,89278.0,26075.0,1.1,5,-1,-1,0,0,-1,0,0,0,0,-1,-1,0
B03672,64,102080.0,499263.0,226878.0,7.0,1,0,0,-1,-1,1,1,-1,0,-1,0,0,4
B03673,58,52481.0,194377.0,13437.0,9.7,2,0,-1,0,-1,4,1,2,-1,4,1,1,0
B03674,40,93748.0,412168.0,367692.0,2.0,3,-1,0,-1,-1,0,0,0,-1,-1,-1,0,0
B03675,22,75528.0,166838.0,82218.0,3.1,3,0,0,0,-1,0,0,-1,0,0,0,0,-1
B03676,29,54201.0,212452.0,169542.0,0.9,1,2,1,1,4,1,3,1,1,2,-1,-1,2
B03677,50,28148.0,96065.0,35849.0,2.3,2,2,1,0,4,1,4,2,1,1,1,4,2
B03678,29,71300.0,420559.0,293894.0,3.2,2,0,-1,-1,0,0,0,0,-1,0,-1,0,0
B03679,44,54012.0,299149.0,210405.0,3.8,2,0,-1,1,-1,0,-1,0,-1,0,-1,0,-1
B03680,38,70390.0,326999.0,217235.0,1.4,0,0,0,-1,0,4,1,3,-1,3,1,4,3
B03681,46,98085.0,449392.0,341269.0,1.9,0,0,4,0,-1,2,3,3,1,-1,4,1,1
B03682,65,96005.0,341415.0,214049.0,2.5,4,4,2,1,3,4,0,-1,0,-1,0,3,0
B03683,53,23037.0,49898.0,25836.0,4.5,1,0,-1,1,2,0,0,0,0,0,-1,-1,-1
B03684,50,59981.0,109978.0,60400.0,27.5,0,-1,-1,0,-1,0,0,-1,-1,-1,0,-1,-1
B03685,26,11119.0,66486.0,29135.0,4.0,3,0,4,1,4,4,4,3,0,-1,-1,-1,1
B03686,37,71882.0,372844.0,128688.0,7.5,0,-1,0,0,0,-1,0,-1,-1,-1,0,2,-1
B03687,32,14577.0,26608.0,23500.0,4.2,2,0,-1,3,1,3,1,-1,-1,0,0,0,-1
B03688,50,73145.0,168037.0,79986.0,9.7,2,-1,0,0,-1,0,-1,-1,0,3,-1,0,-1
B03689,50,50343.0,203681.0,76870.0,4.6,2,0,0,0,-1,2,-1,3,1,1,-1,2,-1
B03690,24,30623.0,84578.0,49560.0,9.9,2,0,1,0,1,1,-1,4,1,2,2,2,3
B03691,55,19916.0,67302.0,26095.0,4.5,1,2,2,4,1,0,1,-1,-1,0,4,4,4
B03692,31,29990.0,175763.0,66397.0,3.9,0,0,1,1,4,0,4,4,-1,0,-1,3,3
B03693,36,32378.0,178763.0,40314.0,9.3,3,-1,-1,0,-1,-1,0,-1,-1,0,0,-1,-1
B03694,41,60566.0,336635.0,144838.0,11.7,2,-1,0,3,2,0,2,1,-1,2,-1,-1,4
B03695,55,66816.0,298301.0,81817.0,1.9,2,0,-1,-1,0,-1,-1,3,2,1,0,4,2
B03696,40,47572.0,202646.0,85374.0,4.0,1,-1,3,2,4,1,1,0,0,-1,-1,4,3
B03697,34,46739.0,172236.0,83567.0,2.4,3,-1,0,0,-1,0,0,-1,0,-1,0,2,0
B03698,54,25713.0,106062.0,39646.0,9.0,1,-1,-1,-1,0,-1,-1,-1,-1,0,-1,0,-1
B03699,29,34512.0,116178.0,23611.0,14.9,3,-1,0,0,1,0,-1,0,0,0,0,1,2
B03700,46,35344.0,75976.0,43906.0,2.6,2,1,4,4,1,4,0,0,0,0,2,3,-1
B03701,33,49574.0,142233.0,88414.0,1.9,2,0,2,-1,-1,0,0,-1,-1,-1,0,0,0
B03702,35,12668.0,55647.0,16949.0,2.3,4,-1,0,0,-1,-1,1,-1,-1,0,0,0,0
B03703,40,24266.0,58229.0,8913.0,0.2,1,1,1,0,3,1,2,0,3,4,3,3,2
B03704,63,47400.0,278033.0,66442.0,13.6,2,4,2,4,1,-1,-1,-1,-1,0,-1,4,0
B03705,41,44777.0,258867.0,142979.0,4.9,2,0,-1,-1,0,0,-1,-1,0,0,3,0,-1
B03706,43,110852.0,471557.0,265850.0,6.9,2,-1,-1,-1,-1,2,-1,-1,0,-1,4,0,-1
B03707,31,43804.0,178621.0,83244.0,0.9,1,-1,0,3,-1,-1,0,1,3,-1,0,-1,-1
B03708,36,32238.0,57228.0,32748.0,5.5,0,0,-1,-1,0,0,0,0,0,-1,0,-1,-1
B03709,48,43326.0,154519.0,47142.0,5.9,4,-1,-1,-1,-1,0,0,-1,-1,0,-1,0,-1
B03710,55,31358.0,77283.0,16013.0,0.4,0,4,4,-1,-1,-1,1,4,4,-1,3,0,0
B03711,35,75644.0,293759.0,37773.0,3.9,0,0,2,2,0,3,0,-1,-1,4,0,0,0
B03712,50,38263.0,147230.0,85130.0,16.7,0,0,4,-1,-1,0,0,-1,-1,0,-1,-1,0
B03713,54,38472.0,155386.0,41037.0,13.2,2,-1,2,2,-1,-1,2,2,3,1,-1,0,4
B03714,43,43643.0,96625.0,65116.0,9.7,4,-1,0,0,0,-1,-1,0,0,-1,-1,0,-1
B03715,63,48781.0,285617.0,122093.0,2.3,3,3,0,0,0,-1,-1,-1,-1,0,0,0,0
B03716,54,112566.0,327930.0,98869.0,0.9,0,-1,0,-1,-1,0,0,-1,0,-1,-1,-1,0
B03717,54,41812.0,169332.0,35658.0,2.8,2,2,-1,-1,0,2,0,-1,4,2,1,0,2
B03718,65,40950.0,152730.0,39966.0,2.6,3,0,-1,-1,0,-1,0,-1,-1,-1,-1,-1,0
B03719,56,42718.0,202936.0,69243.0,4.3,5,0,0,0,3,0,-1,0,-1,0,-1,-1,0
B03720,63,20884.0,95780.0,29767.0,2.6,3,3,4,0,0,-1,2,3,1,1,-1,-1,3
B03721,62,112328.0,644767.0,146068.0,4.3,1,-1,-1,-1,2,-1,0,0,0,0,-1,-1,0
B03722,55,34991.0,131850.0,16343.0,3.1,4,0,-1,-1,0,0,2,-1,-1,1,1,0,0
B03723,39,51381.0,183049.0,92183.0,3.7,2,4,3,3,4,1,2,4,4,1,1,1,1
B03724,42,61199.0,337455.0,65615.0,3.1,1,2,-1,0,3,3,3,1,0,0,2,-1,0
B03725,35,32060.0,162978.0,41812.0,9.3,2,-1,-1,-1,2,-1,3,4,4,3,-1,0,-1
B03726,48,35238.0,158577.0,53889.0,7.9,1,-1,0,-1,-1,-1,0,-1,0,3,-1,0,-1
B03727,36,80017.0,181070.0,147021.0,5.0,2,-1,-1,0,4,-1,0,-1,-1,3,3,0,0
B03728,44,37427.0,145917.0,64668.0,6.0,3,-1,4,4,1,3,3,2,2,4,3,4,3
B03729,33,29651.0,130192.0,88828.0,4.0,0,2,4,3,0,1,-1,-1,0,0,2,0,2
B03730,39,54411.0,234281.0,154278.0,6.6,3,3,3,1,2,1,2,3,2,1,3,0,1
B03731,32,50807.0,101124.0,14927.0,2.5,3,4,0,0,0,-1,3,3,1,3,1,-1,0
B03732,40,31165.0,65716.0,18717.0,2.7,2,0,-1,0,-1,2,0,0,-1,0,-1,0,-1
B03733,47,45391.0,256095.0,145655.0,0.4,3,0,0,0,-1,0,0,0,-1,-1,-1,0,0
B03734,66,28376.0,156510.0,101387.0,4.0,3,-1,-1,0,0,-1,0,-1,2,-1,0,-1,-1
B03735,22,44150.0,232160.0,52357.0,6.5,5,-1,4,1,0,0,0,3,-1,1,3,2,1
B03736,57,34191.0,156377.0,91265.0,8.1,2,0,0,-1,2,-1,-1,1,3,4,-1,-1,-1
B03737,43,22995.0,57450.0,19630.0,3.9,3,0,0,3,1,-1,0,-1,0,1,3,3,1
B03738,32,57992.0,103035.0,45623.0,7.5,1,-1,0,0,1,0,0,4,2,1,0,-1,-1
B03739,42,67099.0,112774.0,47059.0,7.3,2,0,-1,0,0,-1,-1,0,-1,1,3,1,2
B03740,44,39165.0,176705.0,107716.0,3.5,4,4,4,3,2,3,4,-1,3,4,4,3,4
B03741,38,23990.0,126966.0,48263.0,4.3,3,2,3,3,4,1,3,4,1,1,3,2,2
B03742,53,170134.0,295776.0,165610.0,7.2,3,-1,-1,0,-1,0,0,0,-1,0,-1,0,-1
B03743,22,31837.0,131753.0,62481.0,12.3,1,1,3,4,1,1,0,1,3,2,1,-1,2
B03744,55,57025.0,201804.0,95302.0,4.8,1,0,-1,2,0,2,2,0,0,-1,0,0,-1
B03745,59,53564.0,279957.0,25558.0,4.2,2,4,2,2,4,1,4,3,1,1,2,1,1
B03746,34,25832.0,133374.0,55028.0,5.9,2,4,1,2,4,4,3,1,4,-1,3,3,3
B03747,31,121813.0,616052.0,149617.0,8.8,1,0,-1,0,0,0,0,-1,0,0,0,0,-1
B03748,57,53696.0,201059.0,181395.0,0.5,1,0,-1,0,0,0,2,-1,0,0,0,-1,4
B03749,45,37502.0,174643.0,128051.0,4.6,1,3,1,3,3,1,1,2,3,4,0,1,1
B03750,57,39101.0,102384.0,10073.0,9.8,1,4,2,-1,-1,0,1,-1,-1,0,-1,4,4
B03751,31,42081.0,232737.0,62046.0,5.4,3,-1,-1,-1,-1,-1,0,-1,0,-1,-1,0,0
B03752,41,23469.0,86805.0,23860.0,5.0,1,-1,-1,0,-1,0,0,-1,3,3,0,0,-1
B03753,60,60999.0,252074.0,71640.0,7.7,0,0,0,-1,0,0,0,0,-1,0,0,0,0
B03754,29,66058.0,185611.0,9274.0,9.5,1,-1,3,3,1,0,0,1,4,4,-1,0,4
B03755,46,130092.0,245858.0,19076.0,4.7,0,0,4,4,2,3,4,4,2,3,1,0,0
B03756,38,83407.0,427277.0,125220.0,13.4,0,0,0,0,-1,0,3,1,0,0,0,-1,-1
B03757,53,76006.0,156244.0,74333.0,6.0,3,-1,-1,-1,0,-1,0,4,0,1,0,0,-1
B03758,48,41428.0,125344.0,30008.0,1.6,0,-1,0,-1,0,-1,0,0,0,-1,0,-1,1
B03759,28,25117.0,85495.0,25603.0,1.9,0,-1,0,0,-1,-1,-1,0,0,0,-1,-1,0
B03760,31,46718.0,197981.0,25601.0,2.2,1,0,-1,-1,0,0,1,0,-1,0,4,-1,-1
B03761,54,65504.0,237014.0,127101.0,1.8,1,-1,0,0,0,2,3,0,0,-1,0,0,0
B03762,51,49333.0,198618.0,41806.0,7.1,5,-1,0,3,-1,0,-1,0,-1,0,0,-1,-1
B03763,33,38756.0,71900.0,18790.0,4.8,2,-1,-1,0,-1,0,-1,4,0,0,0,0,-1
B03764,47,55887.0,144405.0,42025.0,1.2,5,0,0,1,4,2,2,4,1,-1,4,1,0
B03765,30,71893.0,305494.0,150330.0,1.5,5,0,-1,0,-1,-1,-1,0,0,0,0,-1,-1
B03766,67,32265.0,130001.0,76102.0,5.1,2,1,4,-1,0,0,0,0,3,2,4,3,3
B03767,44,33666.0,115349.0,94115.0,13.8,0,0,0,-1,3,1,0,0,-1,-1,-1,-1,0
B03768,61,40578.0,237545.0,44173.0,6.0,2,-1,-1,0,-1,-1,0,-1,0,0,0,-1,-1
B03769,29,49417.0,280709.0,136238.0,16.3,3,-1,0,-1,-1,-1,-1,0,0,0,0,-1,0
B03770,41,37959.0,117680.0,68024.0,1.6,2,2,3,4,4,3,2,2,2,2,4,4,4
B03771,46,29047.0,84251.0,41986.0,9.3,2,-1,1,3,3,2,1,2,2,4,4,1,3
B03772,58,33907.0,75834.0,32778.0,5.8,0,-1,-1,0,-1,-1,0,0,0,-1,0,-1,0
B03773,63,69826.0,332294.0,190214.0,2.7,0,-1,0,0,-1,1,4,0,-1,-1,1,3,-1
B03774,41,46440.0,205590.0,100146.0,0.7,4,0,-1,0,-1,-1,0,0,-1,0,0,-1,-1
B03775,58,56207.0,201165.0,159585.0,2.3,2,1,0,-1,3,2,1,0,-1,1,4,0,1
B03776,28,54501.0,252049.0,146026.0,1.0,1,0,-1,0,-1,2,0,-1,-1,0,-1,0,-1
B03777,23,51312.0,168993.0,102489.0,9.0,1,0,4,-1,-1,0,-1,-1,-1,-1,-1,0,-1
B03778,46,42771.0,213152.0,60887.0,11.2,2,3,3,0,-1,0,-1,0,1,4,3,0,4
B03779,60,103767.0,388773.0,29704.0,9.6,1,0,0,-1,0,-1,0,0,-1,0,-1,0,0
B03780,51,54881.0,207808.0,30896.0,3.1,1,0,0,-1,-1,2,1,-1,0,0,0,0,-1
B03781,47,56734.0,276616.0,49551.0,1.6,1,-1,4,1,1,1,4,1,-1,4,1,-1,4
B03782,46,46151.0,243431.0,102108.0,2.7,3,1,-1,-1,0,-1,0,-1,0,0,0,3,4
B03783,22,27536.0,115283.0,39905.0,7.3,3,0,-1,4,4,4,2,-1,2,3,1,-1,1
B03784,21,25671.0,93660.0,67428.0,8.8,2,-1,0,-1,-1,0,0,0,0,2,0,0,0
B03785,49,28375.0,150056.0,98076.0,10.5,0,-1,0,0,-1,0,-1,0,-1,0,-1,-1,0
B03786,66,39339.0,75368.0,4943.0,12.7,3,-1,0,-1,0,0,0,0,0,-1,-1,0,-1
B03787,26,73458.0,255631.0,24376.0,7.2,2,-1,1,2,-1,0,-1,-1,-1,-1,0,0,-1
B03788,31,46114.0,266508.0,178957.0,8.2,5,-1,-1,-1,-1,4,-1,-1,2,0,2,2,4
B03789,33,34723.0,123930.0,33113.0,5.2,1,1,3,3,3,1,4,0,1,3,3,1,3
B03790,30,75677.0,287562.0,83792.0,3.5,7,3,1,-1,0,1,0,2,3,1,3,3,3
B03791,63,25238.0,132217.0,65897.0,18.3,2,0,4,4,0,0,4,0,0,-1,3,-1,-1
B03792,42,34934.0,180552.0,13484.0,6.4,3,0,0,0,-1,2,-1,0,-1,0,-1,1,4
B03793,67,80225.0,376665.0,209014.0,1.1,2,0,-1,0,-1,-1,0,4,0,-1,-1,-1,-1
B03794,21,13922.0,27071.0,19690.0,10.6,5,4,2,0,1,4,2,2,0,1,0,3,3
B03795,25,62591.0,217468.0,74708.0,2.8,2,-1,0,0,-1,0,3,2,-1,0,0,0,3
B03796,52,116255.0,232012.0,160672.0,3.6,0,0,1,0,0,0,2,3,4,0,0,-1,-1
B03797,63,32770.0,74190.0,15827.0,3.5,1,4,1,0,0,4,3,0,1,2,1,0,1
B03798,59,29687.0,77895.0,55174.0,3.8,6,3,2,2,4,4,3,3,3,4,4,4,2
B03799,53,47043.0,277648.0,34506.0,6.1,0,0,-1,-1,0,3,4,4,2,3,2,0,3
B03800,52,61883.0,238239.0,29185.0,4.6,4,4,-1,-1,3,2,2,0,-1,3,3,-1,0
B03801,51,62482.0,297255.0,140319.0,11.0,2,0,0,0,4,-1,0,0,0,0,-1,-1,3
B03802,63,21372.0,59684.0,38037.0,6.5,2,2,0,-1,1,-1,4,2,3,1,1,2,4
B03803,60,94692.0,164969.0,69103.0,3.7,1,-1,1,1,1,0,2,2,1,4,0,2,4
B03804,28,28693.0,85846.0,40370.0,2.7,3,-1,4,-1,0,2,2,1,3,2,0,2,-1
B03805,48,36989.0,76676.0,26196.0,1.7,3,0,-1,0,-1,-1,-1,0,0,-1,4,-1,2
B03806,53,112419.0,499961.0,210103.0,1.6,3,0,-1,-1,0,-1,0,-1,4,0,0,2,-1
B03807,37,41149.0,171521.0,149471.0,2.9,2,0,2,1,4,4,3,3,1,-1,3,1,3
B03808,30,44107.0,205919.0,52009.0,6.2,1,-1,0,0,0,0,0,-1,-1,-1,0,-1,0
B03809,46,33706.0,109355.0,59713.0,5.4,2,0,-1,0,-1,-1,3,4,-1,0,3,3,4
B03810,39,43385.0,124261.0,30886.0,18.8,1,4,0,3,4,4,3,1,-1,-1,0,0,-1
B03811,36,90122.0,402363.0,69766.0,0.5,1,-1,-1,0,-1,-1,-1,-1,0,-1,0,-1,-1
B03812,67,46084.0,270070.0,86836.0,3.9,3,4,2,-1,0,-1,3,1,-1,-1,0,0,1
B03813,48,43404.0,68150.0,16006.0,3.5,2,0,-1,-1,-1,0,0,1,3,-1,0,0,-1
B03814,23,50753.0,257879.0,122747.0,6.3,5,-1,0,0,4,-1,-1,-1,2,0,3,-1,3
B03815,53,12916.0,23502.0,4365.0,3.3,1,-1,-1,-1,-1,0,0,-1,-1,0,0,-1,0
B03816,60,23930.0,95176.0,35148.0,5.2,0,-1,-1,0,0,1,4,1,-1,0,0,-1,1
B03817,65,41285.0,126818.0,19661.0,2.2,6,-1,3,-1,2,1,-1,2,4,-1,-1,0,0
B03818,57,73091.0,353435.0,89765.0,1.5,2,0,-1,0,-1,-1,-1,3,3,1,-1,-1,-1
B03819,56,50523.0,121714.0,50858.0,5.5,3,-1,0,1,0,-1,-1,3,2,0,2,0,0
B03820,27,35860.0,152639.0,103924.0,5.0,3,0,0,3,2,2,2,-1,-1,-1,-1,0,3
B03821,23,56716.0,174324.0,127026.0,2.2,2,-1,1,4,4,-1,4,1,1,1,1,2,-1
B03822,22,38467.0,135351.0,18593.0,3.4,1,2,-1,-1,3,0,4,4,0,2,3,4,2
B03823,29,46215.0,91501.0,73787.0,5.3,0,-1,3,1,-1,2,-1,2,3,3,2,3,1
B03824,30,33464.0,165923.0,60198.0,5.5,2,2,1,3,3,3,4,2,1,0,-1,-1,2
B03825,50,38005.0,176381.0,66468.0,6.9,1,0,0,-1,0,-1,0,-1,-1,-1,-1,0,0
B03826,24,75577.0,350087.0,101088.0,6.2,3,0,0,-1,-1,1,1,1,-1,-1,0,0,-1
B03827,29,64958.0,298166.0,21841.0,5.5,3,-1,3,1,3,-1,-1,-1,0,-1,4,3,1
B03828,23,44217.0,141510.0,62406.0,9.8,1,0,3,4,2,0,0,-1,0,0,-1,0,0
B03829,31,30360.0,127587.0,41535.0,3.0,1,2,-1,-1,3,3,4,1,2,2,2,2,4
B03830,61,39273.0,123400.0,34530.0,7.7,3,4,1,-1,0,0,0,4,3,3,0,0,-1
B03831,27,92811.0,318155.0,251993.0,7.3,0,0,0,0,-1,0,0,-1,-1,-1,-1,0,0
B03832,58,24574.0,84467.0,32278.0,3.3,5,4,1,3,3,2,3,2,2,3,1,3,-1
B03833,66,37486.0,193492.0,51840.0,14.6,1,0,0,-1,0,-1,0,4,3,3,4,3,3
B03834,41,15585.0,79705.0,15065.0,5.4,3,4,0,3,1,1,3,1,1,1,2,2,2
B03835,64,78607.0,304951.0,76514.0,9.4,1,1,3,3,3,1,3,2,-1,-1,4,3,3
B03836,31,81315.0,421294.0,247187.0,5.3,0,-1,0,0,0,0,0,-1,0,0,-1,-1,-1
B03837,67,27644.0,77876.0,32588.0,4.7,0,0,-1,0,-1,0,-1,-1,0,0,-1,-1,0
B03838,46,88772.0,500396.0,318470.0,3.9,0,2,0,0,-1,-1,0,2,-1,4,4,1,-1
B03839,69,47496.0,226526.0,79878.0,1.4,2,-1,0,2,0,0,0,-1,0,0,0,2,1
B03840,45,29870.0,52438.0,3067.0,14.0,2,0,-1,3,0,0,-1,-1,0,4,-1,2,-1
B03841,69,51023.0,247278.0,138970.0,1.9,1,-1,0,-1,3,-1,-1,-1,-1,0,0,0,-1
B03842,53,32052.0,77464.0,60820.0,11.9,2,-1,-1,0,-1,-1,0,-1,0,0,-1,0,-1
B03843,61,49704.0,273647.0,193393.0,6.4,2,4,4,1,2,1,0,4,4,4,4,4,4
B03844,50,28319.0,144453.0,63488.0,15.6,4,3,3,2,-1,2,3,2,4,2,4,2,3
B03845,65,27294.0,134048.0,37528.0,7.9,1,0,0,0,-1,-1,-1,0,2,1,1,1,3
B03846,67,30411.0,172241.0,70715.0,6.6,1,0,-1,-1,0,0,2,-1,-1,-1,-1,-1,-1
B03847,64,47050.0,72486.0,49688.0,6.2,2,0,2,0,-1,0,-1,0,-1,4,-1,-1,-1
B03848,63,75430.0,360509.0,199834.0,5.2,2,0,-1,0,-1,-1,-1,0,-1,0,0,0,0
B03849,49,24941.0,147430.0,74045.0,2.8,2,0,-1,-1,-1,-1,-1,-1,0,0,-1,0,-1
B03850,65,36504.0,91955.0,49110.0,1.0,2,0,0,-1,-1,0,0,-1,-1,-1,-1,-1,-1
B03851,29,49913.0,75185.0,33424.0,8.1,1,0,0,0,-1,-1,0,-1,-1,-1,-1,0,0
B03852,26,29778.0,69142.0,17412.0,1.5,1,4,4,4,1,2,0,0,2,-1,0,2,3
B03853,45,47140.0,213814.0,24118.0,8.8,5,2,3,4,0,-1,1,3,1,3,1,1,4
B03854,27,37118.0,124096.0,98506.0,8.6,2,-1,0,0,-1,-1,-1,3,-1,0,1,2,-1
B03855,25,86809.0,440473.0,383096.0,3.4,1,0,0,0,0,-1,0,-1,2,-1,0,0,0
B03856,63,95500.0,325830.0,251187.0,7.0,1,-1,-1,-1,0,-1,0,-1,-1,0,-1,-1,-1
B03857,59,26434.0,117408.0,8932.0,2.5,3,0,1,0,-1,-1,0,0,0,-1,0,3,0
B03858,67,48546.0,123867.0,72618.0,3.4,1,0,-1,0,-1,0,0,0,0,-1,-1,0,0
B03859,44,25398.0,127229.0,19841.0,5.8,1,2,1,-1,3,0,0,3,-1,0,-1,-1,-1
B03860,61,33432.0,93699.0,13251.0,3.5,4,-1,0,0,3,-1,3,3,4,1,1,4,-1
B03861,23,20553.0,99670.0,64661.0,3.1,1,0,4,3,1,1,3,3,-1,0,1,2,3
B03862,29,69614.0,383281.0,97495.0,7.7,3,-1,0,0,0,-1,-1,0,-1,0,0,1,3
B03863,62,24740.0,73778.0,38779.0,4.7,1,-1,4,0,0,-1,-1,2,0,-1,-1,0,0
B03864,33,106371.0,421159.0,48598.0,4.1,0,-1,-1,-1,0,0,-1,0,0,-1,-1,-1,-1
B03865,60,78751.0,158887.0,69607.0,25.2,0,-1,0,-1,-1,0,-1,-1,-1,-1,-1,0,0
B03866,59,37759.0,80637.0,60137.0,13.7,0,2,3,-1,0,-1,0,2,1,3,2,2,1
B03867,48,84352.0,166579.0,51206.0,4.3,4,1,2,3,1,4,4,3,-1,3,3,2,1
B03868,46,69325.0,120603.0,70042.0,6.4,1,-1,0,0,-1,4,4,4,-1,0,2,-1,0
B03869,23,39695.0,185349.0,100074.0,1.0,0,0,-1,-1,0,0,-1,-1,0,0,0,0,0
B03870,23,81925.0,325413.0,216135.0,3.4,1,2,4,0,4,2,0,-1,-1,4,4,2,3
B03871,37,33202.0,193300.0,56188.0,7.4,5,0,-1,-1,0,-1,4,0,-1,0,-1,3,-1
B03872,25,20395.0,33285.0,7536.0,7.1,1,3,-1,-1,3,0,-1,0,-1,-1,-1,0,0
B03873,30,40372.0,86788.0,46392.0,6.1,2,0,-1,0,-1,0,4,-1,0,-1,-1,-1,-1
B03874,30,46194.0,74098.0,23549.0,24.4,2,0,0,-1,0,0,-1,-1,0,-1,-1,0,-1
B03875,59,100176.0,348199.0,197690.0,2.5,3,-1,-1,0,-1,0,0,0,-1,0,-1,0,0
B03876,40,62525.0,233750.0,154322.0,8.9,4,0,0,0,0,0,0,0,-1,4,-1,1,-1
B03877,27,62872.0,136936.0,28345.0,10.8,1,0,-1,-1,0,0,0,0,-1,4,0,-1,2
B03878,35,41444.0,114681.0,44710.0,2.0,5,-1,-1,-1,-1,0,0,-1,3,0,-1,0,0
B03879,59,51815.0,231024.0,26213.0,4.2,3,0,-1,-1,-1,0,0,0,3,-1,-1,-1,0
B03880,27,57622.0,188125.0,28334.0,3.8,0,2,-1,-1,0,-1,2,3,1,0,0,4,0
B03881,56,26671.0,77459.0,30199.0,2.2,0,-1,0,0,0,4,0,0,-1,3,3,0,0
B03882,33,38212.0,126063.0,60901.0,7.9,3,0,4,-1,0,-1,-1,0,-1,3,2,4,1
B03883,37,95998.0,432811.0,128095.0,5.4,2,1,0,0,-1,0,3,4,1,-1,0,-1,1
B03884,66,58527.0,248181.0,58428.0,4.5,3,-1,0,0,0,1,0,-1,-1,0,-1,0,4
B03885,41,69356.0,120774.0,49249.0,1.3,3,0,0,0,-1,0,0,0,-1,-1,-1,0,-1
B03886,60,53981.0,299254.0,165201.0,7.7,5,-1,0,4,4,1,-1,0,0,-1,0,-1,-1
B03887,34,36922.0,144097.0,26280.0,2.5,0,-1,1,-1,0,3,-1,0,1,0,1,3,-1
B03888,39,44915.0,198401.0,120046.0,4.3,1,-1,-1,-1,0,0,0,0,-1,3,2,0,0
B03889,48,21912.0,113694.0,52735.0,2.7,1,2,2,0,4,3,4,2,0,-1,1,1,0
B03890,40,32943.0,79924.0,20534.0,4.8,2,-1,-1,0,-1,0,0,-1,-1,0,-1,0,-1
B03891,32,25570.0,112995.0,45625.0,5.5,2,0,0,0,-1,0,0,0,-1,0,-1,0,-1
B03892,26,106560.0,196582.0,55180.0,1.6,5,2,4,4,4,-1,1,3,4,2,-1,0,-1
B03893,66,109654.0,449841.0,207001.0,3.8,1,2,2,1,-1,2,-1,0,-1,1,-1,0,0
B03894,31,156574.0,758483.0,12385.0,5.2,1,-1,0,0,-1,0,0,0,0,-1,-1,0,0
B03895,27,114802.0,219883.0,32794.0,3.5,1,0,0,0,0,1,4,-1,-1,0,3,3,0
B03896,57,61667.0,249189.0,216154.0,6.9,0,-1,3,4,4,3,1,4,3,1,-1,0,-1
B03897,29,77907.0,236260.0,187370.0,2.4,1,0,-1,2,3,4,2,3,4,1,1,3,3
B03898,63,43868.0,116724.0,24857.0,5.6,3,0,-1,0,0,1,-1,-1,0,0,0,0,0
B03899,23,39713.0,113463.0,24485.0,1.4,1,3,-1,1,0,3,1,3,2,-1,4,3,4
B03900,46,50568.0,272835.0,83851.0,4.6,1,-1,0,1,-1,-1,0,0,1,4,2,0,-1
B03901,23,29674.0,121492.0,23727.0,5.6,0,1,0,-1,2,3,3,4,1,2,-1,-1,0
B03902,41,34446.0,128057.0,69058.0,0.2,3,0,4,3,4,4,0,0,0,1,2,-1,0
B03903,45,53736.0,236350.0,149520.0,9.2,1,0,0,-1,0,-1,0,1,1,0,-1,-1,-1
B03904,31,26671.0,129733.0,19006.0,12.0,2,3,1,2,0,-1,3,2,1,3,-1,0,1
B03905,24,27544.0,113374.0,49072.0,3.5,2,4,0,-1,3,0,-1,0,0,0,0,0,3
B03906,27,67037.0,262131.0,43985.0,3.9,1,2,-1,-1,-1,0,-1,-1,4,0,0,-1,0
B03907,51,55393.0,325861.0,139456.0,3.5,3,0,-1,1,0,0,3,0,-1,-1,0,1,-1
B03908,56,71649.0,387627.0,183947.0,10.7,2,1,-1,0,-1,-1,1,0,0,-1,0,-1,0
B03909,57,80946.0,420767.0,145591.0,8.8,1,0,0,-1,-1,-1,-1,0,0,-1,0,0,0
B03910,57,67461.0,109674.0,70814.0,11.6,2,3,2,4,2,1,0,-1,0,2,0,0,-1
B03911,46,38621.0,152307.0,96685.0,12.8,3,-1,-1,4,2,1,3,2,3,1,-1,4,0
B03912,54,48847.0,128008.0,83141.0,11.1,1,-1,0,0,0,0,0,0,0,0,-1,3,4
B03913,56,61837.0,93548.0,22548.0,1.2,3,-1,-1,0,-1,0,0,0,0,-1,0,-1,-1
B03914,65,100541.0,396468.0,99132.0,4.9,3,-1,-1,0,-1,-1,-1,-1,-1,-1,-1,0,3
B03915,48,29945.0,168782.0,47226.0,12.2,4,3,2,2,4,2,2,1,1,-1,1,4,4
B03916,62,31577.0,174918.0,31530.0,5.1,2,-1,-1,-1,0,-1,0,2,0,0,0,0,2
B03917,66,62688.0,97313.0,56954.0,9.2,4,-1,4,-1,-1,0,-1,-1,-1,-1,0,-1,0
B03918,27,25007.0,139900.0,17694.0,4.0,0,-1,0,-1,4,3,2,-1,3,0,-1,0,0
B03919,56,58737.0,351285.0,10930.0,2.7,3,0,-1,1,-1,1,3,0,4,1,0,0,0
B03920,44,22166.0,100058.0,20851.0,1.2,3,3,0,4,4,-1,-1,0,-1,0,-1,0,0
B03921,64,48412.0,87159.0,47693.0,12.2,3,0,-1,0,1,4,-1,0,0,-1,0,-1,0
B03922,22,42881.0,213470.0,84837.0,10.4,3,4,4,1,1,0,4,2,1,0,3,2,4
B03923,69,33414.0,94077.0,54490.0,7.3,1,0,2,4,2,0,-1,0,0,0,0,-1,-1
B03924,39,145331.0,306537.0,109797.0,2.5,2,0,0,2,3,4,0,3,0,-1,-1,0,-1
B03925,35,33701.0,53647.0,20334.0,7.4,2,0,0,-1,0,-1,0,-1,0,-1,-1,0,-1
B03926,21,39547.0,123781.0,21329.0,6.2,3,3,3,4,4,-1,0,0,1,-1,-1,1,-1
B03927,67,39925.0,141799.0,6379.0,3.6,1,0,0,0,-1,-1,-1,0,0,0,-1,-1,-1
B03928,40,31500.0,171155.0,55891.0,4.5,2,0,-1,-1,-1,-1,0,-1,-1,0,0,-1,0
B03929,48,58906.0,144965.0,76508.0,7.0,3,0,0,3,2,0,-1,0,2,-1,0,4,1
B03930,56,51352.0,281347.0,113395.0,7.4,2,-1,-1,0,0,-1,0,4,-1,-1,0,-1,0
B03931,23,30541.0,134866.0,62873.0,3.7,2,-1,0,0,-1,1,3,1,3,3,0,4,4
B03932,45,33407.0,95954.0,63551.0,10.7,2,4,-1,2,3,1,-1,-1,1,3,4,3,3
B03933,61,21563.0,38582.0,35715.0,14.2,1,-1,0,-1,0,-1,0,0,0,1,4,4,1
B03934,28,35384.0,68953.0,19606.0,5.6,1,-1,2,0,4,3,1,-1,2,2,2,1,4
B03935,46,105812.0,216445.0,66344.0,3.7,1,0,-1,-1,-1,0,-1,3,0,0,-1,-1,-1
B03936,54,39059.0,94738.0,46909.0,7.8,4,-1,-1,-1,0,-1,0,-1,0,-1,0,0,0
B03937,46,35311.0,180822.0,62447.0,18.3,1,-1,0,0,0,0,0,3,4,-1,-1,4,-1
B03938,35,54731.0,314861.0,251094.0,1.0,3,4,1,1,-1,1,2,1,-1,-1,-1,-1,-1
B03939,66,23808.0,93716.0,15263.0,13.1,3,2,1,3,1,1,-1,3,-1,0,1,0,0
B03940,56,26750.0,60801.0,24098.0,3.7,5,0,-1,0,0,-1,0,1,0,1,0,0,0
B03941,52,24515.0,134351.0,20395.0,10.2,3,0,0,2,2,0,2,2,1,-1,2,3,-1
B03942,40,42219.0,139652.0,11716.0,7.0,2,-1,0,0,1,0,0,1,0,-1,0,-1,0
B03943,25,40228.0,73194.0,18013.0,4.6,2,0,3,2,1,3,1,0,-1,0,-1,-1,-1
B03944,29,52616.0,256276.0,70340.0,7.9,0,4,-1,4,-1,1,3,0,-1,3,2,0,-1
B03945,61,35570.0,136425.0,93222.0,1.3,2,3,-1,0,0,4,0,0,0,-1,2,4,1
B03946,64,30335.0,111066.0,33173.0,2.0,4,2,0,-1,0,0,-1,0,-1,-1,0,-1,-1
B03947,36,22628.0,49064.0,16519.0,5.4,4,3,3,2,2,4,1,-1,0,-1,-1,0,0
B03948,42,49108.0,81658.0,46131.0,2.7,2,0,3,3,2,-1,0,0,4,1,0,0,-1
B03949,66,43493.0,247241.0,63505.0,2.3,3,-1,0,0,-1,0,-1,-1,2,-1,0,-1,0
B03950,61,66150.0,221860.0,9453.0,5.8,3,-1,0,0,-1,0,-1,-1,-1,0,0,-1,-1
B03951,31,74825.0,316351.0,81081.0,11.6,2,0,-1,-1,0,0,-1,-1,-1,-1,-1,0,-1
B03952,21,28732.0,110245.0,27415.0,4.6,1,0,-1,0,-1,0,3,1,4,3,0,0,0
B03953,27,60509.0,219864.0,88060.0,3.3,0,4,4,2,-1,-1,0,-1,2,-1,2,1,0
B03954,57,61493.0,260725.0,16305.0,7.1,2,0,-1,0,-1,-1,0,3,1,0,-1,1,-1
B03955,65,47060.0,204132.0,90593.0,3.4,2,2,-1,0,-1,0,0,-1,-1,0,0,-1,-1
B03956,22,24351.0,50050.0,11033.0,4.9,2,-1,0,3,3,0,0,-1,-1,0,0,-1,1
B03957,24,40956.0,235385.0,145442.0,1.3,6,0,-1,0,-1,0,0,-1,0,-1,2,-1,-1
B03958,45,45952.0,104861.0,19640.0,1.8,3,-1,-1,-1,-1,0,-1,0,-1,0,-1,0,-1
B03959,22,125166.0,358321.0,273298.0,6.8,4,2,-1,-1,-1,-1,0,0,-1,2,-1,0,-1
B03960,61,47851.0,92211.0,21813.0,10.3,1,-1,0,0,0,-1,0,0,-1,-1,-1,-1,-1
B03961,64,79774.0,224445.0,27605.0,23.5,2,-1,0,0,3,3,-1,0,0,-1,-1,-1,-1
B03962,68,30274.0,166714.0,44797.0,4.2,1,-1,0,-1,-1,-1,-1,-1,-1,0,0,-1,0
B03963,23,19175.0,61439.0,8768.0,9.2,3,-1,-1,3,4,0,-1,-1,1,0,0,-1,0
B03964,52,69634.0,405291.0,318270.0,2.5,2,1,-1,-1,4,2,2,3,2,3,4,3,-1
B03965,53,54225.0,112950.0,30070.0,16.9,1,0,-1,0,0,-1,-1,-1,-1,4,0,-1,-1
B03966,57,70189.0,151190.0,101760.0,2.1,4,-1,2,-1,4,4,-1,2,-1,0,0,3,-1
B03967,63,28763.0,62132.0,29622.0,6.9,2,-1,0,-1,4,3,1,0,-1,0,-1,2,2
B03968,66,35852.0,70853.0,19588.0,2.8,0,-1,1,-1,1,0,0,0,-1,0,0,3,1
B03969,53,36269.0,68443.0,40548.0,6.6,0,4,3,4,2,0,1,4,4,2,0,0,-1
B03970,29,98963.0,593394.0,403596.0,4.0,2,4,2,1,1,1,-1,0,-1,1,4,4,3
B03971,68,34339.0,123669.0,27234.0,7.5,1,0,0,0,-1,0,-1,0,0,0,0,0,0
B03972,31,60917.0,358385.0,194198.0,1.4,1,-1,0,0,0,0,0,-1,0,-1,0,-1,-1
B03973,42,24646.0,88396.0,6440.0,15.0,1,-1,0,-1,0,0,0,0,3,3,3,3,0
B03974,22,40561.0,207296.0,132817.0,12.7,3,1,0,-1,2,2,2,4,0,2,0,1,3
B03975,45,147309.0,789662.0,185455.0,6.1,3,-1,2,1,1,0,-1,-1,0,-1,0,0,0
B03976,34,37823.0,153467.0,81669.0,2.7,1,3,1,4,3,-1,2,1,3,0,2,-1,-1
B03977,62,9802.0,46805.0,9822.0,4.0,1,-1,-1,0,-1,-1,-1,-1,0,-1,-1,0,0
B03978,26,46166.0,237386.0,163033.0,5.3,2,2,1,-1,-1,0,2,4,1,-1,3,3,3
B03979,45,45257.0,112703.0,27730.0,0.8,2,0,0,0,0,0,0,0,-1,0,0,-1,0
B03980,68,69933.0,178064.0,132216.0,5.5,2,0,-1,-1,3,3,-1,0,0,3,2,0,1
B03981,52,28767.0,71515.0,27494.0,3.1,1,-1,3,0,4,1,4,1,3,4,2,2,-1
B03982,31,32424.0,129984.0,69015.0,10.0,1,0,0,0,-1,4,4,4,3,1,4,4,4
B03983,63,77799.0,319007.0,39102.0,1.3,1,0,-1,3,0,0,-1,0,0,0,-1,-1,-1
B03984,23,63235.0,326890.0,106217.0,1.2,4,0,0,-1,0,0,-1,-1,0,-1,-1,-1,-1
B03985,52,36644.0,209440.0,95749.0,10.2,3,3,2,4,2,4,2,2,1,2,1,2,2
B03986,59,66542.0,257971.0,190206.0,7.9,2,-1,0,-1,-1,-1,-1,-1,-1,0,0,-1,-1
B03987,67,53865.0,141926.0,80929.0,14.7,2,0,0,-1,-1,0,0,-1,-1,0,0,0,-1
B03988,63,42598.0,130109.0,24561.0,4.9,2,-1,-1,-1,-1,0,0,-1,0,0,-1,-1,0
B03989,43,21094.0,79876.0,19399.0,12.4,2,2,4,-1,0,0,0,3,2,0,0,0,-1
B03990,47,59799.0,101164.0,26965.0,4.4,0,0,0,0,-1,1,3,0,-1,-1,-1,-1,3
B03991,33,59008.0,299236.0,50581.0,0.4,0,2,2,2,3,2,4,2,1,2,1,3,1
B03992,21,67019.0,121215.0,57189.0,2.0,1,0,2,4,-1,1,4,-1,-1,0,-1,-1,-1
B03993,60,66759.0,390375.0,78431.0,1.9,0,-1,0,-1,0,0,0,-1,-1,0,-1,0,-1
B03994,43,27593.0,116177.0,37488.0,9.9,4,0,0,-1,-1,0,-1,-1,0,0,1,3,-1
B03995,46,36830.0,176279.0,14931.0,5.0,3,0,-1,0,0,-1,-1,0,0,0,1,-1,0
B03996,64,54195.0,125786.0,34497.0,5.2,2,-1,1,4,-1,-1,1,3,1,-1,0,-1,0
B03997,67,35382.0,107060.0,8091.0,11.1,4,0,-1,0,-1,0,0,0,-1,0,0,0,-1
B03998,58,35659.0,75259.0,19476.0,9.3,8,-1,-1,0,0,0,-1,0,0,-1,0,0,-1
B03999,49,36618.0,130771.0,71579.0,13.8,1,-1,-1,0,0,-1,-1,0,-1,-1,-1,-1,0
B04000,48,28477.0,79718.0,28968.0,4.1,2,1,-1,0,1,3,0,4,2,4,1,2,4
B04001,45,40523.0,190178.0,123187.0,4.1,2,0,-1,0,0,-1,0,-1,-1,0,-1,-1,-1
B04002,34,48051.0,79232.0,30271.0,1.6,5,0,3,1,0,-1,1,-1,-1,1,-1,0,-1
B04003,41,55573.0,199352.0,89103.0,19.6,4,0,0,0,-1,-1,0,0,0,0,0,-1,-1
B04004,46,82270.0,214801.0,21154.0,1.6,0,-1,0,-1,0,-1,0,-1,-1,-1,-1,0,-1
B04005,69,25643.0,121597.0,78531.0,4.3,1,-1,3,0,0,0,0,0,-1,0,3,3,1
B04006,41,36898.0,88700.0,68598.0,4.7,3,-1,3,1,-1,0,0,0,0,-1,0,3,1
B04007,59,44046.0,119187.0,64198.0,3.0,5,4,3,3,4,4,3,1,0,2,0,3,4
B04008,55,43466.0,105789.0,58230.0,24.9,2,-1,-1,2,3,-1,0,0,-1,-1,-1,0,2
B04009,48,68048.0,157786.0,48136.0,5.1,0,-1,0,0,0,-1,0,4,-1,-1,0,-1,0
B04010,66,39359.0,220405.0,123796.0,7.5,2,-1,-1,0,-1,0,0,0,1,0,0,3,0
B04011,68,92901.0,176437.0,80256.0,2.2,2,0,0,0,-1,-1,-1,0,4,-1,2,-1,-1
B04012,69,61322.0,211420.0,102008.0,5.3,1,3,3,2,4,-1,-1,0,1,1,1,0,-1
B04013,21,19743.0,75498.0,23062.0,1.3,3,4,0,1,0,0,0,2,-1,0,-1,2,1
B04014,35,97145.0,293610.0,150381.0,2.3,3,0,4,0,-1,0,-1,-1,0,0,-1,0,-1
B04015,58,28943.0,94386.0,36960.0,19.4,0,-1,-1,0,-1,-1,-1,-1,-1,0,-1,-1,-1
B04016,65,21056.0,50732.0,16565.0,13.1,1,0,-1,4,3,-1,3,1,2,1,-1,4,4
B04017,49,30810.0,129926.0,91245.0,13.3,0,4,-1,4,0,1,-1,0,-1,3,0,-1,-1
B04018,60,27050.0,160632.0,29248.0,8.3,1,0,3,0,0,0,0,-1,-1,-1,-1,3,-1
B04019,57,43307.0,88450.0,9422.0,5.2,1,-1,4,2,1,0,-1,2,4,0,0,-1,-1
B04020,65,94980.0,522018.0,54266.0,4.7,2,0,-1,-1,0,0,0,-1,0,0,0,-1,-1
B04021,64,43962.0,78242.0,9334.0,0.3,1,0,0,0,0,0,2,0,-1,-1,-1,0,0
B04022,33,29576.0,70780.0,8993.0,3.3,4,0,0,-1,1,-1,-1,0,-1,-1,0,0,-1
B04023,36,34559.0,107802.0,63085.0,5.4,0,0,-1,0,0,-1,-1,-1,0,0,0,-1,2
B04024,69,59743.0,354257.0,169181.0,11.2,2,0,-1,4,3,2,-1,1,2,2,2,0,3
B04025,22,68234.0,236771.0,76095.0,0.3,5,-1,4,3,4,2,-1,4,1,4,4,1,4
B04026,36,34494.0,60469.0,43792.0,5.1,6,-1,-1,0,-1,4,1,-1,3,3,-1,3,0
B04027,36,93107.0,495236.0,358375.0,2.9,0,4,0,-1,4,4,3,2,3,4,1,2,4
B04028,47,22877.0,129801.0,57238.0,6.1,2,0,3,1,2,3,2,3,1,1,-1,3,-1
B04029,42,49629.0,273503.0,243741.0,4.8,6,4,-1,0,-1,4,1,2,4,3,3,2,1
B04030,52,36446.0,202862.0,127802.0,9.1,3,-1,3,0,3,4,0,-1,-1,-1,-1,0,0
B04031,36,11921.0,48617.0,20305.0,2.6,3,-1,2,2,3,2,3,2,4,1,4,1,0
B04032,60,100847.0,504968.0,183749.0,6.9,2,-1,0,1,2,3,-1,-1,0,2,0,0,0
B04033,57,36836.0,147650.0,74562.0,4.7,1,2,2,1,1,-1,0,1,2,4,4,2,4
B04034,23,35643.0,195888.0,30425.0,3.3,1,-1,0,0,0,0,2,0,0,-1,0,0,-1
B04035,54,87846.0,275826.0,92808.0,17.5,1,-1,0,3,-1,4,0,-1,-1,2,2,3,-1
B04036,50,84670.0,311331.0,147143.0,8.5,0,4,1,0,0,-1,4,0,-1,-1,-1,-1,1
B04037,54,24898.0,111244.0,73875.0,5.1,1,-1,2,1,-1,-1,0,4,0,0,-1,-1,0
B04038,22,21610.0,118106.0,42379.0,7.5,1,0,0,3,2,0,3,2,-1,0,0,4,-1
B04039,55,52927.0,295937.0,196462.0,1.9,0,3,0,-1,1,-1,0,3,2,1,0,-1,0
B04040,21,64359.0,139752.0,33920.0,5.4,0,0,0,-1,-1,0,-1,0,0,0,-1,-1,0
B04041,39,76753.0,363836.0,295389.0,4.5,0,4,2,-1,1,-1,0,3,4,2,1,2,2
B04042,29,82450.0,403132.0,233222.0,4.8,7,2,0,4,1,1,1,0,3,4,2,4,4
B04043,43,50900.0,218698.0,43308.0,8.9,1,-1,0,-1,0,-1,-1,-1,-1,0,-1,0,4
B04044,60,75711.0,129575.0,67288.0,9.4,1,-1,0,3,-1,-1,-1,-1,3,0,0,-1,-1
B04045,23,24085.0,51364.0,6439.0,10.9,5,4,1,-1,0,0,-1,-1,-1,0,-1,4,-1
B04046,63,56729.0,294246.0,59832.0,14.3,0,1,4,0,2,0,0,0,0,0,2,0,0
B04047,49,40890.0,108963.0,75790.0,0.9,2,-1,-1,-1,-1,-1,2,-1,-1,-1,-1,1,-1
B04048,46,32372.0,71739.0,27081.0,6.5,0,0,3,1,1,3,3,2,1,4,2,1,0
B04049,55,52742.0,287653.0,198150.0,3.0,5,2,4,-1,-1,1,0,2,4,3,4,1,-1
B04050,66,15840.0,51038.0,14368.0,2.0,1,-1,-1,4,4,3,-1,-1,3,3,2,2,3
B04051,40,34450.0,205987.0,66379.0,3.8,4,3,4,4,1,3,2,3,2,-1,4,2,4
B04052,23,74442.0,158401.0,99424.0,11.8,1,-1,2,-1,-1,-1,-1,-1,-1,0,0,-1,0
B04053,68,38546.0,208429.0,144019.0,7.5,3,-1,-1,3,-1,3,-1,1,3,4,2,3,-1
B04054,43,70968.0,384292.0,201432.0,9.8,1,-1,0,-1,0,2,3,3,3,1,0,0,0
B04055,44,35258.0,68588.0,33698.0,3.4,2,4,2,3,4,1,4,2,2,3,4,3,1
B04056,61,19378.0,86701.0,24401.0,1.4,0,1,-1,0,0,0,0,0,-1,4,3,0,-1
B04057,48,62435.0,187940.0,89118.0,5.8,3,-1,-1,0,2,2,0,0,-1,-1,1,-1,-1
B04058,27,45155.0,141257.0,44307.0,2.3,2,1,3,2,2,1,1,1,0,3,0,1,-1
B04059,45,18851.0,31944.0,3526.0,2.8,1,-1,-1,0,-1,0,0,1,1,-1,-1,0,-1
B04060,29,24679.0,88550.0,22905.0,2.7,1,-1,-1,-1,-1,-1,-1,0,-1,-1,0,-1,-1
B04061,38,61425.0,152244.0,56630.0,1.9,1,-1,-1,-1,0,0,-1,0,0,1,-1,0,-1
B04062,62,54921.0,231071.0,61850.0,6.2,0,0,-1,-1,0,-1,0,0,-1,-1,1,0,-1
B04063,63,83308.0,494694.0,322505.0,1.4,1,-1,-1,0,0,-1,-1,-1,-1,1,0,0,3
B04064,53,27708.0,78275.0,43988.0,3.7,1,-1,0,-1,0,3,1,-1,0,2,1,1,-1
B04065,45,67020.0,144245.0,61958.0,11.5,4,0,-1,3,4,1,-1,0,-1,-1,-1,0,0
B04066,24,55468.0,169983.0,51665.0,6.9,2,0,0,-1,0,2,4,4,2,2,2,-1,-1
B04067,45,51123.0,227916.0,54656.0,5.9,0,0,-1,0,-1,-1,0,1,0,-1,-1,-1,0
B04068,47,40327.0,201483.0,85463.0,6.9,0,-1,0,0,-1,-1,-1,0,-1,2,0,0,0
B04069,63,30670.0,60743.0,11310.0,17.2,0,-1,-1,-1,0,0,-1,-1,0,-1,0,-1,-1
B04070,46,20247.0,72539.0,43533.0,3.5,1,4,0,1,0,-1,2,0,0,-1,0,3,1
B04071,25,34029.0,154862.0,25681.0,0.7,4,-1,-1,-1,0,3,2,3,0,3,1,1,-1
B04072,43,38763.0,204547.0,158966.0,2.1,2,0,0,-1,-1,0,0,0,0,0,0,-1,-1
B04073,59,60839.0,294808.0,92930.0,2.9,1,-1,0,-1,-1,0,0,-1,0,0,-1,-1,-1
B04074,37,51193.0,160789.0,44408.0,9.1,2,0,0,0,0,-1,-1,-1,-1,-1,-1,0,0
B04075,37,120404.0,334274.0,194295.0,3.0,1,0,3,3,0,-1,3,0,2,4,1,1,0
B04076,42,32515.0,62828.0,12194.0,10.1,5,-1,1,1,4,4,2,0,2,1,0,2,3
B04077,58,28067.0,74634.0,7292.0,1.3,0,-1,2,4,1,-1,-1,-1,1,-1,1,-1,0
B04078,51,40780.0,237875.0,146131.0,10.3,2,1,-1,-1,-1,0,0,1,0,-1,0,4,3
B04079,64,42407.0,107973.0,24669.0,17.1,2,0,0,0,-1,0,0,1,-1,0,0,0,0
B04080,31,20549.0,116098.0,19610.0,3.2,1,-1,-1,2,0,0,0,4,1,-1,1,3,2
B04081,52,96370.0,337218.0,32962.0,7.1,3,0,2,1,4,4,2,1,4,2,3,1,3
B04082,24,34898.0,120969.0,8169.0,2.4,2,2,3,3,1,4,3,2,4,0,-1,0,2
B04083,46,60858.0,111319.0,66404.0,10.1,0,-1,-1,0,-1,-1,0,0,0,0,-1,1,3
B04084,24,25468.0,126728.0,27003.0,6.1,1,0,2,-1,2,1,4,0,3,-1,1,2,0
B04085,57,58871.0,236237.0,33521.0,3.8,2,2,-1,0,4,3,3,1,0,0,-1,3,-1
B04086,32,19732.0,102589.0,41729.0,11.0,1,0,0,4,0,-1,4,0,0,3,0,-1,-1
B04087,63,79589.0,290468.0,160831.0,2.7,5,-1,0,0,-1,0,0,-1,0,-1,-1,0,0
B04088,67,26161.0,93147.0,90496.0,8.3,2,1,0,-1,-1,0,0,0,-1,2,0,3,4
B04089,53,109227.0,558970.0,31360.0,1.7,1,0,0,2,-1,0,1,-1,0,-1,-1,4,4
B04090,22,64383.0,129858.0,25038.0,3.5,4,-1,0,0,-1,0,0,0,-1,0,1,0,-1
B04091,69,46033.0,154514.0,93211.0,5.9,2,-1,4,4,3,-1,0,-1,1,-1,-1,0,0
B04092,53,18206.0,48810.0,2590.0,2.1,1,0,4,4,1,0,1,1,2,1,-1,3,2
B04093,45,25102.0,85606.0,41942.0,7.0,1,0,0,-1,0,0,0,-1,0,0,0,-1,-1
B04094,26,36242.0,124032.0,27469.0,6.5,1,-1,2,1,4,4,4,0,-1,-1,0,0,0
B04095,48,72471.0,216482.0,145879.0,11.6,0,-1,-1,-1,-1,-1,0,-1,0,0,0,-1,0
B04096,64,34572.0,95840.0,50890.0,1.2,2,0,0,4,3,0,-1,1,4,3,-1,0,1
B04097,29,68739.0,223368.0,88327.0,8.8,1,3,4,3,1,1,1,4,1,4,3,4,1
B04098,47,26482.0,112356.0,52694.0,4.5,2,0,-1,-1,0,-1,-1,0,0,-1,-1,0,-1
B04099,53,84507.0,219870.0,57014.0,5.8,3,-1,-1,-1,0,0,0,3,2,-1,0,-1,0
B04100,69,29987.0,108914.0,72689.0,12.4,3,0,2,0,0,0,-1,0,-1,1,2,0,-1
B04101,65,42242.0,127005.0,14327.0,12.3,4,-1,0,3,4,1,3,1,3,4,4,4,2
B04102,28,89972.0,368276.0,93181.0,1.4,3,2,-1,0,0,0,4,0,0,-1,-1,0,0
B04103,46,42090.0,234586.0,64509.0,2.4,1,0,0,-1,1,0,4,0,3,4,1,-1,0
B04104,65,46890.0,248957.0,83897.0,11.2,1,-1,0,-1,-1,0,0,-1,0,0,-1,0,0
B04105,25,51762.0,96032.0,54832.0,8.6,1,-1,0,0,-1,2,-1,0,0,0,0,-1,-1
B04106,53,26548.0,125932.0,18182.0,3.7,2,0,-1,2,4,2,0,-1,-1,0,0,0,0
B04107,23,148955.0,474221.0,204155.0,2.0,3,0,-1,4,2,0,0,-1,1,-1,0,3,0
B04108,44,21267.0,96826.0,17331.0,11.3,4,-1,-1,-1,-1,-1,0,-1,-1,0,-1,-1,-1
B04109,31,49963.0,193916.0,47696.0,13.7,3,4,4,2,2,3,1,1,2,4,2,3,-1
B04110,26,54601.0,277192.0,159081.0,3.7,3,3,0,0,0,0,0,0,3,4,3,0,-1
B04111,37,46353.0,169906.0,32965.0,3.6,2,-1,0,2,-1,0,0,-1,4,0,-1,-1,0
B04112,67,11726.0,60029.0,21908.0,4.6,2,0,3,-1,4,0,0,-1,-1,-1,0,0,0
B04113,25,13595.0,76668.0,19258.0,13.4,2,-1,-1,1,0,-1,0,0,-1,-1,0,-1,0
B04114,25,32410.0,76866.0,1169.0,7.1,0,-1,-1,0,-1,0,0,-1,-1,-1,-1,0,0
B04115,41,80364.0,196060.0,130399.0,10.1,6,-1,0,0,0,0,-1,0,1,-1,0,-1,-1
B04116,69,67703.0,391010.0,171606.0,0.9,1,0,0,0,0,-1,-1,0,-1,-1,0,0,-1
B04117,34,66061.0,286797.0,56359.0,9.2,7,2,-1,-1,-1,0,3,-1,0,-1,3,-1,-1
B04118,45,31312.0,123828.0,74862.0,4.1,1,-1,-1,2,0,0,0,3,4,1,4,4,-1
B04119,46,38628.0,72488.0,51583.0,7.2,5,3,1,3,3,2,4,4,3,1,4,4,-1
B04120,35,89581.0,448272.0,192356.0,2.3,2,-1,2,0,-1,4,3,-1,0,2,-1,3,4
B04121,40,179810.0,842885.0,196246.0,3.8,2,0,-1,-1,0,0,-1,2,-1,0,2,2,4
B04122,34,68259.0,220210.0,120727.0,12.2,1,-1,-1,0,-1,0,-1,-1,0,-1,-1,0,0
B04123,29,21271.0,61308.0,7963.0,4.8,4,0,0,4,3,3,3,-1,4,1,4,0,4
B04124,57,39036.0,78134.0,30712.0,3.0,2,-1,4,3,2,4,4,2,1,0,0,1,-1
B04125,58,65104.0,196275.0,70045.0,6.6,3,-1,0,0,-1,-1,4,-1,-1,0,-1,0,-1
B04126,44,55995.0,126086.0,57050.0,0.8,2,0,-1,0,0,1,-1,0,0,0,0,2,-1
B04127,53,93845.0,488942.0,294292.0,5.9,5,0,2,4,1,2,1,1,1,0,3,3,2
B04128,37,40884.0,200835.0,16733.0,9.4,2,0,0,-1,4,-1,0,-1,2,4,0,2,-1
B04129,50,33873.0,121148.0,65233.0,6.0,1,0,0,-1,0,0,-1,-1,1,0,0,0,-1
B04130,29,20630.0,75050.0,51125.0,6.8,1,0,0,-1,0,-1,2,0,-1,-1,-1,0,-1
B04131,24,47024.0,142473.0,48677.0,6.3,1,-1,4,2,1,2,1,0,1,3,0,0,-1
B04132,29,52377.0,183986.0,99093.0,6.8,2,2,2,3,4,2,4,-1,-1,0,4,2,3
B04133,22,58590.0,217572.0,72263.0,1.0,3,2,1,0,1,4,3,1,4,3,3,4,1
B04134,23,36834.0,109759.0,81686.0,5.0,1,-1,3,0,-1,-1,3,-1,3,0,-1,0,1
B04135,46,77731.0,430642.0,37070.0,17.6,3,2,-1,-1,4,3,-1,0,-1,0,0,0,2
B04136,33,59650.0,242533.0,66793.0,14.0,2,-1,-1,0,0,-1,0,0,-1,-1,-1,-1,-1
B04137,64,100981.0,318191.0,191930.0,3.9,4,0,-1,0,2,0,-1,-1,-1,-1,-1,0,0
B04138,49,47773.0,91491.0,14857.0,5.9,2,0,4,3,3,1,0,0,-1,1,2,1,2
B04139,32,25905.0,40831.0,12925.0,6.7,3,-1,2,3,0,0,0,-1,-1,0,0,0,0
B04140,31,47656.0,203382.0,95553.0,7.2,3,3,3,4,-1,4,-1,0,-1,1,0,0,3
B04141,61,42275.0,242076.0,94667.0,2.9,2,0,1,0,-1,0,0,-1,-1,1,2,2,3
B04142,26,34818.0,143919.0,68069.0,6.7,1,0,3,3,2,1,4,0,4,0,0,-1,-1
B04143,62,16459.0,30698.0,19226.0,12.5,4,0,-1,0,0,3,-1,0,0,2,-1,-1,0
B04144,64,28851.0,166514.0,50290.0,10.1,2,0,-1,-1,-1,0,0,-1,0,-1,-1,-1,-1
B04145,58,61121.0,294254.0,52103.0,2.7,0,-1,0,0,0,0,-1,0,-1,0,0,0,-1
B04146,41,42775.0,169049.0,87491.0,8.9,1,2,3,-1,0,-1,-1,4,2,3,4,4,2
B04147,48,27651.0,56815.0,4505.0,5.1,3,-1,-1,-1,-1,0,0,0,0,-1,-1,0,0
B04148,50,79642.0,342960.0,148238.0,5.4,3,-1,0,-1,0,0,-1,0,-1,-1,4,-1,4
B04149,37,103254.0,418272.0,75945.0,4.6,3,3,4,3,-1,-1,3,2,3,4,1,2,4
B04150,28,94180.0,437658.0,82312.0,16.0,2,3,1,3,3,-1,3,4,4,1,1,3,1
B04151,59,66471.0,383182.0,77483.0,3.1,2,0,-1,0,-1,0,0,1,3,-1,0,-1,4
B04152,60,54892.0,192930.0,45885.0,3.8,3,-1,-1,0,0,-1,-1,-1,-1,1,1,4,-1
B04153,49,125821.0,679571.0,242532.0,2.5,3,-1,-1,-1,-1,-1,-1,-1,0,-1,0,0,0
B04154,45,59476.0,201511.0,76253.0,8.6,2,0,0,-1,0,0,0,-1,-1,4,-1,0,-1
B04155,65,27669.0,100527.0,17901.0,22.8,2,0,2,3,0,0,0,4,0,-1,0,-1,0
B04156,34,43908.0,243723.0,51633.0,4.9,2,-1,-1,0,0,-1,0,-1,0,0,-1,0,-1
B04157,23,25370.0,126751.0,65470.0,0.9,3,0,-1,0,1,4,4,2,4,4,2,3,3
B04158,60,8655.0,38643.0,12538.0,11.2,2,0,0,-1,-1,2,-1,4,1,4,-1,3,3
B04159,57,51344.0,283400.0,157568.0,3.7,2,4,4,-1,0,4,2,-1,4,-1,0,-1,2
B04160,60,31271.0,129553.0,113573.0,6.4,1,-1,-1,3,2,1,-1,0,4,3,1,3,2
B04161,57,66064.0,127770.0,17716.0,7.2,1,0,0,0,0,-1,-1,-1,-1,-1,0,0,0
B04162,23,66358.0,129172.0,82054.0,2.9,3,-1,4,3,-1,-1,2,4,-1,1,3,4,0
B04163,21,64970.0,207916.0,119373.0,5.1,2,0,2,3,2,3,2,0,2,3,-1,0,0
B04164,61,48371.0,241321.0,53843.0,2.6,2,-1,2,0,-1,3,0,0,-1,-1,3,0,-1
B04165,43,57543.0,209602.0,20353.0,8.3,0,-1,-1,-1,0,0,-1,-1,-1,0,0,-1,-1
B04166,45,22829.0,71557.0,42948.0,8.8,2,2,-1,-1,-1,-1,0,-1,0,2,0,4,3
B04167,52,54811.0,161857.0,25621.0,7.7,1,0,0,0,-1,-1,3,-1,4,0,0,-1,-1
B04168,34,48047.0,153240.0,78306.0,3.6,1,2,3,1,2,3,1,3,1,1,4,3,3
B04169,27,82917.0,368884.0,155611.0,16.5,0,0,0,0,-1,-1,0,0,2,-1,0,-1,-1
B04170,54,119130.0,529628.0,350603.0,3.7,2,3,2,0,-1,-1,-1,3,4,-1,4,4,0
B04171,43,27429.0,94270.0,33480.0,12.3,1,-1,0,0,-1,0,-1,0,-1,0,3,-1,2
B04172,34,114737.0,512616.0,199752.0,10.9,0,2,4,1,4,2,2,-1,-1,0,2,0,0
B04173,30,58893.0,108040.0,18844.0,5.7,4,-1,-1,0,-1,-1,0,0,0,0,0,-1,0
B04174,28,63026.0,144943.0,96365.0,0.9,3,4,2,-1,2,3,4,4,1,2,1,2,2
B04175,56,41161.0,108584.0,52133.0,2.2,4,0,0,0,1,-1,4,-1,0,-1,0,-1,0
B04176,45,28267.0,120269.0,20517.0,13.6,0,3,3,2,2,4,1,4,4,-1,4,2,0
B04177,63,20249.0,121065.0,76865.0,11.6,0,0,2,1,-1,0,-1,0,-1,4,0,0,1
B04178,24,24776.0,117480.0,4005.0,9.5,2,-1,1,-1,-1,-1,3,4,0,0,0,-1,-1
B04179,37,19854.0,112249.0,11158.0,3.5,2,-1,0,-1,0,1,0,-1,-1,0,-1,-1,0
B04180,21,19164.0,38141.0,6906.0,5.3,0,-1,3,3,3,1,1,-1,3,-1,0,-1,0
B04181,62,26208.0,81173.0,31699.0,6.2,1,0,-1,0,2,0,2,-1,-1,-1,-1,-1,0
B04182,58,38826.0,59314.0,46657.0,13.1,1,0,0,0,1,1,3,4,4,2,0,-1,-1
B04183,45,110949.0,220567.0,94145.0,14.8,3,-1,-1,-1,-1,-1,-1,2,1,0,0,0,0
B04184,48,19633.0,82758.0,34357.0,7.0,5,-1,3,4,3,1,3,3,-1,-1,2,2,0
B04185,22,30247.0,79262.0,29578.0,1.4,3,0,0,-1,-1,0,0,-1,0,-1,4,4,3
B04186,33,53169.0,211333.0,84669.0,4.0,0,3,2,1,1,4,3,3,4,2,4,2,1
B04187,60,46387.0,256386.0,84881.0,8.5,1,2,0,-1,4,4,3,3,0,-1,0,3,-1
B04188,52,87372.0,278478.0,84840.0,2.8,2,0,-1,0,0,0,-1,-1,-1,-1,0,3,-1
B04189,23,58336.0,100893.0,35123.0,7.8,1,-1,0,0,0,-1,0,-1,0,4,0,3,1
B04190,23,36905.0,220975.0,155206.0,4.0,4,1,1,3,4,3,3,2,4,1,2,4,4
B04191,44,28235.0,56623.0,35178.0,4.7,4,-1,3,2,0,-1,0,1,4,4,4,2,3
B04192,63,89476.0,335438.0,124002.0,13.0,1,-1,0,-1,-1,-1,0,-1,-1,-1,-1,0,0
B04193,42,40620.0,179049.0,55246.0,10.0,0,0,-1,-1,-1,-1,-1,0,-1,0,-1,-1,-1
B04194,24,37156.0,130157.0,116756.0,4.5,1,2,0,4,0,0,-1,-1,4,0,1,0,2
B04195,42,37797.0,111892.0,11631.0,1.1,1,0,0,0,0,-1,1,0,0,4,3,-1,3
B04196,41,65557.0,194072.0,98849.0,5.8,3,-1,0,0,-1,-1,2,4,-1,2,-1,2,0
B04197,25,34200.0,103743.0,70627.0,14.0,3,0,-1,-1,0,2,0,0,-1,0,-1,-1,0
B04198,49,58992.0,207505.0,100206.0,1.5,3,0,0,4,1,-1,0,0,-1,0,3,1,2
B04199,66,147307.0,364563.0,184728.0,6.0,3,-1,-1,-1,-1,0,0,0,-1,-1,-1,0,-1
B04200,25,36638.0,166123.0,42443.0,8.8,2,-1,-1,1,1,0,4,2,1,0,4,2,4
B04201,60,26644.0,43404.0,26620.0,5.4,1,3,1,3,4,3,2,1,4,3,3,4,1
B04202,64,39985.0,157276.0,63169.0,7.3,3,0,-1,0,0,0,0,-1,0,0,0,0,0
B04203,23,24546.0,53578.0,46418.0,3.1,3,4,4,1,4,3,4,2,2,3,3,0,-1
B04204,69,39319.0,101150.0,21551.0,7.6,0,0,-1,0,-1,-1,0,-1,0,-1,0,-1,-1
B04205,61,43670.0,79558.0,33054.0,3.9,3,0,-1,-1,0,2,-1,3,4,2,3,0,2
B04206,39,64428.0,293734.0,36021.0,0.6,2,-1,-1,0,0,0,-1,-1,-1,0,-1,-1,-1
B04207,67,79997.0,328587.0,69362.0,0.7,1,-1,-1,-1,0,0,0,-1,0,-1,0,-1,-1
B04208,35,77335.0,220894.0,151307.0,1.1,4,-1,0,1,3,0,3,4,4,-1,-1,-1,2
B04209,69,40289.0,187211.0,108813.0,7.5,4,0,0,0,1,-1,-1,-1,0,-1,0,0,0
B04210,29,69125.0,394001.0,54981.0,8.2,2,4,2,3,4,3,1,-1,0,1,0,-1,0
B04211,43,38636.0,62458.0,14997.0,6.8,2,4,-1,-1,-1,2,-1,0,-1,0,0,-1,-1
B04212,22,51161.0,122890.0,52774.0,9.3,0,2,2,3,3,3,1,4,3,4,3,-1,2
B04213,63,54319.0,278123.0,68371.0,6.6,2,-1,-1,0,-1,0,0,0,0,0,0,-1,0
B04214,26,23508.0,38783.0,14775.0,3.5,3,4,-1,-1,-1,-1,0,0,-1,0,0,-1,0
B04215,29,25245.0,97669.0,17859.0,4.8,4,1,3,4,3,3,2,2,-1,2,3,3,1
B04216,55,53811.0,185845.0,41074.0,2.2,1,0,-1,0,-1,0,0,0,-1,0,0,0,-1
B04217,38,86993.0,296090.0,24615.0,6.3,1,-1,-1,0,-1,-1,0,0,4,4,2,1,2
B04218,67,55927.0,142253.0,13284.0,3.7,2,-1,0,-1,0,-1,0,0,0,-1,0,-1,-1
B04219,54,58271.0,186503.0,8374.0,8.5,1,2,2,1,4,1,-1,1,0,2,-1,0,2
B04220,40,35940.0,81057.0,16850.0,1.4,3,0,-1,3,-1,0,-1,1,4,1,0,4,4
B04221,23,109969.0,176265.0,75233.0,6.7,1,0,-1,-1,0,0,0,0,0,0,0,-1,0
B04222,51,60131.0,91613.0,31416.0,5.5,2,0,2,2,4,1,-1,4,3,-1,0,-1,0
B04223,44,69310.0,268722.0,67668.0,5.2,2,4,2,4,1,2,3,1,3,2,0,4,3
B04224,32,58707.0,299464.0,12594.0,6.2,5,0,2,4,-1,2,4,3,3,2,4,0,4
B04225,37,103596.0,560359.0,52467.0,8.7,1,-1,1,2,3,3,3,0,-1,-1,0,0,2
B04226,27,40578.0,135154.0,20906.0,3.8,1,0,0,-1,4,4,4,2,3,2,-1,-1,-1
B04227,42,45632.0,242601.0,59471.0,1.5,1,-1,-1,4,1,0,0,3,1,1,0,-1,-1
B04228,61,50441.0,237198.0,92645.0,7.4,0,0,3,0,-1,0,-1,-1,-1,4,0,-1,-1
B04229,69,64277.0,118131.0,16047.0,5.9,2,-1,0,-1,0,-1,-1,0,-1,1,0,-1,0
B04230,52,63075.0,368684.0,56141.0,1.9,4,1,3,3,2,3,2,4,4,2,2,3,4
B04231,27,83852.0,173242.0,128698.0,2.9,2,2,2,0,4,1,4,1,3,4,4,4,2
B04232,26,61234.0,227504.0,123493.0,2.8,1,1,1,1,4,2,2,2,2,1,2,1,4
B04233,23,71429.0,342969.0,166893.0,7.9,1,-1,0,-1,-1,0,0,2,4,0,-1,0,0
B04234,52,27800.0,147970.0,56435.0,2.3,1,-1,-1,0,-1,0,0,3,4,1,-1,4,-1
B04235,37,93559.0,369535.0,128590.0,2.1,1,-1,-1,-1,-1,0,-1,-1,0,0,-1,0,-1
B04236,64,22755.0,35585.0,19430.0,3.2,2,0,1,-1,4,2,-1,0,-1,3,2,0,-1
B04237,41,83220.0,139598.0,63428.0,9.7,2,-1,0,-1,4,0,-1,-1,0,-1,-1,-1,0
B04238,48,90302.0,153943.0,102753.0,11.6,1,0,0,4,-1,0,4,1,1,4,0,3,0
B04239,46,73245.0,224304.0,84850.0,7.3,1,0,0,4,0,-1,3,1,-1,2,4,0,0
B04240,37,100798.0,205795.0,103530.0,4.0,2,-1,0,1,-1,4,2,0,-1,0,-1,0,-1
B04241,42,84213.0,126912.0,5554.0,1.6,1,-1,-1,-1,0,1,-1,-1,2,0,0,1,1
B04242,27,56448.0,215485.0,107512.0,6.5,2,1,3,2,3,1,1,2,3,1,2,1,0
B04243,35,29530.0,174165.0,93301.0,6.2,3,2,3,3,1,3,1,2,4,0,1,1,3
B04244,41,118286.0,227912.0,127128.0,4.8,2,3,2,4,2,0,-1,0,-1,-1,0,0,-1
B04245,69,62219.0,131261.0,72818.0,5.6,2,2,0,4,4,2,0,-1,1,3,4,3,0
B04246,47,26246.0,152633.0,56315.0,2.6,3,-1,3,2,1,-1,0,-1,0,-1,4,-1,3
B04247,50,91830.0,329945.0,103578.0,2.7,4,4,2,1,-1,-1,2,4,2,-1,1,0,-1
B04248,61,40699.0,158747.0,60837.0,0.8,1,1,4,1,4,-1,0,-1,0,0,-1,0,0
B04249,41,30253.0,154007.0,1945.0,6.1,0,0,-1,0,0,0,0,-1,-1,0,-1,0,0
B04250,24,28384.0,136897.0,36365.0,3.4,0,0,0,3,1,2,2,3,-1,2,0,2,2
B04251,67,28977.0,60838.0,45838.0,8.8,2,-1,0,-1,0,-1,0,0,4,-1,-1,-1,-1
B04252,50,31795.0,50188.0,10029.0,7.9,2,0,-1,0,0,-1,0,0,0,0,0,0,0
B04253,41,15849.0,89832.0,56855.0,4.4,1,0,-1,-1,-1,-1,4,1,0,-1,-1,0,4
B04254,27,78481.0,273733.0,181125.0,12.3,1,-1,-1,3,0,0,0,-1,-1,-1,0,0,-1
B04255,22,54942.0,119515.0,27244.0,6.6,3,-1,4,2,1,2,1,4,2,0,3,4,4
B04256,26,39669.0,198497.0,73543.0,6.6,1,0,4,4,3,4,1,4,2,0,3,1,4
B04257,54,45049.0,177983.0,56487.0,4.6,3,3,2,1,-1,4,3,-1,4,0,0,-1,1
B04258,22,29720.0,73655.0,27294.0,6.5,2,0,-1,0,-1,0,0,0,0,-1,0,3,0
B04259,23,45900.0,215914.0,50190.0,8.0,4,0,2,4,3,2,3,4,1,2,1,0,4
B04260,63,43397.0,251176.0,19329.0,7.4,1,-1,-1,0,0,0,-1,-1,0,0,0,0,0
B04261,65,49302.0,168689.0,52200.0,4.3,1,0,0,-1,0,-1,0,4,1,-1,3,1,4
B04262,41,44981.0,260700.0,138686.0,5.4,2,-1,-1,-1,-1,-1,0,0,2,0,0,0,-1
B04263,56,25605.0,38802.0,26452.0,3.3,0,0,-1,1,2,3,4,4,1,-1,2,2,4
B04264,22,31511.0,59728.0,53793.0,2.5,1,0,-1,-1,-1,4,3,4,2,4,2,1,2
B04265,64,28673.0,156295.0,33864.0,3.0,3,3,2,1,1,4,2,1,0,-1,2,2,2
B04266,43,37766.0,66097.0,29588.0,6.8,0,0,0,0,-1,-1,-1,-1,0,-1,0,0,-1
B04267,56,39542.0,158200.0,110241.0,7.5,1,0,4,4,-1,0,-1,1,4,2,1,0,-1
B04268,35,27317.0,163754.0,39637.0,4.3,1,0,0,-1,4,-1,0,0,-1,-1,-1,0,3
B04269,21,55781.0,161450.0,53236.0,11.1,3,4,3,0,-1,-1,0,0,0,0,0,0,0
B04270,24,51142.0,220457.0,155168.0,12.0,1,1,0,1,4,2,3,3,0,4,-1,0,-1
B04271,42,97913.0,396560.0,244947.0,1.6,5,0,-1,-1,0,-1,0,-1,-1,-1,4,-1,-1
B04272,26,51072.0,206247.0,47688.0,13.3,1,1,-1,-1,0,-1,1,4,3,0,0,0,0
B04273,23,30270.0,111815.0,72544.0,4.3,2,0,0,0,0,0,-1,-1,-1,-1,0,4,2
B04274,53,39586.0,117658.0,95595.0,9.8,1,0,-1,-1,-1,0,0,0,-1,0,0,-1,-1
B04275,46,32311.0,150865.0,60954.0,10.8,4,0,-1,-1,0,1,0,0,-1,0,0,-1,0
B04276,61,45428.0,187917.0,61305.0,2.1,3,2,3,3,3,1,0,-1,0,2,3,-1,1
B04277,40,41863.0,127241.0,17806.0,4.2,0,-1,0,0,3,2,0,2,3,2,4,0,0
B04278,36,23556.0,128137.0,9136.0,6.2,2,0,-1,-1,-1,0,1,0,0,-1,0,-1,0
B04279,48,83284.0,397004.0,145295.0,6.1,4,0,-1,-1,0,0,-1,0,0,0,0,0,0
B04280,52,54554.0,149239.0,22978.0,4.7,1,-1,0,0,0,0,0,-1,0,0,0,-1,4
B04281,43,84224.0,300478.0,197576.0,6.6,2,0,0,-1,0,-1,0,0,-1,-1,-1,-1,-1
B04282,59,98563.0,245015.0,154359.0,3.1,2,-1,-1,0,-1,-1,-1,0,-1,0,0,-1,-1
B04283,65,35211.0,134222.0,31329.0,1.1,1,0,-1,-1,0,-1,-1,-1,2,-1,2,3,2
B04284,65,47514.0,75038.0,42727.0,2.4,3,-1,-1,-1,-1,0,0,0,-1,-1,-1,-1,-1
B04285,26,26330.0,124770.0,7965.0,5.7,1,0,-1,-1,0,-1,2,-1,-1,-1,0,-1,1
B04286,61,138785.0,590079.0,309351.0,5.6,2,-1,4,1,-1,1,0,2,2,4,-1,-1,3
B04287,45,38158.0,74568.0,46202.0,4.5,3,0,3,-1,0,-1,0,0,0,0,0,-1,0
B04288,64,31937.0,128653.0,31896.0,14.0,5,-1,3,4,2,3,3,4,4,2,2,2,1
B04289,49,47748.0,80402.0,33056.0,5.7,2,-1,0,-1,-1,2,1,-1,1,-1,-1,0,0
B04290,58,16195.0,41678.0,16672.0,3.1,3,-1,3,-1,-1,0,0,0,3,0,0,-1,-1
B04291,45,39991.0,192613.0,60550.0,4.1,2,4,-1,-1,0,0,-1,0,-1,0,-1,0,-1
B04292,25,30481.0,63262.0,13732.0,4.0,3,-1,-1,0,0,0,0,-1,0,0,0,-1,-1
B04293,34,78252.0,414753.0,208232.0,13.3,3,1,0,0,0,-1,0,-1,0,2,-1,0,-1
B04294,42,16033.0,49798.0,23423.0,6.5,1,1,-1,0,0,-1,-1,-1,0,0,0,0,-1
B04295,35,47363.0,155313.0,31590.0,7.9,4,3,2,1,-1,4,2,0,-1,4,2,1,0
B04296,45,23750.0,47895.0,30753.0,8.6,2,-1,0,-1,-1,0,-1,-1,-1,0,0,0,0
B04297,45,20129.0,90962.0,69018.0,0.8,3,0,2,2,1,4,3,2,3,3,2,3,2
B04298,38,78179.0,311597.0,104530.0,7.2,1,2,-1,0,-1,0,0,-1,3,1,-1,0,0
B04299,24,50015.0,78245.0,30299.0,8.9,4,-1,-1,0,0,-1,0,0,-1,-1,1,-1,4
B04300,34,26106.0,96953.0,32194.0,5.4,3,4,-1,4,4,4,0,-1,-1,1,1,-1,-1
B04301,47,23881.0,143060.0,112837.0,5.1,0,0,4,0,4,-1,2,-1,0,0,-1,0,0
B04302,60,28352.0,50856.0,13252.0,11.5,1,-1,0,0,1,4,-1,-1,0,-1,-1,4,0
B04303,52,39209.0,233195.0,96292.0,13.4,1,0,-1,0,0,-1,-1,0,0,-1,-1,-1,-1
B04304,23,118596.0,376419.0,307959.0,9.4,5,0,4,1,1,0,-1,4,3,3,4,3,3
B04305,53,23644.0,64811.0,14805.0,7.6,1,-1,-1,0,1,2,3,0,0,0,-1,-1,-1
B04306,58,35533.0,83934.0,49838.0,1.8,6,-1,-1,0,0,3,1,2,-1,0,-1,4,-1
B04307,32,42567.0,96707.0,28394.0,8.6,3,0,0,0,-1,0,0,-1,-1,-1,0,-1,-1
B04308,50,12817.0,36433.0,19499.0,7.8,1,0,0,-1,2,0,1,2,1,4,3,4,2
B04309,39,46228.0,80594.0,22774.0,5.8,3,0,0,-1,-1,-1,-1,0,-1,-1,0,0,0
B04310,52,84253.0,233836.0,141072.0,5.4,0,0,-1,0,-1,0,0,0,0,-1,-1,-1,-1
B04311,60,73213.0,185987.0,51546.0,23.9,2,-1,-1,-1,0,0,-1,0,-1,-1,-1,-1,-1
B04312,40,149189.0,263938.0,155832.0,4.8,2,-1,-1,-1,-1,-1,-1,0,2,-1,0,-1,0
B04313,54,74875.0,372739.0,87409.0,3.8,3,0,-1,1,-1,0,-1,0,0,0,2,3,1
B04314,48,68035.0,384187.0,183756.0,11.2,1,0,0,0,0,-1,-1,0,-1,0,-1,-1,0
B04315,51,30279.0,86123.0,40513.0,3.0,1,-1,0,-1,1,-1,-1,-1,0,0,2,-1,0
B04316,37,41995.0,117525.0,95690.0,8.3,2,0,-1,2,3,-1,3,3,1,1,1,3,3
B04317,23,57394.0,203664.0,152395.0,4.7,0,0,-1,-1,0,-1,0,-1,0,0,-1,4,0
B04318,28,74461.0,166737.0,75597.0,15.7,3,0,0,-1,0,-1,0,-1,0,0,0,-1,0
B04319,28,53215.0,116020.0,36453.0,1.4,2,0,-1,0,0,-1,-1,0,-1,-1,0,-1,-1
B04320,36,51471.0,198507.0,32962.0,5.7,1,-1,3,3,4,1,-1,0,-1,1,3,4,1
B04321,63,39644.0,127211.0,54826.0,9.5,4,-1,0,-1,0,0,0,0,0,-1,0,-1,-1
B04322,26,56901.0,166996.0,156175.0,6.5,0,4,0,0,0,1,3,3,2,3,-1,-1,0
B04323,22,60157.0,102684.0,86910.0,6.9,0,-1,0,-1,0,0,1,3,0,-1,0,-1,0
B04324,63,32075.0,102509.0,56031.0,3.0,1,0,-1,0,-1,0,0,0,0,0,0,4,-1
B04325,49,168878.0,438850.0,199666.0,1.1,2,-1,3,1,-1,4,-1,1,0,0,4,0,-1
B04326,49,24228.0,93669.0,41071.0,4.1,2,0,-1,0,-1,0,0,2,4,0,0,3,4
B04327,58,13910.0,43114.0,13534.0,3.2,2,-1,-1,-1,-1,4,-1,4,-1,-1,-1,4,-1
B04328,55,27683.0,73147.0,31339.0,20.3,1,-1,3,-1,-1,0,0,4,3,0,0,4,0
B04329,51,40022.0,130866.0,18070.0,5.8,5,-1,-1,4,1,0,-1,0,2,-1,4,2,-1
B04330,66,42573.0,85333.0,18125.0,7.7,2,0,0,0,-1,-1,0,-1,1,0,0,-1,-1
B04331,57,79137.0,145130.0,24372.0,3.4,1,2,2,-1,4,3,0,0,0,2,0,3,1
B04332,56,76446.0,216870.0,82265.0,3.5,3,-1,-1,-1,-1,-1,0,-1,0,0,0,-1,-1
B04333,66,65561.0,218709.0,51194.0,5.8,1,4,3,1,3,2,4,-1,1,-1,4,3,2
B04334,66,19300.0,43976.0,9169.0,11.4,1,-1,3,3,0,2,-1,0,-1,-1,0,3,4
B04335,59,45316.0,128435.0,70906.0,2.4,1,1,3,1,-1,3,3,4,2,0,-1,1,1
B04336,31,36347.0,100736.0,37302.0,2.9,0,0,4,-1,-1,-1,3,1,-1,2,0,-1,-1
B04337,38,69512.0,139547.0,98066.0,8.8,1,-1,2,3,-1,-1,0,-1,0,-1,0,0,0
B04338,29,41217.0,113185.0,28665.0,3.0,0,-1,3,2,-1,4,3,1,2,4,3,2,4
B04339,22,52446.0,247859.0,58561.0,1.2,3,0,-1,1,3,1,0,1,1,3,4,1,1
B04340,22,51951.0,228893.0,117406.0,6.1,2,0,0,0,-1,-1,-1,0,-1,0,-1,-1,-1
B04341,44,33502.0,70224.0,44437.0,2.4,1,1,1,3,3,1,3,3,1,4,2,3,1
B04342,53,55261.0,244378.0,115066.0,2.3,1,1,1,-1,2,4,3,4,4,4,4,0,-1
B04343,61,45813.0,76206.0,37656.0,3.7,4,-1,0,-1,-1,-1,1,4,0,0,0,0,3
B04344,40,49897.0,294657.0,106852.0,3.4,4,-1,4,2,3,2,-1,0,3,1,1,-1,0
B04345,39,32454.0,51454.0,18897.0,6.1,2,0,0,0,-1,-1,0,0,0,-1,4,-1,0
B04346,24,57215.0,152783.0,44893.0,3.7,0,2,-1,0,0,0,-1,-1,0,4,-1,0,-1
B04347,22,31623.0,97632.0,89799.0,13.8,0,-1,0,0,1,4,-1,-1,0,0,0,-1,0
B04348,40,80212.0,276442.0,124496.0,4.0,1,0,-1,0,0,4,0,0,0,0,0,1,4
B04349,30,24143.0,91341.0,62416.0,6.2,5,0,4,2,2,4,3,4,0,4,1,0,3
B04350,59,87716.0,343749.0,147305.0,2.2,2,0,3,3,3,2,4,1,2,3,0,1,3
B04351,41,36327.0,96801.0,57878.0,5.1,0,-1,0,0,-1,-1,-1,0,-1,4,-1,-1,-1
B04352,29,14685.0,39265.0,35621.0,1.9,1,1,0,3,-1,0,3,0,3,2,1,-1,0
B04353,60,17809.0,57779.0,20454.0,3.3,4,-1,0,0,2,4,1,-1,0,-1,0,0,-1
B04354,53,106999.0,503613.0,59161.0,16.6,1,4,3,2,1,2,1,1,3,4,3,1,3
B04355,58,59307.0,203402.0,124336.0,5.3,1,3,4,1,0,1,0,-1,0,0,2,1,3
B04356,28,33314.0,140818.0,81267.0,10.5,2,4,-1,0,-1,1,0,-1,2,0,1,0,0
B04357,21,36147.0,165613.0,73723.0,2.5,4,3,-1,0,0,3,-1,-1,0,-1,0,-1,0
B04358,66,86564.0,207479.0,44714.0,9.3,0,-1,-1,0,-1,-1,-1,0,-1,-1,0,0,0
B04359,31,124650.0,317548.0,126466.0,5.3,3,0,0,0,0,0,-1,-1,0,4,2,-1,0
B04360,33,30040.0,88938.0,36463.0,8.8,1,3,4,0,0,3,4,4,-1,4,0,-1,-1
B04361,42,62575.0,219743.0,88333.0,3.2,5,0,0,0,-1,0,0,-1,0,0,0,-1,0
B04362,32,33334.0,63945.0,11374.0,1.9,1,0,-1,0,0,-1,0,0,0,-1,-1,0,-1
B04363,62,97698.0,257478.0,47692.0,3.5,2,0,0,-1,-1,0,0,0,0,0,0,0,0
B04364,22,35998.0,94184.0,78632.0,6.5,3,-1,-1,3,0,0,0,-1,-1,-1,-1,-1,0
B04365,24,43713.0,172874.0,95041.0,0.3,0,4,4,3,3,3,4,2,4,3,1,4,4
B04366,69,35738.0,117009.0,16338.0,18.2,1,4,0,-1,-1,0,0,-1,-1,0,-1,-1,0
B04367,35,28402.0,69916.0,36173.0,3.2,1,2,1,3,1,2,4,0,-1,-1,0,0,-1
B04368,25,32921.0,92969.0,35852.0,9.6,2,0,-1,0,-1,1,2,2,-1,0,3,2,-1
B04369,61,77842.0,358918.0,208889.0,1.8,4,-1,0,0,-1,-1,0,1,0,0,2,0,0
B04370,22,55259.0,233012.0,76870.0,1.5,4,-1,3,4,0,0,0,4,3,-1,0,-1,-1
B04371,45,99262.0,479471.0,62243.0,5.8,0,0,-1,-1,0,0,-1,0,0,0,-1,0,-1
B04372,38,17824.0,31905.0,7085.0,1.0,1,0,1,3,2,2,3,0,0,1,4,-1,2
B04373,68,25305.0,56373.0,19716.0,5.8,1,2,0,0,0,0,4,3,0,1,0,-1,0
B04374,27,25390.0,59902.0,7819.0,4.5,0,0,-1,0,-1,-1,0,-1,0,0,-1,-1,0
B04375,34,25927.0,142528.0,8311.0,1.1,0,-1,-1,-1,0,0,0,-1,0,0,0,2,-1
B04376,32,22504.0,36569.0,15668.0,4.6,3,-1,-1,-1,0,0,-1,-1,0,-1,-1,0,-1
B04377,47,42422.0,92535.0,26243.0,6.4,5,1,-1,0,1,0,3,0,-1,-1,3,1,-1
B04378,28,52989.0,224666.0,30754.0,2.1,1,-1,0,3,3,1,1,-1,1,0,0,-1,-1
B04379,46,18777.0,53779.0,19583.0,2.9,3,-1,-1,-1,0,-1,1,-1,0,0,-1,3,-1
B04380,60,48127.0,193290.0,73438.0,4.6,2,0,-1,-1,-1,-1,1,0,0,0,0,0,0
B04381,21,42011.0,75294.0,59011.0,3.9,4,1,3,4,-1,-1,3,3,1,3,2,3,1
B04382,45,72739.0,127269.0,83565.0,2.4,0,3,2,4,2,1,0,0,1,3,3,4,3
B04383,67,25971.0,85122.0,36423.0,4.8,4,3,2,4,4,4,4,3,3,0,3,1,1
B04384,57,33333.0,123350.0,34743.0,2.3,4,3,1,0,-1,-1,0,3,1,1,-1,-1,4
B04385,38,25562.0,53353.0,23339.0,5.9,2,3,3,2,0,-1,4,1,1,3,0,2,2
B04386,43,56404.0,179099.0,121064.0,3.0,3,1,1,3,4,-1,0,2,4,1,0,0,4
B04387,36,51746.0,279192.0,228556.0,3.9,2,-1,-1,0,-1,-1,-1,-1,0,0,3,2,-1
B04388,23,12151.0,24774.0,3320.0,10.3,2,3,2,-1,2,2,4,2,0,2,4,-1,1
B04389,45,175349.0,746724.0,650089.0,2.2,1,-1,-1,0,0,-1,0,-1,-1,3,1,0,1
B04390,51,21308.0,98320.0,61272.0,6.9,3,0,-1,-1,0,-1,0,0,0,-1,-1,-1,-1
B04391,60,107463.0,342889.0,74452.0,1.8,3,-1,0,-1,0,-1,0,0,-1,0,0,0,-1
B04392,30,36333.0,65373.0,21217.0,2.6,5,4,0,0,0,0,-1,-1,3,-1,0,-1,-1
B04393,45,19968.0,107054.0,24587.0,1.9,2,1,-1,4,3,4,4,1,-1,-1,3,4,0
B04394,31,39902.0,111343.0,35114.0,4.1,2,1,-1,-1,-1,-1,4,1,0,2,2,2,4
B04395,47,64432.0,371694.0,64943.0,8.4,1,0,0,0,0,0,0,-1,0,-1,0,0,0
B04396,42,29335.0,113640.0,83682.0,11.0,0,4,3,3,4,4,2,2,4,4,1,2,4
B04397,33,23484.0,75863.0,14806.0,5.6,2,3,3,2,1,3,3,2,2,1,2,2,4
B04398,63,32871.0,174021.0,53304.0,10.1,2,1,4,1,-1,0,0,0,1,0,0,-1,0
B04399,69,104978.0,517796.0,218696.0,1.7,3,0,-1,-1,0,-1,-1,-1,-1,0,-1,-1,-1
B04400,47,56184.0,259511.0,90344.0,1.6,1,-1,0,2,0,-1,0,-1,-1,0,0,-1,-1
B04401,22,50744.0,246391.0,90065.0,10.2,2,-1,0,-1,-1,-1,0,0,-1,-1,-1,0,0
B04402,27,27044.0,64860.0,16122.0,4.9,1,0,0,-1,-1,-1,0,-1,-1,0,0,0,0
B04403,65,70097.0,164423.0,90234.0,14.8,1,0,-1,0,-1,-1,-1,-1,4,-1,1,-1,0
B04404,22,47982.0,235305.0,89543.0,3.3,0,-1,2,3,-1,1,1,0,0,-1,0,1,0
B04405,45,49197.0,77688.0,50733.0,6.5,1,-1,0,0,0,-1,0,-1,0,-1,-1,0,0
B04406,53,62652.0,248655.0,83965.0,4.7,1,-1,3,2,1,0,3,3,2,4,1,2,1
B04407,57,35495.0,95537.0,37042.0,0.8,4,-1,4,-1,0,0,2,0,-1,0,-1,-1,0
B04408,64,44090.0,159338.0,123563.0,2.1,1,-1,0,0,-1,-1,-1,2,3,1,1,2,-1
B04409,43,46033.0,165434.0,103672.0,7.4,2,-1,4,3,4,4,-1,-1,3,4,1,-1,0
B04410,23,23472.0,79995.0,11710.0,1.4,1,2,-1,4,-1,-1,3,-1,-1,0,3,-1,-1
B04411,52,52095.0,154488.0,65271.0,5.3,1,-1,0,0,0,-1,0,1,-1,0,0,-1,0
B04412,66,32994.0,88215.0,48153.0,6.8,0,1,0,0,4,4,-1,3,4,0,0,0,0
B04413,60,40790.0,133030.0,28304.0,0.6,1,-1,0,-1,0,0,0,-1,-1,0,-1,0,-1
B04414,43,64678.0,271058.0,194821.0,9.4,3,-1,0,-1,-1,-1,-1,0,4,-1,-1,0,0
B04415,66,130145.0,343820.0,37461.0,5.2,2,0,-1,-1,0,0,-1,-1,0,0,-1,0,0
B04416,55,50335.0,247792.0,46701.0,3.5,3,0,3,1,2,4,2,4,-1,-1,-1,3,1
B04417,32,58194.0,275334.0,41002.0,5.8,2,0,-1,-1,-1,-1,0,0,0,0,-1,0,0
B04418,41,106763.0,400303.0,361646.0,0.3,1,0,0,-1,-1,2,0,-1,-1,0,2,1,-1
B04419,52,46606.0,256561.0,45718.0,3.7,2,0,0,0,-1,0,1,-1,2,-1,0,0,-1
B04420,59,22905.0,53934.0,1789.0,4.3,2,0,4,1,0,2,1,-1,4,2,-1,0,1
B04421,45,44122.0,85668.0,29648.0,1.9,3,3,0,0,0,3,0,2,0,-1,-1,0,-1
B04422,32,133443.0,228696.0,143581.0,3.5,2,3,3,2,3,2,3,1,0,-1,2,3,3
B04423,21,56451.0,89710.0,10174.0,7.1,3,1,0,0,-1,-1,-1,-1,0,0,-1,0,0
B04424,28,81435.0,291119.0,45725.0,11.7,0,-1,0,-1,-1,0,-1,-1,0,-1,-1,0,-1
B04425,54,25502.0,100609.0,13945.0,1.8,0,-1,-1,0,0,0,0,-1,-1,0,-1,1,-1
B04426,32,24056.0,78823.0,21776.0,4.9,0,4,2,3,2,3,2,4,4,2,3,1,4
B04427,26,58839.0,88892.0,6746.0,2.8,6,0,3,0,-1,0,2,0,-1,-1,2,4,0
B04428,33,31966.0,150107.0,41418.0,9.5,1,1,3,4,0,0,0,0,1,3,3,0,0
B04429,51,22575.0,42698.0,17744.0,1.7,2,4,4,2,2,2,2,1,3,1,4,4,2
B04430,31,35700.0,129317.0,22998.0,1.1,3,0,0,3,0,-1,-1,0,0,0,-1,0,-1
B04431,53,55092.0,281308.0,234611.0,0.8,1,-1,1,4,4,0,-1,0,2,4,0,3,0
B04432,60,80049.0,131787.0,60125.0,1.9,1,0,0,0,-1,0,0,1,1,4,1,0,4
B04433,53,62544.0,162037.0,12857.0,8.4,1,3,4,4,1,2,1,2,1,1,3,2,4
B04434,48,24072.0,106419.0,79046.0,3.9,3,-1,0,-1,-1,4,-1,-1,0,-1,-1,0,-1
B04435,43,29272.0,89033.0,55455.0,1.5,2,-1,-1,-1,0,-1,-1,-1,-1,-1,0,-1,0
B04436,24,96240.0,305321.0,160468.0,0.8,2,2,3,0,0,0,2,0,4,2,-1,-1,-1
B04437,29,127213.0,726384.0,118137.0,6.4,5,0,-1,-1,-1,0,-1,0,-1,-1,0,0,0
B04438,44,58980.0,269508.0,30687.0,5.0,0,-1,3,-1,0,-1,0,-1,0,-1,-1,3,3
B04439,22,48517.0,122770.0,20153.0,10.7,6,-1,4,1,1,1,4,3,0,-1,0,3,1
B04440,34,31215.0,182865.0,56518.0,15.9,1,0,1,-1,-1,-1,1,4,0,-1,-1,-1,-1
B04441,58,99322.0,486919.0,42001.0,4.3,0,0,0,-1,0,0,1,3,1,-1,0,0,-1
B04442,60,43711.0,66183.0,35941.0,5.5,1,3,0,0,1,1,0,-1,3,3,2,2,2
B04443,45,57334.0,137632.0,56182.0,9.4,2,0,0,-1,3,2,1,0,2,0,2,1,4
B04444,40,70191.0,415083.0,236224.0,1.8,2,0,-1,0,0,0,-1,0,0,-1,0,0,-1
B04445,57,139760.0,255811.0,106041.0,5.4,3,-1,0,-1,-1,-1,0,-1,0,0,-1,-1,-1
B04446,37,35677.0,132180.0,12356.0,1.2,2,4,2,2,0,0,0,-1,0,-1,0,-1,0
B04447,24,46811.0,131101.0,81699.0,10.1,2,0,-1,1,2,0,3,-1,-1,-1,4,-1,-1
B04448,57,36560.0,131590.0,60990.0,15.9,2,-1,0,0,0,-1,0,0,0,-1,0,1,-1
B04449,25,71234.0,218561.0,101380.0,1.1,5,0,-1,0,3,-1,0,0,-1,-1,0,-1,0
B04450,28,65380.0,186974.0,13789.0,7.7,1,0,-1,-1,0,0,0,-1,-1,-1,-1,0,0
B04451,38,42682.0,191380.0,21480.0,4.5,1,-1,3,1,-1,1,0,0,3,2,4,3,3
B04452,66,28560.0,53328.0,36546.0,7.8,0,3,3,2,2,3,2,3,1,1,-1,1,-1
B04453,51,28666.0,74745.0,50932.0,4.7,3,1,0,-1,3,4,3,1,2,3,0,0,0
B04454,36,69723.0,139956.0,39346.0,7.3,1,-1,2,-1,-1,1,3,3,4,1,-1,1,1
B04455,31,25095.0,109857.0,14241.0,7.8,3,0,3,1,0,0,2,2,3,2,2,0,3
B04456,34,92469.0,400802.0,158030.0,3.9,0,-1,0,-1,0,-1,0,0,-1,0,3,0,-1
B04457,42,38610.0,129095.0,56859.0,5.1,1,-1,0,-1,-1,0,0,4,-1,-1,-1,-1,0
B04458,46,59263.0,185997.0,55226.0,1.9,3,0,0,-1,-1,-1,-1,0,0,-1,-1,-1,0
B04459,59,38304.0,173709.0,54183.0,1.9,1,0,0,-1,0,-1,-1,0,-1,-1,0,3,0
B04460,41,67492.0,203479.0,101160.0,5.6,2,-1,1,0,0,0,0,3,0,0,0,-1,-1
B04461,47,85899.0,180975.0,93915.0,4.2,1,-1,3,3,0,1,0,3,0,4,3,0,4
B04462,64,36261.0,176346.0,35925.0,6.8,0,-1,0,-1,0,0,0,0,-1,-1,3,4,0
B04463,49,56136.0,156179.0,100937.0,10.9,2,-1,0,-1,0,-1,0,-1,0,0,0,-1,0
B04464,69,254575.0,529119.0,260977.0,2.4,3,0,0,-1,0,-1,-1,-1,-1,-1,0,0,0
B04465,25,38641.0,221570.0,58287.0,4.2,3,1,0,0,0,-1,-1,1,0,-1,0,-1,-1
B04466,37,23681.0,134735.0,16910.0,10.7,1,-1,1,1,2,4,1,2,2,3,0,0,-1
B04467,21,47285.0,271536.0,110021.0,4.1,3,0,0,0,-1,0,4,4,3,0,2,0,0
B04468,63,18585.0,65793.0,38611.0,0.9,4,0,0,0,-1,2,2,0,-1,0,-1,-1,2
B04469,40,45701.0,81866.0,21956.0,3.5,3,0,-1,0,4,0,0,-1,0,-1,0,-1,3
B04470,37,43276.0,213473.0,78731.0,4.9,3,-1,3,3,4,3,1,0,4,3,3,-1,0
B04471,52,65639.0,261200.0,160060.0,2.7,3,0,-1,-1,-1,-1,0,-1,-1,-1,-1,0,-1
B04472,61,39338.0,223054.0,127708.0,7.2,2,-1,-1,0,1,-1,3,3,-1,1,1,0,0
B04473,59,76792.0,440647.0,265842.0,10.8,2,-1,0,-1,0,0,-1,0,-1,-1,-1,0,0
B04474,41,32083.0,103808.0,51819.0,5.9,3,1,4,4,1,2,1,4,-1,3,2,1,1
B04475,32,56690.0,267860.0,129393.0,7.8,6,4,1,4,2,4,3,1,0,4,2,4,4
B04476,34,45817.0,259913.0,64400.0,0.3,0,-1,-1,-1,-1,-1,-1,0,0,0,-1,0,0
B04477,30,37269.0,211602.0,156612.0,3.8,2,-1,2,2,2,2,0,-1,4,-1,1,3,2
B04478,64,30590.0,67959.0,5933.0,5.1,4,0,-1,0,2,-1,3,-1,0,-1,0,0,-1
B04479,61,57306.0,150350.0,66019.0,8.4,1,-1,0,0,-1,-1,1,0,0,-1,-1,4,2
B04480,38,45939.0,130742.0,70878.0,6.0,0,-1,-1,-1,-1,1,0,-1,-1,-1,0,-1,-1
B04481,59,103884.0,557380.0,205142.0,3.1,2,-1,-1,-1,-1,3,4,0,-1,4,2,0,0
B04482,39,53174.0,87430.0,60152.0,2.5,0,0,-1,2,4,2,1,4,4,0,3,4,4
B04483,33,21152.0,118204.0,69223.0,5.1,0,0,-1,-1,-1,-1,-1,-1,3,0,-1,0,-1
B04484,37,21646.0,32934.0,21431.0,6.5,0,1,1,2,3,2,1,1,-1,0,0,2,0
B04485,22,51352.0,106904.0,40342.0,4.4,2,-1,0,-1,0,-1,-1,4,-1,0,-1,0,0
B04486,44,21116.0,97820.0,63033.0,6.6,0,3,0,0,1,2,-1,0,-1,4,3,3,-1
B04487,38,30568.0,127923.0,55184.0,14.0,1,-1,2,1,4,1,1,1,2,2,3,3,3
B04488,62,73721.0,423074.0,122856.0,6.7,1,3,4,3,3,4,1,1,3,3,3,1,1
B04489,21,44516.0,263030.0,100867.0,4.5,3,0,0,-1,-1,0,-1,1,0,-1,0,1,-1
B04490,25,39409.0,187319.0,44463.0,4.3,1,-1,-1,-1,2,0,0,-1,-1,0,0,-1,-1
B04491,34,30527.0,153699.0,71773.0,17.7,4,3,4,4,2,4,0,-1,2,3,2,-1,0
B04492,23,38562.0,166294.0,37403.0,7.7,2,-1,0,-1,2,4,2,-1,0,1,-1,-1,-1
B04493,57,31924.0,71420.0,20808.0,2.6,0,-1,0,0,-1,0,0,-1,0,-1,-1,-1,3
B04494,31,37081.0,128042.0,27330.0,3.8,0,2,3,0,0,4,4,3,2,3,4,4,1
B04495,68,100010.0,265572.0,79295.0,4.1,3,4,1,1,3,2,2,4,4,4,4,2,4
B04496,43,57465.0,176090.0,35145.0,7.3,2,-1,-1,1,1,-1,2,4,3,2,4,3,2
B04497,63,35617.0,101485.0,41753.0,12.7,3,0,0,0,3,-1,0,-1,4,-1,4,-1,1
B04498,25,29568.0,131183.0,60538.0,4.8,0,0,3,3,1,1,4,2,4,3,4,3,2
B04499,34,28216.0,142910.0,40448.0,5.7,1,-1,0,-1,-1,-1,2,4,4,0,-1,4,4
B04500,38,64379.0,341232.0,51230.0,9.6,3,-1,0,3,2,0,2,-1,-1,0,1,-1,1
B04501,62,27257.0,115754.0,19091.0,6.5,0,-1,-1,0,0,-1,-1,-1,-1,-1,-1,-1,0
B04502,35,51397.0,97144.0,23379.0,5.4,1,4,1,4,4,1,1,2,2,3,4,1,2
B04503,45,65365.0,350166.0,60836.0,14.8,3,0,0,-1,0,0,0,0,-1,0,1,-1,-1
B04504,67,60720.0,243972.0,112785.0,4.8,1,-1,0,0,-1,-1,0,0,-1,-1,0,0,-1
B04505,48,72170.0,325437.0,99777.0,2.8,3,0,-1,0,0,-1,-1,0,-1,-1,-1,0,0
B04506,47,76681.0,203817.0,115477.0,23.6,1,-1,0,2,2,2,0,0,-1,2,0,-1,4
B04507,25,58331.0,252575.0,156698.0,14.0,6,0,0,0,-1,-1,0,0,-1,0,-1,0,0
B04508,25,46225.0,192039.0,153639.0,6.6,2,3,4,1,4,4,2,2,3,4,3,2,3
B04509,22,67629.0,387243.0,29831.0,11.4,4,0,-1,0,-1,0,2,0,-1,-1,0,-1,-1
B04510,30,15831.0,48866.0,13424.0,4.5,1,4,3,3,1,2,2,3,2,2,4,2,4
B04511,65,34276.0,120763.0,14101.0,5.7,1,-1,0,-1,0,-1,-1,-1,0,0,0,-1,-1
B04512,41,30291.0,99297.0,22436.0,7.5,1,-1,2,2,1,1,3,3,4,2,-1,4,2
B04513,58,48588.0,134601.0,72784.0,7.3,3,0,-1,-1,-1,-1,2,-1,-1,-1,2,-1,0
B04514,41,33961.0,126411.0,57622.0,8.7,4,4,-1,-1,2,0,-1,-1,-1,-1,0,-1,0
B04515,69,50598.0,170829.0,89032.0,3.9,0,-1,4,2,3,1,1,3,1,0,1,0,4
B04516,61,22732.0,43603.0,24047.0,3.5,4,0,2,2,4,1,2,2,0,0,3,1,2
B04517,34,24875.0,115541.0,76014.0,18.9,3,0,-1,-1,0,0,0,-1,-1,0,-1,3,2
B04518,29,62213.0,236191.0,50283.0,2.0,2,2,0,-1,4,0,1,2,2,2,3,-1,-1
B04519,46,45284.0,183764.0,40883.0,6.8,3,0,4,2,0,0,0,0,-1,0,-1,0,-1
B04520,34,69629.0,223853.0,81489.0,7.0,0,4,-1,0,2,2,3,4,-1,2,1,4,2
B04521,38,26575.0,120409.0,73414.0,6.6,2,-1,-1,-1,-1,-1,-1,0,1,0,4,3,0
B04522,66,48075.0,164054.0,43934.0,5.3,2,-1,-1,0,0,-1,0,0,0,0,0,0,1
B04523,36,75227.0,188291.0,70093.0,9.4,2,0,0,-1,0,-1,0,-1,-1,0,0,0,0
B04524,38,52156.0,276598.0,179184.0,1.8,0,4,4,3,0,2,1,4,1,1,4,2,4
B04525,67,62262.0,124161.0,84331.0,1.7,5,1,3,1,4,4,4,3,3,2,4,2,2
B04526,58,47305.0,108320.0,41898.0,14.3,3,4,4,3,-1,2,1,3,3,3,3,3,2
B04527,37,43655.0,236818.0,86283.0,4.7,3,-1,2,-1,0,0,-1,3,-1,0,-1,0,-1
B04528,50,74276.0,283842.0,157987.0,7.8,0,0,-1,-1,-1,-1,0,0,-1,0,0,-1,0
B04529,49,49979.0,122425.0,18983.0,6.5,3,0,0,-1,-1,0,-1,0,-1,-1,1,0,-1
B04530,54,23549.0,61742.0,24725.0,2.0,1,2,4,4,4,-1,-1,3,4,4,4,0,-1
B04531,22,57034.0,317848.0,77847.0,6.8,2,3,4,2,-1,-1,-1,-1,0,-1,-1,0,-1
B04532,61,42765.0,195965.0,97525.0,3.8,3,0,1,4,3,1,2,0,-1,4,0,0,0
B04533,58,66182.0,294001.0,216720.0,4.3,1,3,3,3,1,0,-1,1,4,1,1,2,2
B04534,45,41679.0,182209.0,80005.0,2.4,5,-1,3,1,0,0,4,0,3,3,-1,0,0
B04535,21,23158.0,126568.0,35832.0,1.2,0,1,1,2,1,1,0,4,2,4,2,3,1
B04536,62,24730.0,89598.0,36460.0,4.4,2,0,1,-1,-1,0,-1,0,4,2,0,2,1
B04537,33,96589.0,574803.0,278142.0,5.6,1,4,1,3,2,3,1,1,3,1,3,4,3
B04538,61,60186.0,311835.0,131738.0,4.8,3,-1,0,0,-1,3,3,-1,0,0,-1,0,-1
B04539,50,38418.0,143285.0,71780.0,9.7,3,0,-1,-1,0,-1,-1,0,0,0,0,0,-1
B04540,56,20582.0,101117.0,27713.0,9.2,0,-1,-1,2,-1,-1,0,-1,0,-1,0,-1,0
B04541,41,61295.0,335670.0,171669.0,5.5,2,0,0,3,3,4,4,4,2,3,3,-1,1
B04542,50,67534.0,360376.0,201235.0,4.2,1,-1,-1,-1,-1,0,0,-1,0,-1,-1,-1,-1
B04543,36,101418.0,357170.0,157545.0,9.5,3,0,-1,0,-1,-1,-1,-1,0,0,-1,0,0
B04544,68,20585.0,42562.0,11309.0,6.2,1,3,0,-1,0,-1,0,-1,-1,0,0,-1,-1
B04545,67,88634.0,136583.0,35942.0,2.6,5,0,-1,0,-1,0,-1,0,-1,-1,-1,-1,0
B04546,61,99553.0,577004.0,282150.0,2.4,2,0,0,0,4,3,-1,-1,0,0,-1,0,-1
B04547,67,33546.0,161681.0,23786.0,5.3,4,0,-1,-1,-1,0,0,3,0,-1,0,4,0
B04548,32,67164.0,261388.0,192273.0,10.6,1,-1,0,4,4,0,-1,-1,0,0,0,-1,-1
B04549,24,64723.0,159232.0,16474.0,9.4,2,-1,2,0,1,2,4,4,1,3,4,4,0
B04550,34,47530.0,135050.0,16650.0,7.8,2,2,2,3,-1,0,4,-1,-1,3,0,1,-1
B04551,38,78333.0,438639.0,189974.0,3.4,3,-1,0,0,0,-1,0,-1,0,0,0,0,0
B04552,60,43618.0,117711.0,67990.0,1.8,3,0,1,3,1,-1,-1,2,2,2,4,-1,1
B04553,46,37743.0,195027.0,75230.0,1.7,0,-1,-1,-1,3,-1,-1,-1,0,0,-1,0,0
B04554,21,95609.0,272510.0,56609.0,5.3,2,0,0,0,2,2,-1,-1,-1,2,0,0,3
B04555,42,41998.0,169923.0,52712.0,4.3,1,0,-1,-1,0,-1,0,-1,-1,0,-1,-1,-1
B04556,43,76994.0,166779.0,53385.0,3.7,2,0,2,1,2,4,4,-1,-1,0,3,3,1
B04557,25,16687.0,42019.0,26014.0,3.1,2,-1,-1,0,2,0,-1,0,-1,-1,1,-1,0
B04558,62,51381.0,291188.0,117693.0,9.4,4,0,-1,-1,-1,1,0,4,3,-1,0,0,-1
B04559,25,61703.0,256184.0,137237.0,4.0,3,1,2,2,1,4,3,2,4,2,2,1,2
B04560,56,42500.0,208228.0,78033.0,8.0,3,3,-1,-1,0,-1,-1,-1,-1,-1,-1,0,-1
B04561,21,41847.0,233578.0,82124.0,5.2,5,-1,-1,-1,4,4,3,0,0,-1,0,4,2
B04562,27,17597.0,29614.0,19747.0,1.6,1,-1,-1,0,-1,-1,0,-1,0,-1,3,-1,0
B04563,33,31122.0,181710.0,80973.0,7.0,2,-1,-1,0,4,-1,-1,0,0,0,0,-1,2
B04564,29,126707.0,449958.0,196062.0,8.5,1,0,0,-1,-1,-1,0,0,-1,0,-1,0,-1
B04565,46,30847.0,155452.0,57620.0,3.5,2,-1,0,2,0,3,1,1,-1,-1,-1,3,-1
B04566,43,30245.0,149271.0,79470.0,1.2,5,3,3,4,4,2,4,4,4,2,-1,3,4
B04567,43,19255.0,90302.0,49211.0,5.4,0,0,4,4,4,2,4,4,1,2,1,4,3
B04568,27,33655.0,141453.0,26750.0,10.5,6,1,-1,-1,-1,-1,0,-1,0,-1,0,0,0
B04569,46,62164.0,236577.0,92579.0,6.6,0,0,2,2,0,0,-1,2,-1,-1,4,-1,2
B04570,64,57334.0,232959.0,79427.0,0.2,2,0,0,0,0,4,2,4,0,-1,3,1,0
B04571,23,113187.0,193969.0,58678.0,8.8,2,4,4,0,4,1,4,-1,3,1,-1,1,4
B04572,51,11269.0,34037.0,1160.0,2.4,2,0,-1,0,0,1,0,-1,-1,-1,3,2,-1
B04573,63,11564.0,46128.0,24005.0,6.7,1,2,1,2,4,1,4,1,2,1,2,3,-1
B04574,23,74552.0,294419.0,186107.0,5.9,4,-1,0,-1,-1,-1,1,0,-1,1,-1,0,0
B04575,64,84711.0,231420.0,124242.0,3.5,2,-1,-1,0,-1,3,0,-1,-1,0,-1,1,-1
B04576,58,62460.0,194372.0,31492.0,1.4,1,0,0,0,0,0,0,0,0,0,-1,0,0
B04577,51,87060.0,164738.0,36156.0,10.9,1,-1,0,-1,0,0,0,0,-1,0,-1,-1,-1
B04578,42,22003.0,50027.0,40136.0,3.8,1,-1,2,-1,-1,2,4,4,3,0,2,-1,0
B04579,34,56609.0,293761.0,37481.0,6.1,2,-1,2,0,3,1,3,-1,0,3,4,2,0
B04580,39,23683.0,77486.0,66046.0,3.6,3,-1,-1,-1,0,0,4,0,3,0,0,0,0
B04581,49,27988.0,133780.0,10036.0,10.8,2,-1,0,-1,-1,-1,0,-1,3,4,1,1,3
B04582,68,45338.0,230994.0,54842.0,7.9,0,0,0,-1,-1,3,-1,0,0,0,-1,0,-1
B04583,68,63470.0,182235.0,37068.0,5.9,0,2,0,-1,1,-1,0,-1,-1,-1,-1,-1,-1
B04584,65,39481.0,82263.0,39216.0,3.2,2,-1,1,1,-1,0,-1,0,-1,0,0,-1,4
B04585,33,48434.0,227908.0,127883.0,12.7,1,0,-1,2,-1,0,0,0,-1,0,-1,0,0
B04586,43,29722.0,130976.0,51818.0,7.9,3,3,2,2,1,3,1,4,2,0,0,-1,0
B04587,53,27721.0,114540.0,65367.0,4.6,1,0,-1,0,0,-1,-1,4,-1,-1,0,-1,-1
B04588,52,24426.0,54647.0,21684.0,3.4,2,0,-1,-1,0,1,0,3,4,-1,0,0,3
B04589,66,66590.0,212675.0,50326.0,9.1,3,-1,-1,0,-1,-1,2,0,-1,-1,0,-1,-1
B04590,54,29845.0,143643.0,62417.0,2.8,1,-1,1,1,1,4,1,3,1,1,0,3,1
B04591,60,45480.0,120330.0,38079.0,2.8,0,0,0,-1,0,0,-1,0,-1,0,-1,-1,0
B04592,63,62656.0,250312.0,120669.0,10.4,1,-1,-1,-1,-1,0,0,0,2,-1,-1,0,0
B04593,22,95256.0,252965.0,106822.0,6.5,1,-1,0,0,0,-1,3,3,2,-1,0,1,-1
B04594,67,40369.0,124477.0,39294.0,1.4,3,0,0,0,1,-1,0,4,-1,-1,0,-1,-1
B04595,34,62424.0,321402.0,110631.0,12.2,0,-1,-1,0,0,0,1,3,0,0,0,0,-1
B04596,46,28800.0,164040.0,104063.0,4.9,3,0,0,-1,0,0,-1,4,-1,-1,-1,-1,0
B04597,32,100517.0,535052.0,477648.0,8.7,1,1,2,1,0,4,1,4,-1,3,1,4,3
B04598,45,27535.0,94929.0,73051.0,1.6,3,-1,0,1,0,0,2,-1,0,3,0,2,0
B04599,28,65276.0,105780.0,82513.0,3.3,1,0,4,3,3,4,3,4,1,4,1,4,4
B04600,68,22238.0,108686.0,14173.0,6.1,0,3,3,1,-1,0,-1,-1,4,2,-1,3,4
B04601,21,27162.0,106172.0,47808.0,3.7,4,0,-1,0,-1,-1,-1,-1,0,1,0,0,-1
B04602,48,22050.0,57724.0,23531.0,16.7,3,0,-1,0,-1,2,1,0,0,3,0,-1,0
B04603,52,26573.0,132175.0,75963.0,6.4,3,0,3,3,0,3,0,2,1,1,-1,0,1
B04604,27,43534.0,252324.0,135883.0,12.9,1,2,4,3,1,3,2,4,4,4,4,2,0
B04605,36,19018.0,31224.0,8350.0,3.1,1,1,3,3,2,4,3,1,3,3,1,4,4
B04606,35,88847.0,239290.0,164812.0,4.4,2,1,-1,0,-1,0,0,-1,-1,-1,0,0,-1
B04607,24,26000.0,53966.0,4455.0,7.2,1,-1,2,0,0,-1,-1,-1,-1,3,-1,-1,-1
B04608,29,22359.0,81621.0,55138.0,1.6,4,3,-1,4,3,0,-1,2,-1,0,1,-1,1
B04609,30,84868.0,198740.0,122718.0,1.9,3,4,3,2,3,0,4,1,-1,3,0,0,-1
B04610,58,74609.0,305935.0,142855.0,10.9,4,0,0,0,-1,-1,0,0,0,-1,0,0,0
B04611,59,30624.0,158189.0,96159.0,1.4,3,0,-1,-1,-1,-1,-1,0,-1,0,3,2,0
B04612,24,50405.0,214832.0,80177.0,7.9,1,4,4,2,4,4,3,3,2,3,3,3,3
B04613,45,103647.0,263559.0,170473.0,7.7,4,2,2,1,1,1,-1,0,0,0,1,1,1
B04614,64,31074.0,163456.0,113364.0,1.4,1,0,2,0,0,3,0,-1,0,-1,0,0,2
B04615,28,31865.0,68690.0,5052.0,6.1,3,2,2,4,4,1,4,2,0,4,2,4,1
B04616,69,35523.0,154953.0,82281.0,7.0,3,0,0,3,0,0,0,4,0,-1,0,-1,0
B04617,47,37132.0,137778.0,60513.0,1.9,3,-1,-1,-1,0,-1,0,0,-1,0,0,3,1
B04618,53,34342.0,117696.0,37052.0,17.7,2,0,-1,0,0,0,-1,0,0,0,0,-1,0
B04619,55,138091.0,219237.0,51228.0,2.2,0,3,-1,0,0,-1,-1,0,-1,0,0,-1,0
B04620,22,33341.0,150336.0,59640.0,4.1,1,0,4,0,-1,4,4,2,1,0,-1,0,1
B04621,41,15777.0,68048.0,61901.0,1.4,3,3,0,3,-1,-1,2,1,2,1,0,-1,2
B04622,28,55930.0,335438.0,27882.0,10.2,2,-1,4,3,3,2,-1,-1,-1,0,4,4,1
B04623,27,18160.0,48690.0,44526.0,3.6,0,-1,0,0,-1,0,0,0,0,-1,-1,0,-1
B04624,55,31877.0,175174.0,65010.0,5.3,2,-1,-1,4,1,2,2,3,3,1,-1,0,0
B04625,22,37453.0,172689.0,65366.0,8.6,2,0,1,-1,0,-1,-1,0,0,2,-1,-1,0
B04626,26,30016.0,164886.0,33400.0,1.6,2,2,3,2,4,1,3,2,1,3,3,2,3
B04627,55,40252.0,131507.0,43978.0,8.7,2,-1,0,-1,0,0,0,0,-1,-1,0,0,0
B04628,51,37872.0,58428.0,8924.0,1.7,1,0,2,0,1,0,3,0,-1,3,4,4,2
B04629,64,61061.0,354560.0,203075.0,12.0,1,0,0,2,-1,0,-1,-1,2,-1,-1,-1,-1
B04630,21,38148.0,215645.0,164127.0,6.7,2,0,-1,-1,-1,1,-1,2,2,4,4,4,-1
B04631,66,56712.0,328100.0,122317.0,2.9,4,0,0,-1,-1,-1,-1,0,-1,0,0,-1,0
B04632,30,81579.0,447406.0,32147.0,3.3,2,2,-1,0,-1,0,-1,-1,-1,0,-1,3,-1
B04633,39,126710.0,260947.0,173380.0,2.6,1,0,0,3,1,-1,-1,-1,2,3,2,0,-1
B04634,58,41703.0,203080.0,117892.0,5.2,1,-1,0,0,0,-1,4,0,0,-1,4,0,-1
B04635,66,39124.0,167795.0,85937.0,4.2,1,-1,-1,0,-1,-1,0,-1,0,4,-1,-1,0
B04636,59,73339.0,401925.0,49825.0,4.4,2,1,4,4,3,1,3,4,0,-1,2,1,3
B04637,51,33381.0,65580.0,22516.0,3.8,0,4,1,3,-1,4,3,3,4,4,2,3,-1
B04638,37,71605.0,206625.0,103335.0,18.7,2,0,2,0,0,0,0,0,0,0,0,-1,0
B04639,34,76085.0,224033.0,215962.0,1.7,0,2,3,3,-1,3,-1,1,4,0,0,-1,2
B04640,60,58095.0,275467.0,50234.0,6.4,0,-1,4,3,0,-1,-1,-1,1,-1,1,3,4
B04641,27,25083.0,102231.0,32975.0,7.7,4,-1,-1,-1,-1,0,0,-1,-1,-1,4,3,0
B04642,67,52395.0,125048.0,63413.0,10.1,1,-1,0,0,-1,0,-1,-1,-1,2,0,0,0
B04643,31,51586.0,126346.0,37797.0,4.4,2,0,0,2,-1,-1,-1,0,0,0,4,1,0
B04644,26,86058.0,234609.0,197983.0,5.5,4,0,2,4,-1,-1,-1,-1,-1,-1,0,-1,1
B04645,37,44233.0,104787.0,53758.0,9.8,1,3,1,2,1,3,3,0,2,4,0,0,-1
B04646,41,68211.0,148484.0,85099.0,8.4,1,-1,-1,0,0,2,3,0,1,4,2,1,1
B04647,26,28247.0,78473.0,27131.0,2.6,2,0,-1,0,0,0,1,3,0,0,-1,4,2
B04648,38,84157.0,367792.0,102626.0,1.3,1,0,-1,0,-1,0,0,-1,-1,0,0,1,-1
B04649,48,32717.0,188775.0,43251.0,9.2,2,4,1,-1,1,-1,0,0,0,-1,4,2,1
B04650,41,39410.0,85268.0,36982.0,4.6,0,1,1,1,3,4,2,0,-1,0,-1,0,2
B04651,32,120667.0,289265.0,40527.0,2.4,1,0,2,-1,-1,0,0,2,-1,0,0,0,0
B04652,31,57615.0,283756.0,103365.0,6.5,3,0,-1,0,0,0,0,-1,0,-1,-1,4,2
B04653,61,135761.0,220099.0,30219.0,3.5,2,-1,0,4,-1,-1,0,-1,0,0,0,0,0
B04654,53,91948.0,185155.0,25134.0,6.3,0,1,-1,0,-1,0,0,1,0,1,0,2,3
B04655,43,26299.0,129825.0,49613.0,20.5,2,0,-1,-1,-1,0,-1,-1,-1,1,-1,0,-1
B04656,69,34831.0,155925.0,21402.0,8.7,1,0,0,-1,-1,-1,-1,0,-1,-1,-1,-1,-1
B04657,27,50567.0,184755.0,36956.0,10.2,4,-1,1,1,1,-1,2,1,1,3,4,1,4
B04658,52,31615.0,147377.0,25436.0,7.9,1,0,-1,-1,-1,0,0,0,-1,0,-1,0,0
B04659,30,51141.0,185739.0,107637.0,12.2,2,0,-1,-1,-1,-1,0,0,0,0,-1,-1,1
B04660,33,49874.0,94884.0,22746.0,4.2,2,4,-1,0,0,-1,2,2,4,-1,1,1,0
B04661,25,42516.0,185856.0,59665.0,12.4,4,-1,0,2,4,2,0,1,0,3,2,3,1
B04662,31,15343.0,41358.0,3368.0,3.6,3,3,0,-1,-1,0,-1,0,0,0,-1,-1,0
B04663,36,38061.0,179492.0,35320.0,9.6,2,-1,0,-1,0,-1,-1,0,0,-1,2,0,-1
B04664,21,16662.0,91222.0,45171.0,11.4,2,3,2,0,0,0,-1,-1,1,3,2,4,2
B04665,59,44309.0,176696.0,122827.0,3.3,2,4,3,3,1,-1,3,3,-1,2,2,4,-1
B04666,33,26967.0,147087.0,42381.0,7.3,2,3,0,-1,0,0,-1,0,-1,-1,3,1,-1
B04667,59,63064.0,284654.0,170649.0,3.1,1,-1,-1,0,0,-1,0,-1,-1,0,-1,0,-1
B04668,58,77540.0,427439.0,138570.0,4.4,1,-1,-1,-1,0,0,0,0,-1,0,0,-1,0
B04669,56,77823.0,242641.0,58385.0,1.8,1,-1,0,3,-1,-1,0,-1,-1,0,-1,4,3
B04670,59,59972.0,151633.0,79990.0,3.1,2,-1,3,0,0,-1,-1,0,2,-1,3,0,0
B04671,45,26644.0,100552.0,58482.0,1.2,3,0,-1,0,-1,-1,-1,-1,-1,0,-1,0,0
B04672,60,39474.0,81043.0,32962.0,5.3,4,2,-1,0,-1,2,0,-1,-1,0,-1,-1,-1
B04673,65,26125.0,130358.0,68460.0,12.0,2,-1,-1,4,1,0,0,0,0,-1,4,-1,-1
B04674,56,37943.0,85646.0,26380.0,24.1,3,2,0,0,0,-1,-1,-1,0,1,-1,0,-1
B04675,51,78038.0,368448.0,65811.0,6.9,4,0,-1,0,0,0,0,-1,0,-1,4,3,0
B04676,63,31735.0,74417.0,23550.0,10.0,2,4,0,1,1,0,0,-1,-1,3,1,0,-1
B04677,39,45804.0,196413.0,170799.0,3.2,0,2,0,-1,0,-1,0,-1,0,0,-1,0,4
B04678,44,46248.0,218705.0,142443.0,12.3,0,2,0,0,0,-1,0,2,4,-1,1,-1,3
B04679,38,111211.0,541535.0,380875.0,1.4,0,-1,2,3,2,3,2,2,0,3,-1,0,-1
B04680,69,58918.0,300408.0,29206.0,12.6,2,0,-1,0,-1,-1,-1,-1,0,1,0,0,0
B04681,32,41136.0,185072.0,84404.0,12.6,2,0,0,-1,-1,-1,-1,0,-1,-1,1,-1,-1
B04682,29,36940.0,151556.0,52547.0,5.8,1,0,-1,-1,0,0,-1,0,2,2,1,0,0
B04683,32,49532.0,147240.0,11164.0,4.3,0,0,-1,-1,3,0,-1,1,0,0,-1,0,-1
B04684,60,15688.0,91725.0,16630.0,5.0,2,-1,4,2,-1,0,1,-1,4,2,-1,-1,-1
B04685,35,111013.0,503307.0,209162.0,3.4,6,4,3,0,1,3,1,4,2,2,4,1,0
B04686,38,108011.0,270710.0,97449.0,2.1,1,0,-1,-1,0,4,-1,-1,-1,-1,-1,-1,0
B04687,59,30637.0,171173.0,92584.0,3.6,1,-1,0,-1,-1,-1,-1,-1,-1,-1,-1,-1,-1
B04688,58,27959.0,133647.0,66644.0,3.9,0,-1,3,4,0,0,0,-1,3,0,0,-1,0
B04689,63,65953.0,128986.0,71719.0,7.2,3,1,4,4,2,3,0,3,2,1,4,-1,2
B04690,68,112012.0,630218.0,52124.0,4.9,1,-1,-1,-1,-1,-1,-1,0,-1,0,0,-1,-1
B04691,56,38106.0,100077.0,12269.0,1.7,1,0,-1,0,-1,0,-1,0,0,-1,0,0,0
B04692,47,31159.0,145375.0,83310.0,4.0,3,-1,-1,2,4,4,0,-1,0,0,-1,0,-1
B04693,58,60045.0,304211.0,90192.0,2.8,1,0,0,0,0,0,0,0,0,0,0,-1,0
B04694,23,15480.0,23987.0,6784.0,16.9,3,0,-1,0,3,0,3,-1,0,-1,4,4,0
B04695,35,15842.0,27896.0,10144.0,8.2,4,4,2,3,3,3,4,1,3,2,3,3,3
B04696,38,29773.0,111292.0,50227.0,7.2,1,-1,2,-1,3,0,-1,-1,2,1,1,-1,0
B04697,50,21616.0,119492.0,25001.0,0.6,4,1,1,0,-1,1,0,1,0,-1,-1,0,0
B04698,28,81355.0,341294.0,135519.0,14.4,2,0,0,0,0,0,-1,0,-1,0,1,0,0
B04699,48,23899.0,69242.0,2383.0,1.2,4,-1,-1,-1,-1,0,1,-1,0,-1,0,0,0
B04700,58,54676.0,204794.0,83495.0,6.2,4,3,1,0,-1,-1,3,2,3,-1,0,-1,-1
B04701,50,46922.0,103292.0,42947.0,6.8,2,-1,-1,0,-1,-1,-1,0,-1,-1,-1,0,-1
B04702,35,33714.0,97121.0,84068.0,8.2,2,-1,0,0,3,0,-1,0,0,-1,0,0,-1
B04703,23,127212.0,382228.0,196924.0,3.0,1,-1,3,2,2,3,2,2,4,1,1,4,3
B04704,64,23650.0,135285.0,96543.0,8.9,2,3,0,0,-1,-1,-1,-1,0,-1,-1,0,-1
B04705,58,17305.0,102351.0,50953.0,5.6,1,0,-1,-1,-1,-1,0,4,-1,-1,-1,0,0
B04706,65,51151.0,265193.0,154554.0,5.0,2,1,-1,0,2,-1,-1,0,-1,-1,-1,0,0
B04707,25,75338.0,331037.0,35634.0,1.9,4,2,1,0,-1,0,0,0,3,2,0,1,1
B04708,51,70305.0,229519.0,134377.0,4.4,3,-1,0,-1,3,-1,-1,-1,0,0,0,0,0
B04709,23,42225.0,106823.0,63909.0,0.8,3,1,1,0,2,2,0,-1,1,3,3,2,4
B04710,40,89298.0,182333.0,92910.0,3.4,2,-1,0,-1,-1,0,2,-1,3,2,0,-1,4
B04711,55,32758.0,181892.0,131151.0,11.8,4,3,-1,0,-1,0,-1,4,-1,-1,0,0,3
B04712,44,31217.0,147279.0,116717.0,5.6,1,0,0,1,0,0,-1,-1,0,-1,0,-1,1
B04713,54,43103.0,94876.0,10076.0,11.2,1,2,2,1,0,2,4,1,1,0,0,0,3
B04714,46,48466.0,77771.0,30625.0,6.0,1,-1,-1,3,4,2,4,-1,0,-1,-1,1,3
B04715,22,42720.0,196021.0,74993.0,5.7,0,-1,-1,0,2,2,0,0,4,-1,-1,-1,0
B04716,23,36790.0,88106.0,32836.0,7.7,0,2,0,3,0,0,0,-1,0,0,0,0,-1
B04717,32,75331.0,416775.0,109609.0,9.4,2,0,-1,-1,-1,0,-1,-1,-1,0,0,0,0
B04718,36,80474.0,176602.0,80225.0,5.8,5,0,0,0,-1,-1,3,2,-1,-1,-1,2,-1
B04719,56,60448.0,238131.0,91841.0,7.4,2,0,0,-1,0,-1,0,0,-1,-1,-1,-1,4
B04720,28,34820.0,187416.0,2935.0,7.9,3,-1,0,4,4,0,0,0,-1,0,0,2,3
B04721,38,94862.0,198361.0,115744.0,6.8,2,-1,0,0,-1,0,-1,0,-1,0,-1,0,0
B04722,43,32814.0,184873.0,24745.0,6.0,1,1,-1,0,0,2,0,-1,1,4,1,1,0
B04723,50,42354.0,86541.0,18577.0,0.7,3,0,0,0,0,0,-1,0,-1,-1,-1,0,-1
B04724,26,40479.0,220136.0,154169.0,2.4,0,0,-1,-1,0,-1,0,0,-1,-1,0,0,-1
B04725,37,57060.0,325714.0,157636.0,2.1,2,-1,-1,0,0,-1,-1,-1,-1,-1,-1,0,0
B04726,21,116415.0,519569.0,60220.0,1.9,5,4,4,2,0,-1,4,2,4,-1,0,4,1
B04727,48,44572.0,80696.0,18830.0,9.4,2,3,-1,0,0,-1,0,0,0,-1,4,2,2
B04728,35,36806.0,176256.0,137414.0,9.7,2,1,1,2,3,1,4,4,4,1,3,4,1
B04729,29,18683.0,84887.0,55836.0,7.8,0,-1,-1,0,0,-1,1,0,-1,0,-1,3,0
B04730,28,20734.0,58387.0,13251.0,2.9,1,0,0,-1,2,0,0,-1,-1,0,0,1,0
B04731,67,42696.0,133460.0,40096.0,11.9,1,0,4,3,4,0,1,0,1,3,-1,-1,0
B04732,49,45586.0,262440.0,122649.0,5.1,2,2,0,0,2,2,1,0,3,4,2,3,0
B04733,42,32017.0,86976.0,17550.0,5.0,0,4,2,3,3,2,4,2,4,1,2,1,0
B04734,28,48898.0,258133.0,181920.0,2.5,0,0,2,-1,4,3,0,4,2,2,3,4,1
B04735,21,58524.0,202049.0,42148.0,8.0,0,-1,0,-1,0,0,0,-1,-1,0,3,-1,-1
B04736,28,115867.0,422778.0,242042.0,11.3,2,0,4,2,3,4,2,3,2,1,4,4,2
B04737,24,52629.0,150567.0,83402.0,4.3,3,-1,0,0,0,3,3,1,2,0,-1,-1,0
B04738,37,25930.0,108536.0,40221.0,1.1,1,-1,-1,0,0,-1,3,3,2,-1,-1,3,-1
B04739,34,44303.0,165694.0,125779.0,2.1,3,-1,0,0,0,-1,0,-1,-1,-1,-1,0,0
B04740,31,51409.0,96426.0,10631.0,20.5,2,0,0,0,0,0,-1,0,-1,0,1,-1,0
B04741,29,34676.0,144574.0,38207.0,3.4,1,-1,3,4,0,2,1,-1,-1,4,0,-1,-1
B04742,56,97620.0,234766.0,2750.0,4.7,7,4,0,2,2,1,1,3,2,4,0,0,3
B04743,21,34660.0,108731.0,66750.0,2.2,4,-1,0,0,-1,3,2,4,-1,1,0,-1,0
B04744,26,82655.0,187646.0,141803.0,12.5,1,0,-1,1,1,3,1,1,1,-1,2,3,2
B04745,52,24887.0,120354.0,32971.0,2.5,3,-1,0,-1,-1,0,0,-1,0,4,1,2,2
B04746,43,62874.0,123641.0,11620.0,11.6,3,0,0,-1,4,1,0,-1,0,-1,2,-1,0
B04747,42,21287.0,35264.0,10044.0,10.1,2,0,0,-1,0,0,-1,0,0,0,0,0,-1
B04748,21,36842.0,209061.0,84752.0,6.9,2,-1,-1,-1,-1,-1,0,-1,0,-1,-1,-1,0
B04749,28,66089.0,316644.0,92402.0,6.3,4,-1,-1,0,-1,0,0,0,-1,-1,0,-1,-1
B04750,30,40289.0,103105.0,84825.0,8.0,2,4,3,1,2,2,4,1,4,3,2,4,0
B04751,58,54419.0,218088.0,74432.0,15.4,1,-1,3,3,2,2,-1,3,4,1,4,1,1
B04752,52,34831.0,192276.0,36937.0,4.3,1,1,2,-1,4,4,3,3,4,-1,4,4,-1
B04753,52,148991.0,723259.0,112549.0,19.3,3,0,0,-1,-1,0,0,-1,-1,-1,-1,-1,0
B04754,42,35734.0,109749.0,46608.0,5.0,2,0,-1,-1,0,-1,0,0,-1,0,-1,0,0
B04755,52,20538.0,72483.0,25531.0,7.3,3,-1,4,1,-1,-1,-1,0,0,0,-1,1,0
B04756,50,41815.0,96259.0,69780.0,17.4,6,-1,-1,-1,-1,1,2,4,1,1,4,1,-1
B04757,47,44307.0,246590.0,70564.0,5.4,0,0,2,2,1,3,1,4,3,2,-1,2,4
B04758,45,53250.0,201039.0,107480.0,10.4,3,-1,0,-1,-1,-1,0,0,-1,0,0,0,-1
B04759,49,31041.0,47344.0,30292.0,0.2,2,-1,0,2,-1,0,0,1,-1,4,3,2,0
B04760,66,30289.0,133699.0,38278.0,6.0,4,-1,-1,-1,-1,-1,-1,0,0,-1,-1,0,0
B04761,57,39457.0,62388.0,25101.0,5.8,4,0,0,0,-1,-1,2,-1,-1,4,0,-1,0
B04762,43,62833.0,206861.0,29238.0,3.2,2,0,-1,0,0,0,0,0,0,-1,0,0,0
B04763,45,17640.0,90579.0,25991.0,1.9,5,3,2,2,4,2,4,2,2,1,4,3,0
B04764,29,94864.0,387227.0,117589.0,6.1,3,0,0,-1,0,-1,0,0,0,0,0,0,-1
B04765,28,34091.0,58756.0,19713.0,6.6,1,1,1,2,2,-1,-1,-1,0,1,0,0,-1
B04766,59,52233.0,235926.0,159254.0,1.9,2,-1,0,-1,0,-1,1,0,2,-1,0,0,-1
B04767,48,47820.0,228084.0,175367.0,1.9,4,-1,-1,3,0,-1,-1,4,1,-1,-1,4,0
B04768,26,36352.0,216386.0,147564.0,4.0,3,0,-1,-1,3,4,-1,1,0,2,3,2,-1
B04769,28,47672.0,130431.0,46779.0,5.3,2,-1,-1,-1,-1,0,3,0,-1,-1,0,0,0
B04770,51,37866.0,136984.0,63632.0,3.8,4,-1,-1,0,0,-1,3,3,-1,0,0,0,-1
B04771,35,60590.0,215588.0,70970.0,5.0,5,0,0,-1,0,2,0,0,0,-1,2,0,-1
B04772,66,55002.0,178825.0,71318.0,0.7,0,0,0,-1,0,-1,1,1,4,2,-1,1,-1
B04773,39,51489.0,159550.0,46627.0,5.3,2,0,0,0,1,-1,0,0,-1,-1,-1,4,0
B04774,56,24586.0,100113.0,26132.0,0.8,2,0,3,4,3,3,4,-1,1,0,-1,1,0
B04775,62,36431.0,129654.0,22201.0,10.3,1,0,-1,0,0,0,4,-1,0,0,4,4,0
B04776,33,45944.0,107577.0,64460.0,5.3,2,-1,0,-1,0,0,0,0,0,-1,0,2,1
B04777,68,38933.0,129967.0,52838.0,7.2,1,-1,0,0,0,2,-1,0,0,-1,-1,0,0
B04778,48,22249.0,117421.0,29504.0,7.0,1,-1,0,0,0,0,-1,0,0,-1,-1,-1,-1
B04779,52,72674.0,182991.0,60541.0,1.5,0,2,2,1,1,1,3,1,-1,2,0,1,-1
B04780,52,192345.0,888691.0,95584.0,14.5,4,0,-1,0,0,0,0,0,-1,0,-1,-1,-1
B04781,35,34566.0,93626.0,61139.0,2.5,0,0,2,4,3,4,3,0,-1,3,3,3,0
B04782,69,52452.0,86025.0,57270.0,3.4,2,-1,-1,-1,0,0,0,3,0,3,1,0,-1
B04783,63,41912.0,116738.0,66661.0,13.5,3,0,0,-1,-1,-1,-1,-1,0,1,4,0,-1
B04784,59,34907.0,206324.0,84848.0,2.2,1,-1,0,-1,4,1,1,-1,3,4,1,-1,0
B04785,40,24042.0,136644.0,89898.0,3.0,2,0,0,-1,-1,-1,0,-1,0,-1,-1,-1,0
B04786,26,38076.0,126560.0,45838.0,1.4,1,0,0,0,-1,-1,-1,-1,0,0,-1,0,0
B04787,31,21041.0,122461.0,25891.0,6.6,1,1,0,0,-1,0,0,0,-1,-1,3,0,-1
B04788,35,20121.0,101932.0,30174.0,6.9,0,0,0,0,0,-1,0,-1,-1,-1,-1,0,2
B04789,23,44761.0,75332.0,18095.0,9.4,3,4,2,3,2,3,1,4,4,2,4,1,2
B04790,30,22610.0,73688.0,13176.0,2.1,1,0,1,3,1,3,2,4,3,2,3,3,3
B04791,37,17574.0,85681.0,50085.0,3.2,3,2,2,2,-1,4,3,1,2,2,2,1,4
B04792,23,102854.0,372593.0,60963.0,3.8,0,-1,1,-1,-1,-1,-1,3,1,3,3,2,-1
B04793,39,43788.0,246391.0,36754.0,2.5,1,4,0,0,0,-1,0,2,0,0,-1,2,3
B04794,27,58440.0,109861.0,45047.0,4.8,1,-1,-1,0,4,-1,3,0,-1,-1,0,4,2
B04795,47,34220.0,190070.0,66533.0,6.9,1,0,3,3,4,-1,-1,-1,-1,3,0,0,-1
B04796,21,83141.0,492111.0,212010.0,7.2,2,0,0,0,0,0,0,0,0,-1,0,-1,-1
B04797,30,69508.0,391652.0,289540.0,5.9,4,-1,4,3,1,2,0,-1,0,-1,0,4,0
B04798,55,29261.0,44887.0,23364.0,4.5,4,4,1,0,0,0,-1,0,-1,0,-1,0,0
B04799,53,22746.0,40333.0,15502.0,15.3,1,0,1,0,0,-1,0,0,-1,-1,-1,0,-1
B04800,59,79990.0,201159.0,73835.0,0.5,0,3,2,3,0,4,4,3,4,4,3,1,-1
B04801,60,135540.0,379244.0,190941.0,8.7,2,-1,4,-1,0,-1,-1,2,0,0,-1,-1,-1
B04802,39,48636.0,188135.0,3870.0,7.7,5,0,0,-1,0,1,0,4,3,-1,-1,-1,-1
B04803,32,21571.0,103731.0,52807.0,0.2,1,1,1,4,1,4,4,4,2,4,2,1,4
B04804,53,37995.0,109053.0,49026.0,5.0,2,-1,4,3,2,4,3,3,2,4,1,2,2
B04805,61,100390.0,281176.0,106502.0,13.4,1,-1,1,-1,2,0,4,-1,-1,-1,0,-1,0
B04806,53,84956.0,262058.0,73958.0,1.7,3,-1,-1,-1,-1,4,1,-1,4,2,0,-1,0
B04807,64,42182.0,96273.0,35354.0,4.3,2,-1,-1,0,0,-1,-1,0,0,0,0,0,0
B04808,43,102099.0,245875.0,50186.0,2.0,2,-1,3,1,-1,4,0,3,3,3,1,-1,3
B04809,26,75580.0,227432.0,54195.0,4.1,1,-1,-1,-1,-1,-1,-1,-1,0,0,0,0,0
B04810,59,29816.0,87062.0,19392.0,2.6,4,0,-1,-1,0,0,0,-1,0,-1,0,0,0
B04811,27,22936.0,55753.0,2492.0,4.6,4,-1,1,3,4,0,2,0,-1,2,4,1,2
B04812,51,31125.0,172426.0,68845.0,8.4,1,1,0,-1,2,1,0,4,2,2,1,1,2
B04813,60,33826.0,124530.0,26530.0,10.0,3,3,3,0,4,3,2,4,1,1,4,3,0
B04814,27,30785.0,108418.0,76839.0,9.1,5,1,0,-1,2,2,-1,-1,0,0,0,0,0
B04815,37,62293.0,133444.0,32298.0,5.8,0,2,3,3,0,0,2,4,-1,0,0,-1,0
B04816,38,29457.0,148094.0,36462.0,5.8,2,3,-1,0,-1,-1,0,0,-1,0,0,-1,-1
B04817,59,39585.0,73289.0,41830.0,2.3,1,-1,-1,2,4,4,1,-1,0,0,-1,-1,-1
B04818,26,101566.0,253351.0,147659.0,13.2,2,0,0,-1,0,-1,0,-1,-1,0,0,4,-1
B04819,54,40607.0,69842.0,1272.0,4.7,2,0,-1,0,0,4,-1,4,4,0,-1,0,-1
B04820,58,14927.0,50145.0,16649.0,11.0,1,-1,0,1,4,2,2,0,4,0,-1,-1,0
B04821,36,56914.0,340633.0,99259.0,9.9,3,0,0,-1,0,-1,2,3,1,2,3,3,2
B04822,64,23267.0,117880.0,93265.0,11.3,2,-1,-1,3,4,2,1,2,1,4,4,4,0
B04823,49,30128.0,130013.0,86526.0,1.7,3,-1,-1,0,4,-1,0,-1,0,-1,0,2,2
B04824,65,19068.0,94291.0,28450.0,6.1,0,2,2,0,-1,4,3,1,1,3,1,4,4
B04825,64,179594.0,442798.0,130256.0,2.0,2,-1,-1,0,0,-1,-1,-1,-1,-1,0,-1,-1
B04826,69,74471.0,425293.0,114918.0,6.3,1,0,0,-1,0,-1,0,-1,-1,-1,-1,-1,0
B04827,28,48721.0,91899.0,32702.0,11.5,3,0,1,-1,0,4,2,0,4,1,4,1,1
B04828,56,32751.0,106717.0,46108.0,5.3,3,0,0,0,0,-1,4,-1,0,0,-1,3,2
B04829,43,12774.0,63555.0,33695.0,0.4,2,-1,1,-1,0,2,0,0,-1,-1,1,1,2
B04830,46,36318.0,167599.0,47697.0,1.1,5,-1,0,0,2,0,4,-1,2,0,4,3,1
B04831,51,58740.0,338800.0,67184.0,3.0,1,0,2,-1,-1,0,-1,0,-1,-1,4,-1,0
B04832,42,17932.0,55450.0,21093.0,5.2,1,0,-1,0,-1,0,0,-1,0,0,0,-1,-1
B04833,30,24901.0,128852.0,55958.0,3.4,0,4,1,3,1,2,-1,0,-1,3,3,3,3
B04834,52,89332.0,480636.0,92492.0,5.9,3,3,2,3,0,-1,4,-1,0,3,3,-1,0
B04835,35,36177.0,158895.0,13660.0,9.4,1,-1,0,-1,-1,-1,0,-1,0,-1,-1,0,-1
B04836,49,18043.0,54402.0,10359.0,7.4,1,0,0,-1,0,0,0,0,-1,0,-1,-1,-1
B04837,54,34414.0,143194.0,10663.0,5.5,4,-1,0,0,4,0,4,3,0,-1,-1,0,-1
B04838,24,90343.0,379883.0,291529.0,5.7,4,0,-1,0,-1,-1,0,0,-1,0,0,1,1
B04839,34,22329.0,114348.0,81585.0,5.1,4,-1,-1,0,0,-1,-1,1,-1,-1,-1,3,0
B04840,59,48334.0,278734.0,78000.0,7.7,2,-1,-1,-1,0,0,-1,-1,0,4,-1,0,0
B04841,65,38794.0,106375.0,36703.0,6.8,0,-1,3,0,2,4,0,4,3,0,3,1,0
B04842,67,16384.0,81449.0,34679.0,6.0,5,-1,-1,0,0,-1,0,0,-1,2,0,-1,0
B04843,29,28570.0,75100.0,2781.0,18.8,1,3,0,-1,0,3,1,0,0,0,-1,3,3
B04844,68,50289.0,299386.0,126350.0,4.8,2,-1,-1,0,-1,0,4,-1,-1,0,-1,0,0
B04845,60,53790.0,227910.0,76701.0,4.4,3,-1,1,-1,0,3,2,4,2,3,0,3,0
B04846,68,30570.0,102828.0,22590.0,6.2,5,4,3,0,0,0,0,0,-1,-1,0,-1,0
B04847,60,44226.0,197014.0,74271.0,8.4,0,0,-1,0,-1,-1,-1,-1,0,-1,0,2,0
B04848,40,83443.0,193889.0,78231.0,2.0,3,2,0,2,4,0,3,-1,3,0,4,4,1
B04849,42,21440.0,90796.0,47360.0,4.1,0,1,1,0,0,0,1,-1,0,-1,0,3,0
B04850,69,53835.0,209668.0,50258.0,11.7,2,-1,-1,-1,-1,4,1,0,-1,-1,0,0,0
B04851,62,27814.0,117361.0,28464.0,9.7,2,-1,3,-1,-1,0,-1,-1,1,0,-1,0,2
B04852,22,27585.0,94285.0,86746.0,3.8,1,0,0,4,1,0,0,2,3,3,0,3,1
B04853,54,68594.0,192774.0,59949.0,5.4,2,2,1,4,4,1,1,1,3,3,2,3,2
B04854,28,107082.0,240178.0,127665.0,5.7,2,0,3,-1,0,0,0,-1,1,-1,-1,0,-1
B04855,53,60442.0,132780.0,76374.0,9.5,0,1,1,-1,0,0,0,0,-1,3,3,4,1
B04856,25,44666.0,185460.0,131991.0,2.4,3,1,-1,2,4,-1,4,0,0,3,0,-1,-1
B04857,64,70215.0,235177.0,86136.0,2.5,4,-1,-1,3,-1,-1,0,-1,0,0,0,0,-1
B04858,24,49212.0,199496.0,8662.0,2.1,2,4,1,3,1,4,2,1,2,1,3,2,4
B04859,22,142055.0,343191.0,161094.0,0.6,4,2,0,-1,-1,0,-1,-1,-1,0,0,0,-1
B04860,52,31459.0,81091.0,22924.0,6.0,1,3,1,4,3,2,1,2,3,2,4,3,1
B04861,24,97726.0,452457.0,93048.0,4.9,2,-1,-1,0,0,0,0,0,-1,-1,0,0,-1
B04862,47,26445.0,86745.0,20706.0,14.5,3,1,2,4,2,2,1,2,2,1,4,-1,3
B04863,55,53042.0,79880.0,55986.0,17.2,0,0,0,-1,-1,-1,-1,3,3,4,-1,0,0
B04864,25,38581.0,70327.0,14553.0,7.6,3,0,4,2,3,2,4,1,0,0,0,-1,-1
B04865,23,35194.0,115031.0,60105.0,17.1,1,-1,0,3,0,0,-1,-1,0,1,-1,0,-1
B04866,48,30541.0,168368.0,94605.0,12.3,0,0,2,0,0,-1,1,2,3,4,2,-1,-1
B04867,61,30397.0,96849.0,40192.0,10.8,2,0,-1,0,0,1,0,0,-1,-1,0,0,-1
B04868,35,55347.0,90186.0,19132.0,3.4,1,1,1,0,3,3,3,1,3,1,0,1,1
B04869,41,47814.0,206950.0,103330.0,4.9,3,-1,0,0,-1,0,0,-1,0,-1,-1,2,3
B04870,34,24945.0,145578.0,13029.0,13.9,3,0,-1,-1,0,0,-1,-1,-1,-1,0,-1,-1
B04871,26,13428.0,42465.0,27425.0,4.2,1,-1,3,3,1,0,2,0,-1,3,4,3,3
B04872,22,45358.0,192640.0,60480.0,6.0,6,2,4,4,2,1,1,4,4,3,0,2,1
B04873,22,101671.0,278939.0,128876.0,10.1,1,-1,-1,-1,-1,4,1,2,-1,-1,-1,-1,0
B04874,26,46354.0,142048.0,50803.0,8.8,4,0,-1,-1,0,0,-1,0,-1,0,0,0,0
B04875,44,49060.0,115344.0,99035.0,3.5,2,0,2,4,-1,-1,4,0,-1,0,-1,-1,0
B04876,25,67762.0,104162.0,68026.0,12.6,2,1,-1,-1,1,-1,0,3,3,3,4,-1,0
B04877,43,37072.0,218705.0,71848.0,3.0,3,0,0,0,1,0,0,0,-1,0,3,0,0
B04878,56,30000.0,145028.0,45622.0,4.3,1,-1,4,-1,-1,0,2,0,-1,-1,0,0,-1
B04879,47,39781.0,140505.0,29406.0,11.4,2,-1,0,0,0,0,-1,0,-1,0,2,3,-1
B04880,56,26410.0,43949.0,8446.0,4.7,1,-1,0,0,-1,-1,-1,-1,3,1,0,-1,-1
B04881,27,38088.0,86639.0,44627.0,3.4,0,0,2,4,4,1,2,2,4,-1,1,3,1
B04882,26,70408.0,369754.0,293804.0,3.9,0,4,4,0,-1,4,1,1,0,-1,3,4,3
B04883,49,30290.0,65589.0,20182.0,3.7,4,0,0,0,0,0,-1,-1,0,0,0,0,-1
B04884,63,39182.0,152400.0,42543.0,21.1,3,-1,1,2,-1,-1,0,0,-1,-1,-1,0,-1
B04885,48,47934.0,281428.0,80917.0,2.9,2,1,-1,3,4,0,3,2,-1,3,3,3,3
B04886,59,70760.0,277994.0,82374.0,6.9,2,2,-1,4,-1,-1,3,1,4,-1,3,1,4
B04887,28,36537.0,137589.0,11173.0,5.9,1,0,-1,0,0,1,-1,-1,-1,0,0,-1,-1
B04888,68,43575.0,172346.0,24662.0,3.0,4,-1,0,0,-1,3,-1,0,0,-1,0,0,0
B04889,41,48702.0,134709.0,64979.0,4.9,3,4,3,2,4,-1,2,4,1,0,3,2,2
B04890,53,62894.0,288664.0,179616.0,5.9,4,-1,0,-1,-1,4,3,2,3,3,3,-1,-1
B04891,59,83815.0,470068.0,43433.0,1.7,1,-1,0,-1,0,-1,-1,-1,0,0,0,0,4
B04892,21,30879.0,122578.0,41683.0,3.4,3,4,1,2,2,0,3,2,1,4,3,3,0
B04893,54,14985.0,48395.0,20922.0,7.6,2,-1,0,0,0,-1,-1,0,0,0,0,-1,0
B04894,32,30896.0,176086.0,126977.0,2.4,3,2,3,3,-1,1,3,3,2,3,3,2,3
B04895,64,32000.0,138419.0,82290.0,2.3,2,-1,0,0,3,4,-1,-1,1,0,3,0,0
B04896,49,61337.0,197695.0,142028.0,7.6,2,-1,0,2,0,0,-1,-1,-1,0,-1,0,-1
B04897,62,57369.0,202955.0,43126.0,6.6,1,0,0,0,-1,-1,0,-1,-1,0,0,-1,0
B04898,63,106810.0,600297.0,330800.0,6.2,1,4,3,4,4,4,1,3,2,2,2,0,2
B04899,51,95053.0,423659.0,222761.0,6.8,1,0,1,4,0,4,0,0,3,1,-1,0,1
B04900,61,28031.0,93185.0,63157.0,15.2,2,1,2,-1,3,-1,-1,-1,-1,2,0,0,-1
B04901,60,30715.0,109036.0,10281.0,2.5,1,-1,3,4,4,1,4,3,0,1,3,2,0
B04902,67,78466.0,348961.0,146183.0,3.9,4,-1,0,0,-1,0,0,-1,0,-1,0,-1,0
B04903,23,21863.0,53721.0,26813.0,17.8,2,-1,-1,0,-1,-1,0,-1,0,-1,-1,0,-1
B04904,27,48190.0,159404.0,53528.0,7.5,1,0,0,4,3,-1,4,1,-1,0,2,0,4
B04905,48,121456.0,552025.0,141652.0,4.7,0,0,0,0,-1,0,-1,0,0,-1,0,-1,-1
B04906,60,37270.0,169948.0,37527.0,5.6,1,-1,-1,-1,0,0,-1,-1,-1,0,0,0,0
B04907,59,23436.0,118357.0,26919.0,1.9,4,-1,1,4,2,4,4,2,3,4,2,4,3
B04908,51,42988.0,225306.0,64715.0,4.3,3,-1,1,-1,0,-1,2,0,1,0,-1,0,0
B04909,66,98486.0,435052.0,73087.0,3.4,2,4,1,2,3,1,1,1,1,4,0,0,3
B04910,23,19750.0,44535.0,4785.0,3.8,2,0,-1,4,1,2,4,2,0,4,-1,2,1
B04911,59,34167.0,195728.0,56625.0,5.2,2,3,3,1,4,4,3,1,0,4,4,3,3
B04912,22,21514.0,81210.0,11961.0,2.4,2,3,-1,0,1,0,-1,-1,0,0,0,-1,0
B04913,42,58250.0,138928.0,45683.0,6.6,4,-1,0,-1,0,-1,-1,-1,-1,0,3,-1,-1
B04914,69,64116.0,207800.0,177575.0,6.9,1,0,-1,0,4,2,-1,-1,0,2,-1,1,2
B04915,50,51777.0,259939.0,38471.0,1.3,1,3,3,3,3,1,4,3,-1,-1,0,3,0
B04916,34,65359.0,140935.0,103661.0,5.0,2,2,0,-1,4,3,0,0,-1,-1,0,0,-1
B04917,30,29119.0,118167.0,32871.0,0.7,2,3,4,1,4,1,2,1,4,0,2,1,-1
B04918,58,38323.0,125140.0,25759.0,8.8,2,-1,-1,-1,-1,0,0,0,0,-1,0,0,-1
B04919,23,48094.0,140801.0,33987.0,9.1,3,-1,-1,0,3,0,-1,1,0,0,1,0,-1
B04920,47,34602.0,197586.0,36827.0,6.5,4,-1,0,0,0,-1,-1,3,3,-1,0,-1,1
B04921,22,52062.0,186898.0,100418.0,4.1,1,0,0,-1,-1,-1,3,2,1,3,2,4,3
B04922,65,252297.0,1031033.0,139953.0,6.1,1,0,-1,0,0,0,-1,0,-1,-1,-1,0,3
B04923,24,37310.0,76006.0,45897.0,6.0,2,0,-1,-1,1,-1,-1,-1,0,0,-1,-1,-1
B04924,47,77703.0,143654.0,70690.0,11.5,1,-1,0,0,-1,0,3,0,2,2,0,0,0
B04925,42,24404.0,51653.0,8197.0,4.6,0,0,-1,-1,0,0,0,-1,-1,-1,0,-1,0
B04926,69,31059.0,102502.0,9334.0,2.6,3,0,0,-1,0,0,0,-1,0,-1,0,0,0
B04927,39,15626.0,61694.0,15662.0,7.0,0,-1,0,0,-1,0,0,0,-1,0,-1,0,-1
B04928,32,31776.0,130682.0,33385.0,6.0,2,-1,0,0,0,0,-1,0,0,-1,-1,0,0
B04929,26,26257.0,41403.0,4640.0,1.9,3,1,-1,0,3,4,3,4,0,0,2,1,4
B04930,57,76761.0,393434.0,254195.0,5.6,3,-1,-1,-1,0,-1,-1,0,0,-1,-1,-1,-1
B04931,27,28510.0,143515.0,92698.0,2.2,0,0,-1,-1,-1,0,-1,0,-1,0,0,-1,0
B04932,25,15607.0,62330.0,5306.0,3.8,2,1,4,3,2,2,1,0,2,4,4,3,4
B04933,34,25044.0,61786.0,34023.0,2.7,1,-1,0,0,0,0,2,3,4,4,-1,2,1
B04934,68,16982.0,66731.0,25185.0,3.9,3,2,2,3,3,1,2,2,2,1,2,2,1
B04935,23,116827.0,273430.0,222974.0,20.1,0,-1,2,-1,0,-1,-1,0,0,0,-1,-1,0
B04936,69,26344.0,100803.0,28602.0,4.7,4,2,0,1,0,1,0,3,3,-1,0,2,4
B04937,27,61112.0,168868.0,51270.0,4.2,0,-1,-1,1,1,-1,-1,3,3,0,2,4,1
B04938,51,57174.0,253440.0,83543.0,3.8,1,-1,-1,-1,0,0,0,-1,0,-1,0,0,0
B04939,48,37913.0,136240.0,19634.0,1.9,1,4,3,2,3,0,1,-1,3,1,-1,-1,0
B04940,69,19697.0,38419.0,14250.0,5.7,3,4,3,3,3,2,1,0,2,2,2,4,3
B04941,21,54868.0,116374.0,27403.0,2.8,4,-1,2,2,1,4,4,2,3,1,4,2,4
B04942,69,42475.0,84630.0,27723.0,16.5,2,0,-1,-1,-1,-1,-1,4,0,-1,-1,0,-1
B04943,31,12582.0,21337.0,5831.0,7.8,0,-1,0,0,-1,3,0,-1,0,0,4,2,1
B04944,43,18734.0,93123.0,33587.0,3.5,0,0,-1,-1,-1,-1,0,0,-1,0,-1,-1,0
B04945,39,21285.0,67992.0,44801.0,9.7,1,2,4,2,1,2,4,1,4,2,3,1,-1
B04946,28,80449.0,207710.0,90754.0,10.3,3,1,0,0,-1,0,1,2,-1,0,3,1,-1
B04947,43,63576.0,147140.0,65316.0,5.8,1,0,-1,0,-1,-1,-1,-1,0,0,1,-1,0
B04948,40,48937.0,240039.0,90375.0,6.7,3,-1,-1,-1,0,2,-1,4,-1,0,0,-1,0
B04949,28,19674.0,52331.0,31311.0,0.9,3,0,0,2,0,0,-1,0,-1,2,1,4,1
B04950,67,28741.0,54204.0,23144.0,7.2,2,4,0,0,0,-1,-1,-1,1,0,-1,-1,0
B04951,63,33885.0,189676.0,37977.0,1.8,2,-1,3,4,1,0,2,-1,-1,-1,-1,4,1
B04952,21,29612.0,134801.0,67433.0,0.8,0,-1,4,2,0,3,2,1,4,1,1,0,-1
B04953,69,38757.0,123820.0,66686.0,4.5,0,0,0,-1,-1,-1,0,0,0,-1,-1,-1,-1
B04954,41,29313.0,69875.0,16824.0,3.4,0,0,-1,0,-1,-1,0,-1,0,-1,-1,-1,0
B04955,23,35489.0,102063.0,17732.0,10.4,5,2,4,2,0,0,0,-1,1,1,0,3,4
B04956,35,41871.0,158041.0,85074.0,11.5,2,2,4,1,1,-1,-1,-1,0,0,-1,4,0
B04957,31,40353.0,97562.0,18542.0,3.1,3,1,3,2,1,4,4,1,4,0,4,2,-1
B04958,41,26684.0,150960.0,80567.0,3.3,2,-1,-1,0,-1,0,0,-1,0,0,2,0,-1
B04959,45,71063.0,358388.0,293699.0,13.9,0,-1,-1,0,0,-1,0,0,-1,0,-1,-1,0
B04960,28,34469.0,178829.0,46774.0,8.3,1,0,0,-1,1,1,4,0,-1,0,0,4,-1
B04961,28,54879.0,218797.0,32340.0,6.2,3,0,0,0,-1,-1,0,-1,0,-1,-1,-1,-1
B04962,25,69731.0,342609.0,30209.0,3.7,1,-1,-1,-1,2,-1,4,1,-1,-1,-1,-1,-1
B04963,25,51815.0,303086.0,154197.0,9.9,0,-1,0,0,0,0,0,-1,0,-1,-1,0,0
B04964,64,29136.0,124927.0,6286.0,9.9,2,3,4,1,3,1,-1,2,0,-1,-1,0,3
B04965,64,69860.0,170173.0,47015.0,4.0,4,3,0,0,-1,3,4,0,-1,0,0,-1,-1
B04966,40,65873.0,375637.0,158637.0,13.9,1,0,0,0,0,0,0,0,-1,-1,0,0,0
B04967,56,30443.0,93253.0,44632.0,15.3,0,0,0,-1,0,-1,0,0,-1,0,0,-1,-1
B04968,46,45802.0,242952.0,42636.0,2.4,1,-1,-1,-1,-1,-1,-1,0,-1,-1,-1,0,0
B04969,29,20348.0,63076.0,34006.0,1.9,2,1,1,1,0,2,0,0,-1,1,-1,-1,2
B04970,44,43486.0,222400.0,48343.0,2.1,1,3,2,3,3,1,2,4,3,2,4,0,3
B04971,69,180166.0,684794.0,303744.0,5.4,0,3,2,2,2,1,3,3,3,4,4,1,-1
B04972,25,48361.0,94499.0,26373.0,6.8,0,0,0,-1,-1,-1,-1,-1,0,0,0,0,0
B04973,28,36205.0,101235.0,80046.0,4.2,3,1,0,0,3,3,4,-1,-1,0,0,3,2
B04974,43,13381.0,24421.0,14055.0,4.7,1,0,-1,0,0,3,0,2,-1,0,3,0,0
B04975,38,39475.0,179532.0,77152.0,2.5,3,-1,0,-1,-1,0,0,0,0,0,-1,4,0
B04976,34,103814.0,302653.0,185892.0,3.7,2,0,0,-1,3,-1,-1,0,0,0,-1,3,0
B04977,60,118733.0,352694.0,83165.0,2.4,2,-1,0,-1,0,-1,0,-1,0,3,0,-1,0
B04978,47,24990.0,50549.0,5973.0,0.5,0,-1,0,-1,0,0,-1,-1,0,-1,-1,0,0
B04979,22,56058.0,302276.0,231586.0,2.6,0,1,3,3,4,2,4,1,1,3,2,1,1
B04980,25,45198.0,96285.0,23966.0,12.3,0,2,1,4,2,3,1,2,2,2,1,3,1
B04981,64,12802.0,49048.0,16245.0,3.2,0,-1,0,-1,0,0,-1,0,2,3,-1,-1,3
B04982,37,19977.0,39674.0,30188.0,7.4,3,3,3,0,-1,0,0,-1,2,0,0,0,-1
B04983,54,31568.0,110842.0,49194.0,3.9,3,1,0,-1,2,1,3,2,-1,0,4,2,-1
B04984,66,40804.0,104429.0,15064.0,1.1,4,0,-1,0,-1,-1,-1,0,-1,-1,0,-1,-1
B04985,68,47195.0,190207.0,72013.0,8.4,2,0,0,2,0,0,-1,3,-1,-1,0,-1,-1
B04986,66,32798.0,151067.0,38590.0,7.8,0,0,2,-1,3,1,-1,2,2,0,0,0,2
B04987,61,55793.0,236628.0,103685.0,12.9,6,0,0,0,4,-1,0,-1,-1,0,-1,0,0
B04988,32,33457.0,129961.0,67866.0,2.5,0,-1,-1,-1,0,-1,-1,-1,0,-1,0,0,-1
B04989,43,34039.0,148259.0,37068.0,5.4,5,-1,0,-1,-1,0,-1,-1,0,0,-1,0,-1
B04990,39,13886.0,38843.0,25177.0,7.1,3,0,0,0,0,0,4,-1,0,0,0,-1,-1
B04991,39,97219.0,570578.0,213381.0,7.3,3,-1,0,0,0,1,0,-1,-1,0,-1,0,2
B04992,58,48858.0,276102.0,170184.0,5.3,0,-1,0,0,-1,-1,0,-1,3,-1,0,4,-1
B04993,67,86038.0,167348.0,39665.0,4.3,2,0,0,2,0,0,-1,-1,-1,-1,0,0,1
B04994,49,84754.0,310517.0,130713.0,7.2,5,-1,0,4,4,4,1,0,2,-1,2,1,-1
B04995,60,55257.0,283763.0,38611.0,4.4,0,0,0,-1,0,-1,-1,0,0,-1,-1,-1,0
B04996,36,64056.0,368041.0,89794.0,7.9,2,-1,-1,0,0,-1,0,0,0,0,0,4,4
B04997,30,73189.0,338393.0,89402.0,6.5,1,1,0,0,1,0,0,-1,0,1,0,-1,-1
B04998,63,53136.0,196332.0,126798.0,8.7,1,0,-1,2,-1,-1,0,-1,0,0,-1,-1,0
B04999,30,57267.0,139322.0,55774.0,2.9,1,0,0,2,2,0,2,1,-1,3,1,0,1
B05000,43,30050.0,67198.0,8376.0,0.5,1,0,-1,0,3,-1,0,-1,-1,0,0,-1,-1
